Employee_ID,Name,Age,Gender,Department,Job_Role,Education_Level,Years_of_Experience,Monthly_Salary_USD,Work_Hours_Per_Week,Projects_Completed,Training_Hours,Attendance_Rate,Job_Satisfaction_Score,Performance_Score,Performance_Rating,Promotion_Last_Year
0,7357,50,1,5,3,2,24,131090,55,19,74,83.78,9.59,100,1,1
1,9354,43,0,3,1,1,19,115658,31,21,32,79.13,9.91,89.56,1,1
2,998,49,1,4,1,0,26,131606,59,19,54,99.5,9.9,100,1,1
3,8901,42,0,3,5,0,22,113483,43,18,8,70.48,9.22,100,1,1
4,6513,28,0,6,2,0,5,73417,46,4,49,89.88,5.67,76.31,2,1
5,2920,50,0,3,0,3,24,85851,59,4,13,91.82,6.22,80.58,2,1
6,3622,42,0,6,3,2,15,62695,55,13,40,78.89,6.33,76.94,2,1
7,4283,32,1,0,2,2,10,112256,56,5,40,97.45,8.45,72.88,2,1
8,1181,44,0,0,4,0,19,105453,51,3,64,81.49,8.46,76.77,2,1
9,3456,30,1,1,4,0,4,66374,48,7,51,86.9,7.6,71.79,2,1
10,3969,50,1,6,2,1,27,159163,51,2,41,94.24,10,98.14,1,1
11,356,41,1,1,4,1,16,49474,36,1,0,76.84,5.84,61.31,0,1
12,619,29,1,5,5,0,7,158840,39,12,23,98.29,6.99,90.16,1,1
13,4198,33,1,0,5,2,8,128623,46,24,58,88.29,10,100,1,1
14,6661,54,0,1,3,0,34,102688,55,6,31,87.78,9.04,97.28,1,1
15,8121,59,0,1,1,0,32,105708,40,16,15,95.06,9.43,100,1,1
16,9250,24,0,3,2,0,1,161295,32,19,19,89.36,8.12,90.37,1,1
17,1457,39,1,3,5,0,12,106371,47,23,30,96.32,8.77,100,1,1
18,6749,23,1,3,3,0,3,94499,56,23,8,78.37,10,98.21,1,1
19,5209,45,1,3,2,2,20,78360,37,4,37,90.07,7.9,67.34,0,0
20,4568,50,0,1,0,0,29,176831,32,16,60,76.73,10,100,1,1
21,4748,41,1,6,2,2,14,169909,30,16,75,85.26,10,96.38,1,1
22,4602,59,0,0,2,0,35,164543,50,1,27,90.07,9.47,89.65,1,1
23,2274,40,0,2,5,0,17,156235,57,14,5,81.1,8.85,89.24,1,1
24,6277,54,0,5,5,0,31,146958,32,18,24,81.84,10,100,1,1
25,1566,48,1,2,5,1,27,140993,40,22,47,86.58,8.31,100,1,1
26,5196,46,0,1,5,1,19,177922,42,20,64,72.13,9.87,100,1,1
27,2281,44,1,1,1,0,18,170135,54,22,57,95.81,8.12,100,1,1
28,361,26,0,5,4,0,1,35177,44,3,54,74.15,3.06,50.51,3,0
29,1001,47,0,4,5,0,23,65237,50,1,57,97.46,7.51,78.54,2,0
30,1735,22,0,6,3,2,1,174664,58,23,66,77.43,9.29,100,1,1
31,1968,50,0,6,5,0,25,152752,43,20,68,84.23,9.07,100,1,1
32,5755,51,1,1,1,0,27,101975,33,2,51,81.24,10,81.79,2,0
33,7046,25,1,6,0,0,1,65052,57,20,23,90.32,8.5,82.98,2,1
34,6571,58,1,2,0,0,35,115351,41,13,11,73.02,10,100,1,1
35,339,50,1,4,0,2,29,97543,38,7,67,90.79,9.82,100,1,1
36,4516,57,0,2,4,3,37,127841,34,9,23,94.21,10,100,1,1
37,8650,53,1,5,4,1,26,140517,52,13,22,92.64,10,100,1,1
38,3632,34,1,3,4,0,12,122307,38,19,75,80.65,10,100,1,1
39,5072,40,1,5,3,2,19,99348,41,20,52,93.75,9.99,100,1,1
40,5741,56,1,0,0,2,30,111677,41,9,73,95.11,10,100,1,1
41,3805,34,0,1,2,0,7,77080,31,5,28,72.55,5.6,60.81,0,0
42,8213,57,0,0,3,2,32,94748,51,7,73,97.19,9,100,1,1
43,8872,49,1,3,3,0,24,94299,38,7,0,90.43,6.6,80.2,2,1
44,28,54,1,1,4,0,29,161726,42,15,20,71.3,8.93,100,1,1
45,7024,35,0,5,1,0,9,119703,32,16,56,97.46,9.4,96.33,1,1
46,8532,49,0,1,4,0,26,98088,57,5,40,77.8,7.81,78.64,2,1
47,7065,41,0,5,3,2,17,113793,32,6,68,88.4,9.13,92.6,1,1
48,4064,26,0,4,5,0,1,162474,44,17,10,87.82,9.15,92.34,1,1
49,7139,34,1,0,5,0,14,170642,45,23,5,90.75,10,100,1,1
50,832,44,1,1,0,2,20,147091,46,21,77,76.15,9.06,100,1,1
51,4353,22,1,1,4,2,2,92049,37,7,25,84.94,7.12,72.07,2,0
52,8158,26,0,2,5,1,1,143682,60,15,22,92.65,9.73,88.54,1,1
53,2471,59,0,4,0,0,32,132318,47,15,50,97.12,7.83,100,1,1
54,6818,51,1,2,3,2,25,95569,33,10,55,95.26,9.52,100,1,1
55,3101,34,1,0,2,2,9,148243,54,23,54,87.54,9.19,100,1,1
56,4997,25,1,0,2,0,1,113061,47,19,18,94.65,7.62,89.18,1,1
57,2335,42,0,2,4,0,17,70488,43,2,48,85.1,8,79.53,2,1
58,7897,43,1,0,3,2,17,40302,55,4,0,72.54,5.85,58.1,0,0
59,8435,43,0,6,1,2,18,108030,31,13,25,71.1,8.01,89.96,1,1
60,6243,44,0,3,3,2,19,41062,55,6,14,73.15,6.82,62.41,0,0
61,4635,43,1,2,5,2,22,113358,49,4,9,93.68,7.49,74.95,2,0
62,6731,29,1,0,0,0,2,47260,34,6,51,89.38,6.05,51.08,3,0
63,391,27,1,5,1,1,3,68746,35,6,3,95.52,6.77,58.65,0,0
64,3933,27,0,4,2,0,2,66469,54,2,78,86.05,7.39,74.76,2,0
65,6344,25,0,3,5,0,3,36988,44,1,13,78.66,4.27,40,3,0
66,8791,24,1,1,3,0,4,59216,39,12,1,79.67,7.17,64.12,0,1
67,2935,36,1,0,1,2,9,160792,46,5,61,92.38,9.08,92.26,1,1
68,4935,55,0,2,1,0,32,176740,58,8,10,93.86,8.71,91.43,1,1
69,1883,58,0,4,0,0,34,129711,33,13,41,81.77,10,100,1,1
70,5182,59,1,6,5,2,39,157506,46,1,65,86.31,10,100,1,1
71,1393,27,0,0,0,0,2,141356,49,15,28,84.86,10,90.57,1,1
72,5711,59,1,5,2,0,39,145180,30,4,65,92.87,10,100,1,1
73,358,52,0,3,3,3,26,129666,34,15,67,91.67,10,100,1,1
74,4652,57,0,0,3,2,34,92443,40,10,37,76.82,9.08,96.87,1,1
75,7726,47,1,1,5,0,23,155310,44,8,59,87.79,10,100,1,1
76,679,30,0,4,5,0,5,153374,40,23,0,73.4,10,95.65,1,1
77,7100,42,0,2,0,0,16,163509,54,21,25,80,7.68,100,1,1
78,7079,23,1,1,2,0,1,79956,40,12,50,77.45,7.31,70.37,2,0
79,6798,50,0,1,4,0,24,114917,50,17,70,99.27,8.37,100,1,1
80,7277,49,0,2,5,1,23,149676,42,23,50,76.3,10,100,1,1
81,2618,50,1,0,0,3,25,101485,43,19,46,85.83,10,100,1,1
82,1636,59,1,2,3,0,37,171974,36,3,31,78.17,10,91.79,1,1
83,4815,49,1,5,5,2,22,63300,52,3,58,85.17,8.33,73.22,2,1
84,6646,54,0,1,2,0,31,176925,53,14,31,95.67,10,100,1,1
85,1271,52,1,6,0,1,26,98705,30,23,18,73.68,10,100,1,1
86,3641,22,1,0,0,2,1,43192,31,3,11,94.92,4.82,54.94,3,0
87,5979,55,0,3,0,0,31,127599,41,24,73,86.97,10,100,1,1
88,8390,38,0,4,5,0,17,145961,31,13,24,77.74,8.45,86.34,1,1
89,7081,50,0,5,2,2,26,168411,47,21,41,87.3,8.3,100,1,1
90,5698,44,1,5,2,0,20,87529,60,6,39,77.52,9.66,73.67,2,0
91,1122,47,0,1,1,0,23,147492,31,22,64,72.48,10,100,1,1
92,6426,32,1,3,5,0,5,115364,36,8,53,84.28,8.08,78.99,2,1
93,4789,57,1,0,4,0,31,164666,46,13,72,93.13,10,100,1,1
94,7884,46,0,1,3,0,20,91341,41,19,11,80.83,9.77,100,1,1
95,3299,37,1,6,3,2,10,167454,52,5,79,95.48,7.18,88.38,1,1
96,2023,47,0,6,0,1,27,127198,36,17,22,86.67,9.72,100,1,1
97,6847,28,1,1,2,0,8,179613,58,18,38,83.65,10,100,1,1
98,529,52,0,3,3,0,25,116846,32,5,42,80.2,8.15,80.11,2,0
99,3662,25,1,5,0,2,1,156081,45,13,41,96.3,6.17,85.4,1,1
100,4177,51,0,5,0,1,29,163972,32,7,45,80.52,10,88.92,1,1
101,246,37,0,2,0,0,10,64951,54,7,4,91.97,6.63,67.61,0,0
102,6406,25,1,2,5,0,4,133001,43,15,72,73.28,8.82,90.91,1,1
103,9073,58,1,3,1,0,34,171470,53,14,10,97.11,9.34,100,1,1
104,6978,31,1,1,5,0,9,43832,55,3,5,94.02,5.25,46.82,3,0
105,8635,56,0,5,2,1,33,144028,32,18,61,99.89,10,100,1,1
106,887,46,1,5,0,1,26,178801,38,24,66,78.19,9.97,100,1,1
107,2194,33,1,2,3,3,12,69125,56,2,78,70.15,6.6,64.99,0,0
108,2576,34,0,2,0,0,11,176231,42,19,57,87.14,10,100,1,1
109,7026,40,1,2,2,2,13,176206,45,9,12,95.11,10,97.79,1,1
110,671,48,1,5,2,0,23,126509,55,19,30,94.77,9.17,100,1,1
111,357,52,1,4,3,3,31,124832,41,7,65,78.61,10,100,1,1
112,2131,52,0,5,2,2,31,91435,35,19,29,70.55,9.76,100,1,1
113,3617,36,0,4,4,2,11,163609,33,18,67,79.03,10,100,1,1
114,8263,22,0,0,0,2,1,117083,43,15,28,83.38,10,95.62,1,1
115,7993,28,1,4,2,0,4,179186,55,23,25,74.77,9.95,100,1,1
116,8934,34,1,6,3,0,14,112042,40,20,31,72.47,10,100,1,1
117,5,24,1,3,3,1,4,95626,44,16,58,98.94,10,100,1,1
118,6472,22,1,6,0,1,1,79994,32,17,24,91.45,10,74.32,2,0
119,1752,46,0,6,2,0,26,90526,47,20,70,88.79,10,100,1,1
120,9289,46,0,2,1,0,21,45109,49,4,8,76.02,6.55,65.68,0,0
121,1702,23,0,5,5,0,1,141195,50,18,63,81.87,10,100,1,1
122,3992,59,0,4,2,0,39,138787,38,17,75,99.6,8.84,100,1,1
123,8559,54,1,1,4,2,33,75525,31,1,32,96.48,6.38,74.86,2,1
124,758,36,0,3,5,0,15,93320,40,3,5,87.84,9.3,77.73,2,0
125,2694,29,0,4,4,2,2,164137,44,7,74,96.84,10,100,1,1
126,3967,24,1,1,1,2,1,92356,47,22,11,77.41,8.27,87.95,1,1
127,8438,53,1,4,0,0,31,135500,51,5,55,99.24,10,100,1,1
128,7260,50,1,2,4,0,25,115963,59,21,30,82.48,10,100,1,1
129,301,41,0,2,2,0,18,119426,38,4,65,87.93,10,92.86,1,1
130,4018,33,1,5,5,2,11,95133,55,8,41,77.13,8.56,73.86,2,1
131,1662,35,1,3,0,2,8,81927,35,17,27,77.74,9.03,78.71,2,1
132,3945,57,0,6,2,0,33,109816,32,22,13,79.93,9.41,100,1,1
133,2242,22,1,0,4,0,1,99847,54,22,27,71.1,10,97.63,1,1
134,7641,49,1,3,2,1,23,117420,49,18,77,71.71,10,100,1,1
135,860,22,1,5,3,0,1,45398,34,1,50,71.25,4.9,44.44,3,0
136,2411,52,0,1,4,2,25,100225,49,23,44,74.31,10,100,1,1
137,2461,42,1,5,1,2,22,171040,44,22,46,90.78,10,100,1,1
138,4867,47,1,2,4,1,20,109508,37,14,67,90.3,8.86,100,1,1
139,3199,26,0,3,0,0,6,79614,35,9,32,82.21,7.72,72.98,2,0
140,2561,25,0,4,4,0,4,61367,48,6,12,93.93,7.51,77.68,2,1
141,2002,28,0,2,4,0,8,98927,36,15,20,81.41,10,100,1,1
142,2222,56,0,0,2,0,33,96471,43,14,73,92.78,10,100,1,1
143,9030,23,1,5,0,1,1,116966,41,5,47,87.41,9.34,86.13,1,1
144,6588,27,1,0,2,2,2,98906,50,23,79,89.42,10,100,1,1
145,4953,36,0,4,2,1,13,116463,43,4,51,90.1,9.21,84.41,2,1
146,5869,51,0,5,4,0,30,93654,54,11,6,90.43,8.67,100,1,1
147,3040,57,1,6,1,0,34,113669,41,24,44,88.99,10,100,1,1
148,6170,42,1,1,5,2,17,124084,39,24,41,97,9.31,100,1,1
149,534,25,1,3,4,2,4,154174,39,18,18,88.72,8.76,100,1,1
150,2221,56,1,6,3,1,33,147993,51,16,36,89.26,10,100,1,1
151,4086,30,1,2,1,2,5,41543,31,3,6,90.85,2.09,40,3,0
152,7815,40,0,1,3,2,17,42472,33,8,35,75.76,6.09,67.97,0,0
153,386,34,0,3,3,3,14,135113,56,21,7,96.4,10,100,1,1
154,5308,24,0,6,4,2,1,104843,35,17,34,91.92,8.37,84.22,2,1
155,4537,26,1,6,5,2,2,47446,45,10,61,82.68,6.34,68.36,0,0
156,4837,26,1,3,5,1,3,166559,59,21,69,77.71,10,100,1,1
157,8336,33,0,5,1,0,8,174416,30,23,65,81.43,9.28,100,1,1
158,3217,32,0,6,0,0,10,154612,47,23,5,97.58,10,100,1,1
159,3667,33,1,4,0,0,7,130461,32,24,29,91.64,9.55,100,1,1
160,7201,30,0,1,2,0,4,164520,32,18,77,99.27,10,100,1,1
161,7064,54,0,2,1,2,31,138244,51,14,51,85.08,9.69,100,1,1
162,4009,55,1,3,5,0,28,164270,33,13,59,93.3,9.03,100,1,1
163,6440,35,0,3,1,0,12,113889,58,11,1,89.51,8.72,72.25,2,1
164,6721,52,1,6,2,0,25,113291,32,21,72,93.48,9.44,100,1,1
165,4416,54,1,2,3,2,31,132468,57,20,51,89.67,10,100,1,1
166,6902,56,1,4,1,2,30,163294,34,22,4,70.33,7.41,100,1,1
167,8820,42,1,6,3,2,21,143744,42,21,52,94.05,10,100,1,1
168,1442,32,0,6,3,0,6,44056,59,4,33,79.74,6.87,51.59,3,0
169,6538,50,0,1,3,1,27,139723,42,17,63,93.61,8.88,100,1,1
170,2974,50,0,1,4,3,30,163616,50,11,33,81.59,9.44,97.12,1,1
171,3585,44,1,5,4,1,17,47788,52,5,7,71.25,6.1,65.52,0,0
172,8072,56,0,3,3,0,29,166295,55,14,10,99.12,8.22,100,1,1
173,3267,31,1,3,5,0,6,52504,37,8,24,99.28,6.03,69.15,0,0
174,7627,31,0,0,0,0,7,147866,42,21,31,92.44,10,100,1,1
175,1980,31,1,1,5,0,5,93453,37,14,21,78.21,8.52,80.09,2,1
176,1264,42,0,4,5,2,20,104571,38,15,17,89.08,10,100,1,1
177,9180,53,1,4,2,0,31,134638,51,13,1,73.95,10,100,1,1
178,5149,36,0,3,3,0,14,76406,40,5,60,92.3,8.4,81.58,2,0
179,2317,46,0,1,0,0,19,69545,37,1,4,96.44,5.37,59.88,0,0
180,6382,46,1,4,2,2,25,100805,31,9,12,86.16,9.56,94.76,1,1
181,3175,33,1,2,0,0,13,113762,54,20,74,92.69,10,100,1,1
182,9047,58,0,5,4,0,37,149796,39,24,25,81.75,9.25,100,1,1
183,1552,31,1,3,5,0,6,113225,49,17,70,84.43,10,100,1,1
184,1689,25,0,1,1,2,1,152539,48,19,48,89.09,9.18,100,1,1
185,2830,51,0,6,4,2,30,123937,48,16,44,74.42,8.13,100,1,1
186,7982,49,0,2,4,2,27,117742,42,1,16,89.13,7.05,70.64,2,1
187,3498,35,0,2,0,0,12,96397,34,20,60,99.39,9.14,100,1,1
188,3629,27,1,0,3,1,7,42096,39,3,45,76.77,3.4,56.25,0,0
189,3840,26,1,3,1,0,3,103493,36,18,34,83.11,10,98.56,1,1
190,5552,52,0,3,3,2,29,163997,53,12,29,71.09,8.39,93.41,1,1
191,3181,31,1,6,0,0,4,75892,42,6,43,74.69,9.58,75.47,2,1
192,6479,54,0,6,0,0,32,167465,53,11,19,73.84,10,98.45,1,1
193,3566,35,1,5,0,0,15,119055,32,23,36,86.96,9.96,100,1,1
194,7679,33,1,2,0,0,13,97521,33,10,70,90.51,9.82,97.85,1,1
195,8464,49,1,6,1,2,28,173457,46,2,69,76.78,10,94.8,1,1
196,5956,43,0,1,0,0,16,120651,45,19,38,86.36,9.27,100,1,1
197,4031,31,0,6,5,0,9,95774,36,21,19,86.35,10,100,1,1
198,5675,42,1,3,1,1,16,132951,58,9,39,99.55,8.23,89.69,1,1
199,5968,54,1,4,4,0,33,123243,54,18,42,93.27,10,100,1,1
200,3294,57,1,6,5,2,33,127711,44,16,41,83.43,10,100,1,1
201,5297,24,0,1,2,1,1,47071,35,1,0,71,3.21,40.05,3,0
202,5013,58,1,4,1,2,35,132870,38,12,10,85.16,10,100,1,1
203,7753,42,0,3,4,2,17,178708,55,23,26,90.61,10,100,1,1
204,1043,56,0,2,4,0,32,116475,47,6,59,79.43,9.88,100,1,1
205,5153,30,0,4,2,0,6,119042,57,16,20,73.39,7.52,79.84,2,1
206,2230,39,1,6,1,2,18,127346,34,12,10,95.31,9.03,87.34,1,1
207,3250,49,0,2,4,0,23,161906,30,8,62,80.21,9.29,88.62,1,1
208,2511,35,1,6,5,1,12,157990,57,13,78,77.81,10,99.39,1,1
209,7878,48,0,4,1,0,27,113383,50,8,61,81.41,9.91,100,1,1
210,7533,35,1,4,5,1,14,168610,43,19,2,92.62,9.47,100,1,1
211,4180,35,0,5,4,2,8,101240,46,9,63,87.02,9.45,100,1,1
212,5095,35,0,0,4,2,10,69277,37,2,40,99.67,9.78,75.31,2,0
213,1641,51,1,4,0,2,28,162692,60,21,68,77.57,8.48,100,1,1
214,6314,30,0,0,5,0,6,41851,53,1,7,85.52,3.31,40,3,0
215,921,36,0,3,3,0,16,108230,37,21,50,83.36,10,100,1,1
216,8720,28,1,4,4,0,5,122327,32,22,65,78.15,9.98,100,1,1
217,7120,44,1,2,0,0,19,84000,58,12,5,71.37,6.66,73.55,2,1
218,1083,56,0,5,4,0,29,107087,46,13,60,70.17,9.42,100,1,1
219,5612,30,0,2,5,0,3,170650,50,19,58,85.22,10,100,1,1
220,286,40,1,4,3,0,18,162124,37,12,18,82.33,9.74,92.3,1,1
221,1942,54,1,3,0,2,30,113377,37,14,29,77.73,9.39,100,1,1
222,8051,39,0,2,4,2,18,114306,34,19,27,86.49,10,100,1,1
223,4413,36,1,6,3,1,16,106619,39,2,50,87.81,8.63,78.76,2,1
224,2164,27,1,5,1,2,5,31856,45,8,1,70.35,4.14,47.9,3,0
225,4995,36,1,4,5,1,15,126268,60,23,23,89.57,10,100,1,1
226,5743,30,0,4,4,1,6,56743,31,3,66,95.73,7.54,67.29,0,0
227,3374,53,0,4,4,0,32,129332,30,24,38,85.35,8.97,100,1,1
228,8777,22,0,0,3,1,2,71120,57,18,34,80.22,7.74,84.51,2,0
229,2036,26,0,3,4,0,1,34652,30,4,49,84.57,4.85,53.23,3,0
230,8598,25,0,4,2,0,4,42169,56,10,50,70.7,8.31,67.08,0,1
231,7868,58,0,3,0,1,36,149500,38,17,28,78.65,10,100,1,1
232,3997,53,1,5,3,2,26,154386,46,13,33,75.05,9.51,100,1,1
233,1733,55,1,1,5,2,28,120654,43,12,20,98.99,10,100,1,1
234,8573,45,1,6,0,0,21,134695,33,19,16,92.04,8.8,100,1,1
235,123,40,1,3,3,2,16,86421,34,4,18,73.97,8.95,73.9,2,1
236,2570,33,1,0,4,0,8,150011,46,24,19,84,10,100,1,1
237,5597,53,0,1,4,2,28,158344,40,1,61,92.85,7.36,97.75,1,1
238,3314,38,0,0,0,1,16,172035,48,15,3,94.2,9.99,100,1,1
239,664,38,1,0,1,3,18,93905,56,5,12,99.15,7.34,82.06,2,1
240,917,50,0,4,0,2,25,148653,59,21,79,94.59,9.13,100,1,1
241,4489,51,1,1,0,1,25,176156,37,7,29,70.43,9.44,89.22,1,1
242,2821,29,0,2,5,3,5,45743,32,2,62,72.66,4.61,46.37,3,0
243,4420,25,0,0,2,0,1,72449,32,14,59,87.31,8.22,78.83,2,0
244,6172,37,1,1,0,0,12,160263,53,15,30,76.97,9.21,98.37,1,1
245,7106,48,1,5,5,0,23,120750,38,21,12,88.1,8.69,100,1,1
246,7221,38,0,4,0,2,12,79323,33,8,53,72.15,7.34,65.53,0,0
247,298,45,1,6,4,2,19,127713,56,23,7,78.14,9.55,95.8,1,1
248,5074,55,1,3,5,0,29,152551,54,17,25,91.45,10,100,1,1
249,9078,29,0,3,5,0,9,95571,58,11,64,73.9,9.19,90.01,1,1
250,6712,57,1,5,2,1,36,129129,35,16,55,98.92,9.42,100,1,1
251,1432,50,1,2,0,1,30,144040,52,21,20,96.27,9.17,100,1,1
252,7542,51,0,0,2,0,31,177592,34,10,16,80.8,10,96.4,1,1
253,5103,56,0,4,2,0,30,171423,38,7,12,82.5,9.7,93.96,1,1
254,3612,30,1,4,1,1,10,137377,33,13,44,71.08,8.5,86.62,1,1
255,7663,24,0,3,3,1,1,100293,37,22,53,87.38,10,100,1,1
256,53,31,0,5,0,0,7,77058,42,5,23,95.15,7.46,73.79,2,1
257,1723,59,1,3,3,1,39,133791,54,4,59,81.93,10,100,1,1
258,6780,38,0,3,2,0,11,88038,50,10,58,81.48,7.76,82.33,2,1
259,6187,46,1,6,4,2,26,146547,59,12,15,87.04,10,99.95,1,1
260,4212,30,0,2,5,1,3,93870,37,13,58,79.09,6.78,84.22,2,1
261,2871,47,0,2,3,1,24,128458,49,18,74,98.88,9.35,100,1,1
262,6119,47,1,2,0,2,24,97006,39,13,10,99.45,10,100,1,1
263,7030,49,0,2,4,0,27,101033,53,22,59,86.16,9.62,100,1,1
264,4362,26,1,0,1,2,3,87076,47,6,26,92.83,7.3,74.46,2,0
265,2229,43,1,1,1,0,18,53979,60,3,5,83.37,6.46,60.87,0,0
266,4947,37,0,0,0,1,14,94064,54,12,10,83.77,8.93,76.11,2,0
267,8871,37,0,5,0,1,16,87691,59,4,64,83.75,8.49,80.77,2,1
268,8919,31,1,3,0,0,8,95722,40,21,41,79.65,10,100,1,1
269,6921,43,0,5,2,0,19,143574,42,13,9,97.04,10,100,1,1
270,4474,24,1,4,2,0,1,112160,46,7,77,88.66,8.65,70.41,2,1
271,4543,47,1,6,0,1,23,94540,40,9,4,71.08,8.17,83.55,2,1
272,2996,25,1,0,3,2,1,135607,41,19,18,74.31,9.28,94.29,1,1
273,4341,26,0,6,0,2,2,150315,44,18,7,75.58,8.92,93.39,1,1
274,2978,48,1,0,3,0,25,174995,32,15,23,94.8,10,100,1,1
275,3828,24,0,6,3,1,3,122252,49,23,68,81.75,10,100,1,1
276,1194,27,1,6,1,2,3,135475,58,20,2,96.48,8.92,98.3,1,1
277,1119,26,0,1,1,0,2,67214,34,16,26,78.14,6.72,75.4,2,0
278,6033,37,0,4,3,2,10,164704,46,16,58,82.43,8.25,100,1,1
279,1073,32,0,2,5,0,5,132712,45,20,24,73.9,10,100,1,1
280,3058,57,0,1,2,1,37,109873,30,15,22,73.75,10,100,1,1
281,4548,50,0,4,4,0,30,143312,50,3,62,92.94,10,97.89,1,1
282,1160,38,0,3,4,0,16,169747,46,19,42,95.17,10,100,1,1
283,2213,45,1,4,5,2,23,157391,46,8,64,79.27,9.67,97.14,1,1
284,9058,56,0,0,2,0,34,176328,54,20,67,88.75,9.44,100,1,1
285,3458,58,0,6,2,0,31,90112,45,23,50,70.36,10,100,1,1
286,8175,33,0,5,2,0,8,71802,46,6,4,91.98,6.38,65.31,0,0
287,8584,40,1,1,1,0,15,69741,36,4,32,89.25,9.66,82.16,2,0
288,673,50,1,1,0,1,23,91988,54,8,61,85.56,8.86,97.84,1,1
289,4280,39,1,2,2,2,18,45755,41,7,2,76.16,5.85,59.8,0,0
290,5615,59,1,6,2,0,34,116990,44,6,19,78.92,9.19,100,1,1
291,4413,23,0,4,2,2,1,96963,44,10,72,91.2,8.91,79.8,2,1
292,3778,23,1,0,0,0,1,174381,39,21,78,76.39,10,100,1,1
293,5459,46,0,2,3,0,22,171132,36,17,8,83.51,10,100,1,1
294,7774,53,0,4,5,0,26,150686,47,22,49,72.78,10,100,1,1
295,1671,25,1,0,0,2,1,100278,53,17,42,89.13,8.96,99.33,1,1
296,8957,44,1,6,5,2,18,87586,43,5,42,77.43,7.57,82.88,2,1
297,6168,54,0,4,0,2,32,90869,35,19,35,97.98,10,100,1,1
298,7345,22,0,4,2,2,1,175947,39,17,72,76.19,10,92.62,1,1
299,1211,49,0,2,0,1,29,173961,56,21,1,88.91,8.98,100,1,1
300,9324,57,0,5,4,2,36,131094,31,22,10,87.97,8.69,100,1,1
301,5672,45,0,2,2,0,22,125529,35,18,0,97.72,9,100,1,1
302,6993,49,1,0,3,2,25,147620,49,19,34,94.18,8.01,100,1,1
303,2907,45,0,4,3,3,25,149500,43,10,48,85.17,9.15,100,1,1
304,6487,56,0,4,3,0,30,141925,52,17,75,95.76,10,100,1,1
305,4848,30,0,6,3,0,6,131605,43,20,22,82.89,10,100,1,1
306,5052,39,1,2,1,0,14,84690,59,11,31,96.73,6.97,82.29,2,1
307,3001,30,1,4,1,2,9,98328,48,22,14,92.48,10,100,1,1
308,7629,54,0,0,0,1,29,91920,44,10,64,76.11,8.04,100,1,1
309,31,55,1,5,5,2,31,105810,58,7,25,85.37,9,94.22,1,1
310,2451,28,1,5,5,2,7,126468,59,17,42,72.07,8.89,100,1,1
311,7787,53,0,2,1,0,32,166274,38,24,55,95.08,10,100,1,1
312,8642,28,1,0,0,2,3,113185,42,15,2,70.4,7.72,87.96,1,1
313,4969,23,1,4,4,0,1,96945,54,8,35,95.44,7.37,73.31,2,1
314,8146,36,1,0,0,1,13,117197,32,19,2,80.52,8.41,85.97,1,1
315,828,25,1,0,0,0,3,63675,40,11,1,89.85,6.96,69.71,0,1
316,3154,36,0,2,0,0,9,134386,34,16,44,80.51,10,100,1,1
317,3336,58,1,5,2,2,36,166674,57,9,5,92.5,10,100,1,1
318,2638,42,1,1,3,2,15,150935,51,10,75,84.22,10,93.71,1,1
319,2620,23,1,1,4,1,1,47485,44,16,1,74.01,4.22,62.96,0,0
320,8278,59,0,4,2,0,39,60922,58,1,44,94.78,7.98,82.77,2,1
321,3593,43,0,6,4,2,22,106544,52,23,69,93.6,10,100,1,1
322,7204,49,0,6,1,0,22,175679,58,21,34,94.73,10,100,1,1
323,965,27,1,0,3,1,7,128437,37,13,17,95.35,7.41,89.43,1,1
324,2428,48,0,5,2,1,25,166234,58,10,66,99.93,9.76,100,1,1
325,6450,42,0,4,4,0,20,108483,50,3,37,70.51,7.96,74.77,2,1
326,1035,36,0,0,2,2,9,98210,34,21,9,81.72,9.14,97.41,1,1
327,3063,23,0,2,4,0,2,158798,48,23,23,81.37,8.49,100,1,1
328,6410,26,0,1,4,0,4,112113,46,10,37,87.79,7.67,83.27,2,1
329,6096,39,1,5,4,1,12,70066,52,9,58,90.91,9.09,82.26,2,0
330,6261,28,0,3,1,0,5,176795,47,15,45,75.09,10,100,1,1
331,2107,41,0,3,0,1,16,114519,42,13,65,87.18,9.8,100,1,1
332,4187,43,1,1,1,0,20,179132,49,20,54,96.49,10,100,1,1
333,7475,48,1,6,5,3,24,146583,48,20,36,96.92,10,100,1,1
334,8419,36,0,4,4,2,10,177985,36,21,11,94.51,9.25,100,1,1
335,2773,28,0,0,4,0,5,147124,35,24,9,72.24,7.46,100,1,1
336,6657,29,0,6,2,0,2,172956,37,24,59,94.8,8.7,100,1,1
337,3087,53,1,4,4,0,30,100335,47,6,21,84.54,8.21,100,1,1
338,7209,26,0,4,2,2,1,120134,45,23,16,83.25,10,100,1,1
339,4600,55,1,2,0,0,35,176694,41,8,16,95.87,8.07,100,1,1
340,8815,34,1,3,0,2,14,107618,50,18,76,92.25,8.44,99.13,1,1
341,948,28,1,1,4,1,8,73900,54,8,12,96.7,8.63,72.89,2,1
342,1521,47,1,3,4,2,22,140818,37,13,31,78.38,9.78,100,1,1
343,2485,55,0,5,1,0,28,176402,52,8,61,74.29,9.49,100,1,1
344,7191,33,0,5,3,2,13,71669,49,9,30,76.55,8.39,78.49,2,0
345,4205,41,1,4,4,2,18,176124,30,15,76,72.81,9.97,100,1,1
346,2585,44,1,0,0,2,19,172806,56,13,38,70.19,10,96.73,1,1
347,296,23,1,2,1,0,1,76526,42,18,12,90.23,8.87,82.17,2,0
348,1881,31,0,6,4,2,8,94574,30,20,8,95.18,7.91,82.16,2,1
349,5394,35,0,0,1,2,15,82800,30,11,41,81.76,8.3,79.4,2,1
350,6707,50,0,6,1,2,26,176242,47,6,36,92.48,9.32,94.57,1,1
351,1174,32,1,0,0,0,5,91051,37,19,27,87.92,9.43,88.8,1,1
352,2389,23,0,0,4,1,1,125944,51,17,42,80.19,9.52,100,1,1
353,980,57,0,0,0,0,31,122551,32,14,55,83.28,8.75,100,1,1
354,295,54,0,1,4,1,28,166524,41,9,15,91.3,8.26,95.21,1,1
355,8959,46,0,1,1,2,20,159783,39,9,25,89.43,8.08,86.35,1,1
356,4508,26,0,2,2,2,4,167963,38,21,43,82.34,9.76,100,1,1
357,6720,44,0,6,5,0,21,156163,54,2,29,98.21,9.01,87.15,1,1
358,9045,43,0,2,4,2,19,150281,58,15,51,92.02,10,100,1,1
359,408,26,1,3,4,1,1,97347,47,21,22,90.99,7.95,100,1,1
360,4928,29,1,5,0,0,3,114000,50,23,36,73.56,9.32,100,1,1
361,3453,51,1,3,0,2,29,131574,56,8,62,86.84,8.47,100,1,1
362,136,52,1,6,0,0,31,138617,60,20,75,85.71,10,100,1,1
363,4333,42,1,4,2,3,16,98848,45,8,61,94.17,8.96,95.96,1,1
364,3257,59,1,5,1,0,39,165504,43,14,71,94.25,10,100,1,1
365,1147,52,1,3,1,0,28,101795,51,17,22,85.95,9.49,100,1,1
366,1129,27,0,1,0,2,2,102306,46,14,77,72.05,8.58,87.82,1,1
367,8812,56,1,3,4,2,36,140225,55,16,43,94.44,10,100,1,1
368,5261,22,0,5,1,0,1,64827,43,5,78,81.86,6.95,73.01,2,0
369,6831,25,1,5,0,0,1,126343,32,22,7,85.07,8.81,90.66,1,1
370,9147,37,0,4,0,0,15,147796,34,21,38,91.94,10,100,1,1
371,4816,51,0,5,1,1,26,94552,33,23,5,77.54,10,100,1,1
372,5404,58,0,0,2,2,37,131938,40,11,16,90.9,9.26,100,1,1
373,1475,26,0,4,2,2,1,152993,30,20,21,93.5,8.65,89.84,1,1
374,4226,30,1,5,3,0,4,175016,49,23,29,93.29,8.94,100,1,1
375,4456,31,0,4,0,2,6,50338,52,9,24,89.85,6.92,65.76,0,0
376,5715,42,0,6,5,1,18,48378,59,2,75,71.08,6.91,69.37,0,0
377,4278,27,0,6,0,2,7,44686,57,13,3,99.21,6.89,65.53,0,0
378,2200,28,0,4,4,0,2,65095,42,11,16,76.65,5.24,60.97,0,0
379,713,37,1,5,4,0,14,178860,59,23,15,79.96,10,100,1,1
380,1534,24,1,4,4,0,1,73971,42,10,20,94.16,7.6,71.43,2,0
381,7262,57,0,1,3,0,36,96364,33,13,18,90.91,8.86,100,1,1
382,2073,57,1,6,4,0,32,173231,36,19,18,89.44,10,100,1,1
383,2528,25,1,3,1,0,4,94675,34,22,57,71.05,7.05,100,1,1
384,3632,40,1,0,5,2,19,128751,58,19,52,93.04,7.94,100,1,1
385,6056,37,0,5,2,0,10,51984,30,11,3,88.1,5.77,56.1,0,0
386,8244,49,0,3,3,0,22,101777,36,2,23,85.35,6.8,70.87,2,0
387,4689,24,0,0,5,0,1,115008,31,17,15,70.16,7.42,74.75,2,0
388,9330,58,0,4,5,0,33,95543,47,11,26,92.02,7.89,100,1,1
389,4206,30,0,1,5,0,7,153477,45,20,38,88.94,7.79,100,1,1
390,9288,48,1,4,0,2,27,109053,44,12,27,74.98,9.8,100,1,1
391,1916,35,0,4,0,2,11,54541,55,12,21,74.3,7.9,68.67,0,0
392,8498,57,0,2,3,2,30,150519,49,18,37,78.87,8.86,100,1,1
393,1695,35,0,4,4,0,9,85256,46,13,13,73.82,8.23,84.73,2,1
394,44,55,0,3,2,0,31,159590,44,11,30,79.68,10,100,1,1
395,7844,53,1,3,2,1,26,85216,38,6,24,81.52,6.94,82.84,2,1
396,1400,44,0,6,1,0,17,116681,40,22,15,99.87,10,100,1,1
397,7713,22,0,3,1,0,2,97371,58,16,50,80.94,10,91.61,1,1
398,8856,41,1,6,4,0,17,107883,51,19,44,93.41,10,100,1,1
399,1495,43,0,3,0,0,21,153927,45,19,25,78.94,9.25,100,1,1
400,6464,40,1,3,1,0,13,112101,55,10,26,97.98,7.51,73.34,2,1
401,6436,59,0,2,2,2,39,163369,37,20,46,80.94,10,100,1,1
402,8556,59,1,0,3,0,34,105989,43,21,79,71.71,10,100,1,1
403,662,25,0,6,1,1,3,94633,40,22,44,73.61,10,100,1,1
404,8439,46,0,2,4,0,21,74693,43,3,29,84.98,8.4,84.35,2,1
405,4069,59,1,1,1,3,32,101569,47,17,40,75.42,8.29,100,1,1
406,4768,59,1,2,4,0,37,159922,57,2,3,92.03,10,100,1,1
407,2319,29,0,3,0,0,5,61436,56,11,26,87.78,6.91,72.03,2,1
408,411,52,0,6,1,2,29,161947,45,7,3,76.02,9.29,99.43,1,1
409,3113,51,1,5,3,2,28,164852,60,23,5,91.66,9.51,100,1,1
410,1963,39,0,4,5,1,13,84846,30,10,11,98.52,6.87,72.76,2,0
411,1182,39,0,1,4,0,17,67843,34,1,58,75.91,5.36,56.26,0,0
412,5383,50,0,3,1,2,23,161334,54,23,56,70.44,9.61,100,1,1
413,7628,49,1,6,5,0,22,167242,55,13,21,71.79,10,100,1,1
414,1712,31,1,6,3,2,9,49054,44,3,9,76.07,5.24,53.73,3,0
415,9041,59,0,0,0,1,35,128220,44,4,50,71.86,9.27,100,1,1
416,7818,24,1,4,3,0,1,32313,54,7,14,93.33,5.35,40,3,0
417,2711,37,0,2,5,0,12,158472,41,17,59,73.7,9.55,94.35,1,1
418,1440,44,1,5,2,2,22,136751,47,13,42,86.64,10,100,1,1
419,5302,30,0,3,5,2,3,92230,43,2,66,99.03,8.07,80.15,2,1
420,849,34,1,4,0,0,10,139646,47,2,73,86.41,8.61,86.63,1,1
421,8981,34,1,6,2,2,13,133894,32,7,52,90.62,9.77,99.47,1,1
422,5256,43,0,0,0,0,17,55997,52,1,18,85.66,8.05,59.73,0,0
423,3697,43,1,0,4,2,16,121658,43,8,54,98.48,8.83,100,1,1
424,3993,44,1,0,0,0,17,93159,44,1,20,84.15,10,86.74,1,1
425,916,28,1,0,1,0,7,169436,38,21,56,93.89,10,100,1,1
426,6499,44,1,5,4,0,21,141448,57,9,65,78.65,9.22,94.51,1,1
427,2150,59,0,4,0,0,34,129255,32,23,23,70.93,10,100,1,1
428,2327,56,1,2,3,2,31,143775,57,11,15,87.91,10,98.78,1,1
429,3649,30,0,2,0,0,10,161289,41,8,54,81.54,8.63,100,1,1
430,3343,27,0,0,0,3,1,120734,59,20,17,78.5,8.75,91.47,1,1
431,2111,25,0,5,5,1,1,93332,33,17,15,79.98,9.53,90.36,1,1
432,3059,41,1,1,3,2,15,135246,33,10,73,76.25,8.46,93.81,1,1
433,8585,30,1,0,3,0,5,84648,39,13,35,85,8.4,76.44,2,0
434,2771,23,1,6,3,0,1,115363,58,14,50,96.59,8.34,85.12,1,1
435,1719,38,1,5,0,2,14,105187,57,10,69,81.01,8.35,88.01,1,1
436,6870,26,0,3,2,0,4,104605,44,16,67,93.85,9.26,100,1,1
437,7776,40,1,4,2,2,15,91577,54,16,50,77.46,9.41,100,1,1
438,4324,38,0,6,2,1,12,55511,31,4,24,97.35,6.16,63.12,0,0
439,1533,55,0,4,3,3,32,142949,48,16,20,90.48,10,100,1,1
440,6176,28,0,5,1,1,8,60651,32,3,6,91.52,6.04,61.19,0,1
441,1654,32,1,1,4,2,11,98802,38,17,47,94.86,10,100,1,1
442,2987,35,0,5,5,2,9,105386,53,20,22,88.36,8.29,94.94,1,1
443,4450,36,0,6,2,2,15,131984,44,13,60,74.18,9.74,100,1,1
444,9211,55,1,4,5,0,30,111029,31,18,70,96.4,10,100,1,1
445,7643,35,1,1,5,0,8,109065,43,24,60,93.55,9.52,100,1,1
446,7848,38,1,1,4,0,11,44783,36,2,5,79.35,5.34,46.59,3,0
447,7769,37,0,2,3,0,15,32721,54,2,8,86.61,4.63,45.19,3,0
448,4563,50,1,2,0,2,25,31706,30,1,0,73.57,4.18,40,3,0
449,940,53,0,2,4,2,33,161792,35,16,33,71.61,9.55,100,1,1
450,6405,58,1,1,5,2,36,132818,47,23,53,70.3,10,100,1,1
451,2106,28,0,6,1,0,1,78650,55,1,67,99.76,6.89,55.88,0,0
452,350,27,0,0,1,1,1,131910,30,22,23,86.13,7.59,88.82,1,1
453,1363,56,0,4,2,0,31,117025,59,19,40,86.11,10,100,1,1
454,968,38,0,2,1,0,13,107892,51,3,55,78.51,5.92,72.12,2,0
455,1039,47,0,3,0,0,20,129725,40,17,58,96.65,9.11,100,1,1
456,6580,25,0,6,2,2,1,139589,39,18,11,93.89,10,96.77,1,1
457,7684,27,1,5,5,0,5,98106,52,13,6,77.83,8.31,78.59,2,0
458,7492,23,1,6,1,3,1,101505,45,14,28,80.28,8.02,75.33,2,1
459,4259,44,1,6,0,1,18,112233,36,9,0,86.86,8.5,82.85,2,1
460,6336,55,1,4,4,3,30,108984,30,10,62,89.73,10,100,1,1
461,1658,53,0,3,5,2,27,171685,43,18,57,75.4,8.89,100,1,1
462,8732,47,0,2,3,1,27,121376,40,21,37,76.06,10,100,1,1
463,3463,45,0,2,4,3,21,158244,53,9,67,97.78,9.19,100,1,1
464,8617,39,1,1,3,0,13,164462,47,10,44,79.84,9.35,100,1,1
465,1511,25,0,6,2,2,4,142057,38,13,78,84.98,9.64,99.46,1,1
466,6443,47,1,4,4,2,27,137691,47,21,2,80.55,10,100,1,1
467,2921,24,0,1,2,2,2,44141,49,4,6,80.18,4.63,45.76,3,0
468,7937,22,0,4,0,0,2,59097,58,7,5,89.04,5.02,57.61,0,0
469,1397,28,1,5,4,2,8,101549,32,20,67,91.45,10,100,1,1
470,3344,33,0,5,1,2,12,47864,59,2,25,85.33,4.95,50.54,3,0
471,753,44,0,2,1,0,18,67489,57,2,19,91.84,8.5,78.37,2,0
472,3262,35,0,3,3,0,8,100935,35,13,63,75.35,8.64,76.15,2,1
473,4193,40,1,5,2,0,15,90534,45,7,58,90.41,9.46,100,1,1
474,7461,58,1,5,1,2,38,109324,55,21,71,79.66,10,100,1,1
475,7380,56,0,4,0,1,30,133965,35,12,33,71.58,10,96.82,1,1
476,5330,52,0,6,4,0,30,64732,42,2,3,87.48,8.18,75.97,2,0
477,3541,33,0,1,2,0,13,101833,50,4,9,94.39,6.98,77.18,2,1
478,219,35,1,5,1,0,8,136501,41,18,38,96.8,9.03,98.28,1,1
479,8480,59,0,4,4,1,34,170583,52,6,16,88.71,9.19,96.49,1,1
480,7786,42,1,2,1,0,15,102955,53,1,58,93.49,9.06,74.4,2,1
481,4696,48,0,3,0,2,27,168353,39,11,22,71.09,9.79,100,1,1
482,3074,54,0,0,2,0,30,122427,58,22,17,79.97,9.68,100,1,1
483,752,31,0,0,0,2,5,41154,55,4,32,88.02,6.11,51.1,3,0
484,8114,39,0,1,2,0,15,80536,45,1,11,97.74,6.56,72.49,2,1
485,8013,47,1,0,3,0,22,101221,55,8,57,85.44,9.93,95.39,1,1
486,4138,33,0,6,0,0,12,103790,53,12,15,71.06,8.89,82.62,2,0
487,1478,26,1,5,5,1,4,119087,43,18,14,76.05,9.45,91.54,1,1
488,1387,56,0,3,3,2,30,57392,30,4,10,90.87,6.32,66.47,0,0
489,5384,34,1,4,3,1,8,115648,33,8,79,94.26,6.73,76.33,2,1
490,7171,33,0,4,4,1,9,162778,32,5,76,83.36,8.52,85.71,1,1
491,4994,59,0,6,5,2,36,163948,34,19,73,70.97,8.94,100,1,1
492,9310,40,0,3,1,0,15,132292,60,18,79,91.53,10,100,1,1
493,5876,39,1,6,5,1,17,87675,31,9,77,81.81,10,84.23,2,1
494,8529,33,1,1,5,0,10,164160,55,17,34,87.32,9.4,100,1,1
495,5799,30,0,1,5,2,7,167527,37,23,30,92.51,8.04,100,1,1
496,4006,47,0,5,2,2,20,150408,45,12,29,99,10,100,1,1
497,5954,33,1,3,4,0,7,149342,55,23,52,71.87,10,100,1,1
498,7376,38,1,0,1,3,17,169553,47,14,61,85.4,9.33,100,1,1
499,7050,26,1,1,5,1,1,63956,36,5,9,77.64,4.73,56.92,0,1
500,9060,49,1,5,1,0,29,93516,46,9,16,93.23,8.89,100,1,1
501,6566,59,1,3,0,0,37,167065,42,14,61,82.99,10,100,1,1
502,2712,52,1,6,0,1,27,131115,50,16,55,97.93,9.37,100,1,1
503,226,26,1,6,1,0,1,139703,58,19,64,87.63,10,95.53,1,1
504,5704,24,1,4,3,0,4,171494,49,20,43,72.61,10,98.73,1,1
505,3180,30,0,0,2,2,10,152013,36,22,62,88.31,9.57,100,1,1
506,5455,57,1,6,0,2,35,109159,51,7,38,82.17,10,100,1,1
507,1453,50,0,4,3,0,30,177318,39,19,11,74,10,100,1,1
508,5441,38,1,3,5,0,18,140251,57,24,59,93.82,10,100,1,1
509,4916,41,0,5,5,0,21,171914,44,7,17,95.34,9.17,96.27,1,1
510,7378,50,0,4,1,1,29,116008,36,4,17,73.94,6.65,82.17,2,1
511,524,56,0,3,1,0,35,166958,36,20,63,83.3,8,100,1,1
512,7583,44,1,4,4,2,17,36523,53,1,6,79.47,3.92,40.26,3,0
513,5290,33,0,1,1,0,7,155185,55,17,67,82.15,7.61,100,1,1
514,2789,27,0,1,2,2,6,63042,31,12,14,70.91,7.38,61.74,0,1
515,8989,31,0,3,3,0,9,114800,46,7,12,86.34,6.42,71.01,2,1
516,5740,40,1,2,2,2,16,179080,48,21,23,95.99,10,100,1,1
517,6844,58,1,0,4,2,31,141024,37,13,67,92.4,9.34,100,1,1
518,6173,23,0,1,4,2,3,160601,40,22,54,95.87,10,100,1,1
519,9221,54,1,5,2,2,34,144387,53,5,10,91.67,8.28,95.61,1,1
520,5970,55,1,0,3,0,33,82449,42,2,69,75.45,8.42,83.74,2,1
521,5724,33,0,5,2,0,7,175326,58,23,69,79.05,10,100,1,1
522,3111,50,0,3,5,2,23,163181,47,15,4,71.03,9.67,94.44,1,1
523,99,52,0,1,2,2,25,177876,41,18,15,73.13,10,93.09,1,1
524,4166,49,1,3,3,0,25,175178,59,13,26,76.6,9.87,100,1,1
525,7620,59,1,1,3,1,35,174146,55,16,18,92.08,8.64,100,1,1
526,6196,25,1,5,4,0,1,47509,30,6,57,72.25,3.68,50.72,3,0
527,3956,23,1,6,0,0,1,47458,30,3,34,89.51,4.36,44.32,3,0
528,6226,23,1,5,0,0,2,45011,38,2,33,84.07,6,53.94,3,0
529,7141,42,0,2,2,0,22,105620,34,14,60,92.49,10,100,1,1
530,8361,36,0,5,2,0,14,93749,44,13,79,83.78,9.44,100,1,1
531,5604,47,1,4,1,2,26,68391,40,8,7,83.38,9.28,80.43,2,0
532,1821,42,1,1,1,2,15,114143,47,16,8,72.74,10,98.62,1,1
533,3550,57,1,5,1,0,34,166000,52,9,79,85.76,9.78,100,1,1
534,4766,30,1,5,0,2,10,162233,48,17,42,95.15,10,100,1,1
535,731,28,0,0,0,0,7,53436,31,9,26,98.88,6.96,64.97,0,0
536,8921,27,1,1,0,2,3,63104,31,12,21,92.43,7.6,68.43,0,1
537,2798,22,1,4,5,0,1,100857,32,14,54,75.28,6.08,76.77,2,1
538,5390,45,0,3,4,1,19,170632,37,16,58,89.38,9.54,100,1,1
539,5377,55,0,1,2,3,33,171110,40,5,12,99.52,8.18,92.21,1,1
540,9194,28,0,3,5,0,6,65251,30,5,47,89.7,6.82,63.26,0,1
541,7359,34,0,0,1,0,14,134565,33,23,79,82.69,10,100,1,1
542,3271,45,0,5,3,2,23,75199,33,4,35,77.11,5.82,64.48,0,1
543,5018,50,1,2,4,0,25,175945,48,9,77,80.25,9.65,100,1,1
544,4752,41,1,0,2,0,20,120562,47,16,3,88.92,7.42,93.58,1,1
545,7134,26,1,1,2,0,6,92317,34,13,8,88.72,8.32,83.96,2,0
546,8009,35,1,1,3,0,15,118899,58,4,56,72.87,7.64,74.79,2,0
547,6149,46,1,3,1,0,26,127420,57,20,36,72.52,10,100,1,1
548,5054,30,0,4,2,0,9,96041,47,12,28,94.48,8.62,88.45,1,1
549,3620,23,1,3,5,0,1,56363,42,7,43,74.13,5.98,68.9,0,0
550,3616,53,0,5,0,0,32,166870,41,10,55,75.22,8.62,100,1,1
551,8966,27,0,5,2,2,2,133723,54,24,52,80.34,9.75,100,1,1
552,4305,57,0,1,0,0,36,175617,50,4,51,70.5,10,95.99,1,1
553,7850,51,1,6,5,1,24,130927,49,8,24,89.93,10,99.6,1,1
554,4185,47,1,1,0,0,25,94886,36,9,32,83.28,9.54,87.64,1,1
555,5688,28,0,5,0,0,7,70912,50,5,48,82.47,7.24,76.34,2,1
556,757,54,0,5,1,2,32,151313,45,13,38,85.22,9.83,100,1,1
557,8268,27,1,1,0,1,2,54485,38,8,73,72.45,5.99,67.89,0,0
558,6813,47,1,4,1,1,21,91524,52,16,70,74.48,10,100,1,1
559,1958,30,0,2,3,0,4,32544,48,2,34,85.52,5.95,49.88,3,0
560,164,40,0,2,4,0,18,43675,34,3,10,78.68,6.4,64.19,0,0
561,2765,39,1,1,3,0,16,152637,45,16,23,81.68,10,100,1,1
562,8197,50,1,6,4,2,28,172674,39,9,42,80.98,9.39,100,1,1
563,1342,23,0,4,2,0,1,103813,55,3,77,92.26,7.69,74.24,2,0
564,5815,22,1,0,1,3,1,59157,41,4,27,96.93,6.48,58.9,0,0
565,8876,26,1,5,2,1,6,73638,46,2,30,87.27,7.07,69.62,0,0
566,867,26,1,5,4,2,3,40453,58,6,19,90.53,6.95,69.31,0,0
567,9110,24,1,5,3,2,4,92017,41,16,24,72.51,10,94.33,1,1
568,3834,43,1,6,1,0,17,125031,57,21,30,76.2,10,100,1,1
569,2593,41,1,3,4,3,18,111359,42,10,38,98.89,10,100,1,1
570,628,30,0,1,3,2,3,88840,56,18,14,77.01,7.68,70.15,2,0
571,3668,39,1,3,0,0,19,115008,57,23,15,83.54,8.99,100,1,1
572,3187,54,1,6,5,0,34,158049,46,14,19,87.53,10,100,1,1
573,3201,44,1,6,0,3,19,90595,30,22,16,97.53,10,100,1,1
574,5321,46,1,5,2,1,23,133005,45,17,79,90.69,10,100,1,1
575,7926,33,0,1,2,0,11,118251,45,17,31,77.3,9.74,100,1,1
576,7864,59,1,6,5,0,37,99336,30,5,69,97.51,10,100,1,1
577,2647,35,1,4,0,1,14,73335,53,10,16,85.58,7.44,77.65,2,0
578,8779,48,0,3,0,0,28,95993,47,5,25,84.81,8.91,89.67,1,1
579,3272,43,1,3,2,0,21,145698,60,11,30,95.96,10,100,1,1
580,6644,33,1,5,3,0,7,147557,58,18,25,79.4,10,99.68,1,1
581,6167,59,0,0,2,3,33,93329,53,2,7,96.28,8.71,82.35,2,1
582,6497,31,0,0,4,1,9,128098,32,21,38,71.89,10,100,1,1
583,440,43,1,3,0,0,19,61922,42,5,3,71.85,5.54,57.83,0,1
584,5361,39,1,2,5,0,19,31857,60,2,5,85.81,4.96,47.25,3,0
585,3968,23,0,2,1,2,1,87909,43,12,29,94.08,8.92,79.49,2,1
586,7709,45,0,4,0,0,21,111225,44,15,74,89.16,10,100,1,1
587,4914,56,0,3,2,1,33,97642,43,18,23,90.45,10,100,1,1
588,8776,57,0,1,1,0,33,146411,36,15,25,74.54,10,100,1,1
589,7615,49,0,1,1,2,23,149758,39,18,24,87.36,10,100,1,1
590,2887,41,1,0,2,2,19,158104,36,23,60,76.47,9.12,100,1,1
591,7227,39,0,1,5,0,19,153079,43,12,24,83.91,8.59,95.94,1,1
592,4083,31,1,0,4,0,5,118469,56,15,77,76.46,10,93.86,1,1
593,2554,27,1,3,3,0,5,76619,59,2,72,89.93,7.17,73.45,2,0
594,4836,58,0,6,1,0,33,147853,60,8,18,85.27,8.52,91.34,1,1
595,7593,53,0,2,0,0,29,114502,38,24,34,98.93,10,100,1,1
596,2972,45,1,0,2,0,24,140721,46,14,37,86.97,10,100,1,1
597,3219,53,1,2,5,3,27,123172,43,20,79,79.49,9.44,100,1,1
598,7332,42,1,0,5,0,18,163960,30,20,56,82.79,9.34,100,1,1
599,3575,24,1,2,5,0,2,57207,54,11,61,86.14,6.98,69.23,0,1
600,6581,25,0,0,3,0,1,55799,60,6,67,94.76,7.71,66.76,0,0
601,1056,50,1,3,2,0,23,131964,36,10,61,99.05,10,94.59,1,1
602,5413,34,1,2,4,0,8,57127,31,13,30,83.66,7.48,64.32,0,0
603,3682,41,1,2,1,2,20,147442,54,13,30,98.43,9.08,100,1,1
604,8118,28,1,4,3,2,3,139961,34,23,7,82.41,10,100,1,1
605,554,33,0,0,4,2,6,128032,58,17,63,96.47,9.73,100,1,1
606,1189,37,1,4,1,2,15,70150,58,9,30,80.57,8.48,74.34,2,1
607,17,33,0,1,1,1,6,113188,41,11,34,80.09,7.58,73.83,2,0
608,5027,29,0,1,4,0,9,137098,60,11,9,96.45,8.74,86.57,1,1
609,6890,41,1,1,2,0,17,94134,45,22,45,91.41,8.77,100,1,1
610,2134,58,1,4,5,1,37,171542,56,22,43,95.23,9.72,100,1,1
611,3479,46,0,4,4,0,22,93985,46,12,29,98.46,9.4,100,1,1
612,5696,48,1,2,4,0,26,131831,52,10,10,89.43,10,97.17,1,1
613,4555,33,1,0,0,2,9,103231,48,19,46,75.85,9.99,100,1,1
614,476,33,1,4,5,0,9,152672,33,21,36,96.74,9.73,100,1,1
615,7122,50,0,6,0,2,25,166428,40,9,11,89.75,8.22,99.56,1,1
616,4685,44,0,6,5,2,22,177937,31,7,74,85.25,9.49,99.39,1,1
617,9229,36,1,6,4,0,16,62139,58,2,15,90.28,6.73,62.86,0,0
618,3038,59,0,1,5,3,32,106709,40,24,69,70.27,9.79,100,1,1
619,8785,50,0,0,4,0,28,142960,35,17,56,99.02,8.25,100,1,1
620,4542,22,1,1,4,0,1,38168,30,1,76,84.51,3.68,45.53,3,0
621,5428,35,1,6,1,0,9,35622,33,5,25,77.2,4.39,49.46,3,0
622,6484,43,1,4,4,0,19,127276,42,22,25,86.86,10,100,1,1
623,7817,49,1,2,2,2,22,154800,31,15,73,90.07,7.55,100,1,1
624,8700,26,0,2,1,0,5,133019,32,15,62,84.49,9.55,97.64,1,1
625,2958,49,1,2,5,1,26,116986,54,23,63,94.21,10,100,1,1
626,2039,27,0,0,2,1,4,96439,54,13,36,71.09,7.19,76.97,2,1
627,7807,36,0,4,3,0,15,121498,51,3,64,94.55,8.48,89.52,1,1
628,2315,33,0,6,2,2,12,35406,49,1,12,85.74,6.02,48.19,3,0
629,2291,31,1,6,2,2,8,35257,60,6,66,72.71,5.17,51.93,3,0
630,970,59,0,1,0,1,33,107013,49,9,1,77.18,7.97,84.77,2,1
631,7935,26,0,2,2,2,4,175395,50,20,60,96.81,10,100,1,1
632,8250,39,0,2,1,0,19,119377,34,11,23,94.92,10,100,1,1
633,5661,37,1,2,2,2,12,145283,32,11,28,90.82,6.68,87.59,1,1
634,3441,31,0,3,0,3,9,156205,39,19,0,80.67,9.69,87.79,1,1
635,7130,28,0,4,0,0,5,56940,46,1,72,78.01,5.44,61.8,0,1
636,5638,43,0,0,5,3,22,90486,48,16,6,84.06,10,100,1,1
637,1684,40,0,2,0,0,15,66843,59,8,60,86.49,9.61,84.58,2,1
638,7490,31,1,5,4,0,4,94258,54,13,17,96.66,7.09,72.75,2,0
639,4686,56,0,1,5,1,36,117862,50,9,59,92.43,8.99,100,1,1
640,654,28,1,2,2,0,1,177858,35,23,33,99.98,9.02,100,1,1
641,2744,27,1,2,1,0,3,67727,55,14,35,76.97,8.25,74.81,2,1
642,4425,25,0,3,2,0,1,63296,35,10,28,79.38,5.84,55.85,0,0
643,5274,22,0,5,4,0,1,86940,52,9,33,94.15,8.66,75.02,2,1
644,104,41,0,5,5,0,21,126159,60,23,16,85.8,8.5,100,1,1
645,6994,52,1,1,3,2,32,135615,56,18,68,72.99,9.58,100,1,1
646,6241,30,0,3,4,0,9,49969,55,3,8,94.28,7.21,63.86,0,0
647,1997,23,1,3,5,0,1,136404,37,16,49,72.67,9.12,90.97,1,1
648,7833,40,1,0,3,0,14,165677,49,20,20,87.74,10,100,1,1
649,5298,30,1,1,4,0,5,58706,58,6,77,95.65,5.13,63.11,0,0
650,878,27,0,4,5,2,1,63977,40,7,25,76.78,6.36,61.21,0,0
651,6482,44,0,1,0,0,18,94922,38,13,34,82.83,10,91.81,1,1
652,7436,23,1,1,4,0,1,42317,38,1,73,79.65,6.34,63.89,0,0
653,4055,38,1,0,3,0,11,116425,32,18,19,81.51,9.92,99.37,1,1
654,7704,39,0,5,2,0,14,55037,57,8,2,77.88,7.13,67.69,0,0
655,8920,33,1,3,2,0,9,177086,44,14,74,92.65,10,100,1,1
656,625,51,0,0,3,1,28,139228,49,4,10,71.19,8.07,91.83,1,1
657,4750,47,0,6,4,2,22,165133,48,24,76,71.48,10,100,1,1
658,174,43,1,2,1,3,19,100892,45,20,14,86.99,10,100,1,1
659,2548,37,1,0,4,0,16,93725,58,12,15,89.24,6.52,72.1,2,0
660,8558,54,1,6,0,1,29,177310,57,23,77,97.08,10,100,1,1
661,1615,59,1,4,4,0,34,122583,58,20,53,73.97,10,100,1,1
662,400,46,1,2,3,0,21,87328,58,8,15,81.07,8.4,79.99,2,1
663,5324,59,0,1,5,1,34,124416,32,10,48,94.63,8.82,100,1,1
664,3873,26,1,5,2,2,1,179110,34,23,75,90.28,8.86,100,1,1
665,7098,44,0,2,3,1,22,166850,56,19,63,92.43,10,100,1,1
666,1771,30,0,5,2,2,6,65964,43,4,32,70.09,5.25,65.91,0,0
667,1459,33,1,3,3,0,8,61725,49,12,20,81.84,7.88,74.74,2,1
668,5753,56,1,4,5,2,33,94725,54,8,68,85.82,10,100,1,1
669,7570,51,0,1,1,1,30,101415,30,16,78,85.61,10,100,1,1
670,8829,36,0,1,2,0,14,112620,32,23,71,82.97,10,100,1,1
671,2196,22,0,2,5,2,1,61403,46,7,63,92.95,5.05,77.92,2,1
672,5842,45,1,6,0,2,23,153294,56,9,51,92.68,9.55,96.1,1,1
673,6050,58,1,6,1,3,33,148643,46,6,75,76.04,10,100,1,1
674,1985,36,0,2,0,0,10,96302,45,7,27,91.61,8.97,82.05,2,1
675,6557,58,1,6,5,0,31,103746,39,23,62,93.19,9.96,100,1,1
676,8660,47,1,4,5,2,22,161574,59,18,70,97.35,10,100,1,1
677,4262,53,1,2,3,2,28,57570,60,7,8,73.79,7.81,69.47,0,0
678,445,53,0,5,5,2,28,117213,49,19,27,98.87,10,100,1,1
679,1150,40,1,4,4,0,18,95192,34,20,37,82.33,10,100,1,1
680,7199,53,0,0,1,2,31,116745,57,24,12,94.54,9.45,100,1,1
681,5212,40,0,3,1,0,13,154860,47,12,28,77.01,9.55,100,1,1
682,8346,25,1,0,0,0,4,173637,54,17,69,88.15,10,97.95,1,1
683,446,22,1,0,4,3,1,170857,34,19,14,97.97,9.48,89.69,1,1
684,5710,31,0,2,2,0,6,120177,34,23,70,92.81,9.89,100,1,1
685,2604,44,1,4,1,0,17,109797,33,11,68,91.44,9.14,98.82,1,1
686,4944,49,1,1,4,1,22,157643,43,24,17,86.85,9.66,100,1,1
687,447,24,1,1,5,1,1,171060,31,24,77,97.17,8.96,100,1,1
688,9052,59,1,6,0,2,34,71600,53,4,28,83.21,9.84,82.16,2,1
689,3997,47,1,2,2,1,20,65215,35,1,69,70.01,5.65,68.62,0,0
690,8215,26,0,1,0,1,5,131420,39,18,29,82.95,9.33,91.89,1,1
691,3284,49,1,2,1,2,29,140903,46,16,71,98.49,10,100,1,1
692,1672,27,0,2,0,0,7,124743,32,17,18,84.62,8.32,96.74,1,1
693,7148,38,1,5,5,0,15,122813,41,20,49,94.99,9.32,100,1,1
694,3209,36,0,6,4,0,16,145184,53,22,79,89.65,9.92,100,1,1
695,478,46,1,4,2,2,23,104367,51,10,60,92.14,8.7,100,1,1
696,8115,53,1,0,3,0,33,136710,43,21,73,93.51,10,100,1,1
697,5990,38,0,0,5,0,14,168467,51,21,42,93.32,10,100,1,1
698,9348,37,1,2,4,1,10,139819,55,17,44,91.5,10,95.48,1,1
699,821,22,1,5,0,2,1,73793,37,6,60,95.67,6.66,66.25,0,0
700,6409,29,1,5,5,0,7,125794,36,24,66,80.88,8.88,100,1,1
701,8391,43,0,1,0,3,22,138926,40,1,77,99.28,7.51,91.86,1,1
702,5533,35,1,0,5,2,12,40565,55,6,48,79.04,6.88,65.12,0,0
703,8112,26,0,3,2,0,4,92580,53,23,56,87.91,7.88,100,1,1
704,8636,40,1,0,4,2,16,104260,58,17,43,73.49,10,90.25,1,1
705,3900,25,1,0,0,0,1,151918,39,24,22,78.59,8.83,90.09,1,1
706,812,22,1,0,3,2,1,78897,30,4,60,97.35,7.57,60.73,0,0
707,6230,43,1,5,5,2,16,112821,33,21,42,75.85,10,100,1,1
708,2547,45,1,6,4,1,23,169915,30,20,60,79.61,10,100,1,1
709,7175,37,1,2,4,0,17,107661,48,6,38,80.02,9.5,84.11,2,0
710,3118,31,1,6,3,0,4,133744,56,18,51,74.15,6.08,89.77,1,1
711,5906,55,0,0,3,3,35,173551,36,24,62,81.92,8.13,100,1,1
712,250,28,0,3,3,1,8,174739,44,20,3,94.99,10,100,1,1
713,501,47,1,3,3,1,27,158226,52,24,61,80.13,10,100,1,1
714,4222,47,1,1,1,2,27,63572,32,2,23,95.38,6.07,65.89,0,1
715,1151,43,0,5,4,0,21,79945,39,5,8,78.77,8.06,76.09,2,0
716,9040,50,0,2,1,0,25,137367,59,20,2,73.16,10,100,1,1
717,9307,38,1,2,5,0,12,49784,42,4,36,73.4,8.7,68.92,0,0
718,8804,43,1,3,1,0,22,172016,39,16,63,82.36,9.79,100,1,1
719,8113,40,1,2,5,2,16,169360,46,12,44,82.52,10,100,1,1
720,7528,33,0,5,2,1,8,146414,47,17,64,99.71,10,100,1,1
721,5121,54,1,2,1,0,28,130954,36,14,52,75.37,10,100,1,1
722,3585,37,1,3,5,2,14,119048,56,13,71,90.29,9.55,100,1,1
723,796,43,0,2,5,0,22,112257,47,7,44,88.1,9.78,96.61,1,1
724,1407,44,0,2,3,0,22,80067,38,2,54,77.88,7.47,83.56,2,1
725,2397,23,0,5,2,0,1,115244,40,13,7,92.57,9.34,83.71,2,0
726,8205,28,1,5,3,2,2,50532,59,9,5,78.32,7.28,62.58,0,0
727,6704,34,0,4,2,2,7,30768,53,4,25,98.03,5.41,52.09,3,0
728,3206,44,1,6,4,1,17,140624,44,8,66,72.81,10,100,1,1
729,2967,50,1,6,2,2,29,131679,33,11,14,73.81,9.87,100,1,1
730,5557,57,1,2,3,0,37,127763,43,23,13,90.84,10,100,1,1
731,5193,51,1,2,3,0,29,167078,43,23,59,78.38,10,100,1,1
732,5513,48,1,5,3,1,23,137655,48,18,18,75.32,9.05,100,1,1
733,333,59,1,2,2,0,32,100846,57,8,67,98.79,8.86,100,1,1
734,6047,27,0,0,2,1,3,141999,37,14,23,88.11,7.84,85.63,1,1
735,3496,23,0,5,0,0,3,74108,30,4,75,90.64,5.44,64.76,0,0
736,6614,46,0,1,4,2,22,105926,44,16,71,87.32,10,100,1,1
737,4697,34,0,4,3,0,8,97001,30,16,4,80.03,7.63,76.04,2,1
738,6856,29,1,3,1,1,6,175024,48,14,12,70.73,10,88.79,1,1
739,6875,25,1,3,5,2,4,78031,57,6,69,74.94,5.11,59.79,0,0
740,7539,26,1,6,4,2,6,130818,34,18,43,95.33,8.32,97.93,1,1
741,9018,39,1,6,3,0,19,44833,57,2,38,97.18,6.92,60.27,0,0
742,4857,56,0,0,3,1,31,107573,54,4,24,82.16,8.57,88.05,1,1
743,9083,22,0,4,5,2,1,64023,43,9,61,77.1,7.74,73.45,2,0
744,1428,37,0,3,5,0,16,89377,39,9,6,93.71,6.51,84.03,2,1
745,1818,34,1,0,0,0,7,104961,45,10,55,88.82,7.89,89.89,1,1
746,2206,29,1,2,2,0,2,43466,31,15,51,76.73,5.06,68.68,0,1
747,3519,45,1,5,1,2,22,119430,45,15,17,79.5,9.69,100,1,1
748,2386,56,1,0,4,2,33,68498,58,6,8,81.97,5.52,71.11,2,0
749,1449,44,1,2,2,0,20,149136,53,16,24,94.33,10,100,1,1
750,5083,28,0,2,3,2,8,104691,52,13,70,91.36,10,96.94,1,1
751,5904,26,1,6,1,2,1,174118,52,19,76,87.56,7.79,100,1,1
752,1145,31,1,2,5,1,6,99884,53,12,44,88.75,9.03,88.9,1,1
753,7605,23,1,1,1,0,1,152999,35,16,65,96.4,10,100,1,1
754,1984,25,0,5,3,2,1,88930,59,19,25,77.02,7.56,79.1,2,0
755,8925,28,1,2,3,0,4,129322,39,13,78,94.14,10,100,1,1
756,444,29,1,1,3,0,2,47637,58,3,60,93.77,7.53,65.4,0,0
757,9177,32,1,1,0,2,11,120346,45,19,67,78.77,10,100,1,1
758,4785,50,0,2,4,1,30,158258,49,13,1,90.81,9.21,100,1,1
759,678,29,0,4,0,3,8,156920,50,10,73,77.5,8.04,97.86,1,1
760,8747,55,1,5,1,0,31,103833,41,18,62,95.53,10,100,1,1
761,5101,48,0,2,0,0,25,91055,55,15,32,73.02,9.83,100,1,1
762,2247,33,0,2,2,3,7,93971,37,4,4,84.42,7.88,70.53,2,1
763,3103,42,1,1,2,0,18,144176,46,16,16,76.28,9.57,99.37,1,1
764,8956,47,0,6,5,2,26,95745,55,2,78,85.99,9.38,100,1,1
765,3981,57,1,0,5,2,37,163469,60,6,73,76.89,8.63,99.55,1,1
766,6884,50,0,5,2,0,25,65113,39,1,51,94.49,8.33,78.91,2,1
767,6635,47,1,1,1,2,23,167711,39,17,21,79.93,10,100,1,1
768,3401,46,1,5,3,0,19,178321,36,9,67,78.5,9.29,100,1,1
769,7522,59,1,3,1,0,35,118393,56,4,8,90.73,9.41,96.6,1,1
770,6485,31,0,5,0,2,6,134028,60,24,58,79.63,8.35,100,1,1
771,797,25,1,0,4,1,1,42306,39,2,35,73.79,7.16,53.47,3,0
772,4115,55,1,2,5,0,35,90442,59,7,53,71.57,10,92.15,1,1
773,5207,22,1,1,2,2,1,40172,52,6,0,77.08,3.83,44.22,3,0
774,6511,31,1,2,0,1,5,110234,47,17,79,92.73,10,100,1,1
775,3803,53,1,2,0,0,28,118287,42,10,63,98.41,9.91,100,1,1
776,543,41,0,5,3,2,15,106651,41,17,47,85.2,10,98.56,1,1
777,3683,42,0,5,1,1,21,163786,36,13,34,80.26,8.8,100,1,1
778,6845,36,1,3,3,0,11,152781,54,21,58,97.28,10,100,1,1
779,5905,36,1,5,3,0,12,114691,60,3,51,93.73,8.3,74.11,2,1
780,2182,47,0,6,5,0,20,108891,50,24,30,84.28,8.33,100,1,1
781,8082,41,0,6,4,2,17,148031,55,14,74,72.09,10,100,1,1
782,8680,31,1,2,5,0,9,60092,30,2,44,76.77,6.23,56.7,0,0
783,5828,34,0,1,4,2,11,163596,33,24,68,85.63,10,100,1,1
784,8424,23,1,6,0,3,2,178306,59,22,46,73.74,10,100,1,1
785,8502,40,1,0,0,0,13,168424,47,13,57,88.15,8.65,94.64,1,1
786,6412,48,1,0,4,1,27,118084,54,24,71,86.31,10,100,1,1
787,7503,37,0,3,1,1,10,47667,35,5,13,73.8,5.3,40,3,0
788,5003,29,1,1,3,0,2,99284,55,11,47,86.63,6.3,76.25,2,0
789,3687,27,1,1,4,1,4,105487,43,16,42,95.02,9.94,100,1,1
790,5364,27,0,5,3,0,5,155883,56,24,15,77,7.15,100,1,1
791,1623,59,1,4,1,2,39,151993,30,20,29,88.23,10,100,1,1
792,8129,32,0,6,2,2,10,177231,42,13,11,94.89,10,100,1,1
793,9361,34,0,4,3,0,14,86844,53,19,8,71.94,8.99,79.76,2,0
794,4249,26,1,6,3,0,2,47138,55,14,28,76.28,5.68,54.91,3,0
795,4989,56,1,1,4,2,30,106991,57,8,79,92.38,7.7,100,1,1
796,6200,47,0,1,4,0,21,165783,48,5,76,79.26,9.15,94.92,1,1
797,7845,46,1,3,1,0,19,168616,32,4,78,78.1,7.57,87.03,1,1
798,6556,54,0,4,5,1,29,124248,47,7,78,73.45,10,100,1,1
799,4101,36,1,2,3,0,16,129759,42,8,53,94.11,7.29,100,1,1
800,8252,27,0,1,4,0,1,62036,42,8,58,91.15,7.64,83.1,2,1
801,5372,50,0,3,5,0,25,68680,44,4,12,71.07,7.59,81.22,2,1
802,4824,33,1,2,3,3,10,46360,59,1,33,99.83,5.24,50.31,3,0
803,2001,24,0,6,1,2,1,121127,39,22,58,93.61,9.15,100,1,1
804,7460,38,1,0,0,1,14,63598,34,12,47,82.42,7.61,77.32,2,0
805,1521,33,1,5,1,2,8,102471,55,10,7,83.32,8.45,73.84,2,0
806,6107,36,1,0,5,0,12,99107,54,10,46,75.3,10,88.68,1,1
807,435,26,0,0,4,3,1,103454,45,20,14,81.21,8.73,89.54,1,1
808,7853,50,1,2,3,0,26,155587,43,10,79,72.01,10,100,1,1
809,5525,30,1,3,2,2,6,113259,36,21,41,84.63,9.09,97.23,1,1
810,1302,37,0,3,0,0,17,159000,32,18,20,78.04,8.72,100,1,1
811,5320,41,1,0,2,0,18,157396,33,17,16,84.11,10,100,1,1
812,60,36,0,3,2,0,10,97232,33,24,30,89.66,9.4,100,1,1
813,3080,24,1,6,0,0,1,176120,59,10,71,83.55,8.05,88.7,1,1
814,6607,31,1,6,3,0,8,62554,30,2,57,97.09,6.66,67.16,0,0
815,8668,22,1,2,2,0,1,149622,47,20,59,88.13,9.58,100,1,1
816,8952,29,1,1,1,0,7,65230,30,6,34,94.27,7.81,64.13,0,0
817,3895,47,1,5,4,0,25,124674,38,17,36,97.82,10,100,1,1
818,6594,35,0,5,4,0,14,174242,49,23,15,98.6,9.99,100,1,1
819,2141,29,1,4,3,2,4,107718,52,23,45,71.91,8.47,100,1,1
820,3071,23,1,6,0,0,1,134291,57,17,27,81.97,8.46,93.61,1,1
821,6663,43,1,6,0,0,18,128665,41,10,39,93.72,6.88,92.19,1,1
822,9333,43,0,2,1,2,16,93809,34,13,63,85.1,9.71,100,1,1
823,8503,55,1,0,0,3,34,177331,37,7,32,70.95,9.62,98.91,1,1
824,3549,38,1,6,4,2,11,108791,59,12,43,91.73,7.26,77.17,2,0
825,8101,32,0,1,4,0,8,178365,38,7,77,81.73,10,97.6,1,1
826,5119,36,0,3,5,2,15,105028,33,3,68,73.71,6.42,72.6,2,1
827,8087,38,1,4,0,3,13,110708,33,6,62,76.3,7.21,72.16,2,0
828,9168,52,1,0,1,0,32,96630,30,5,76,77.83,10,100,1,1
829,9008,43,0,4,3,2,20,61245,55,5,72,78.36,9.41,81.96,2,0
830,6670,47,0,0,3,2,23,153087,32,21,57,96.87,10,100,1,1
831,5823,23,1,2,0,2,1,111101,58,19,43,77.75,8.94,89.45,1,1
832,3867,29,1,4,3,0,2,55531,37,2,79,76.09,6.69,69.99,0,0
833,8497,41,1,6,2,2,17,117452,58,24,69,73.82,8.67,100,1,1
834,5049,27,0,0,4,0,1,70540,56,6,61,93.4,7.11,60.26,0,0
835,8452,51,0,3,3,0,27,104063,33,2,17,75.56,7.03,70.26,2,1
836,303,58,1,6,5,0,38,111446,53,12,77,73.73,10,100,1,1
837,573,47,1,3,1,2,20,100129,43,21,62,76.02,9.53,100,1,1
838,3863,56,1,6,0,0,30,143609,36,11,58,74.61,9.57,100,1,1
839,5737,46,0,6,4,1,26,86819,53,6,5,90.94,7.71,80.12,2,1
840,5722,48,1,3,4,3,22,108170,60,9,71,87.36,9.77,100,1,1
841,4724,25,0,0,1,0,2,50985,58,8,11,86.61,6.28,59.51,0,1
842,5663,52,1,3,5,2,32,98176,48,12,58,88.46,10,100,1,1
843,2834,44,0,6,1,0,19,129807,40,12,12,76.82,8.4,93.82,1,1
844,2542,29,0,2,0,2,5,118806,44,4,59,73.44,7.14,77.24,2,1
845,6889,26,1,1,4,1,1,128057,45,23,23,92.86,10,100,1,1
846,2743,43,0,1,1,0,19,145030,44,9,52,86.7,10,100,1,1
847,5995,59,1,2,4,0,34,135667,44,1,53,72.39,7.92,100,1,1
848,2714,43,1,3,3,2,19,143214,38,24,79,83.67,10,100,1,1
849,5987,35,1,1,3,1,13,32366,32,1,28,76.11,2.8,49.08,3,0
850,3537,33,0,2,3,0,9,112805,55,5,78,77.52,8.66,82.11,2,1
851,8778,41,0,6,5,0,21,100498,53,14,16,72.52,9.2,83.2,2,1
852,7034,25,0,0,5,0,2,170402,33,24,37,81.04,8.62,94.36,1,1
853,4952,30,0,5,0,0,6,125079,51,17,21,92.07,8.85,92.32,1,1
854,8119,42,1,3,5,0,17,148097,51,21,25,85.5,10,100,1,1
855,6045,35,0,2,3,2,8,154471,35,23,61,78.87,10,100,1,1
856,7413,49,0,6,1,2,22,92460,51,13,46,80.94,10,100,1,1
857,7671,58,0,6,0,2,36,102204,41,23,78,91.68,8.9,100,1,1
858,2176,56,1,5,3,0,36,165899,42,22,4,94.07,9.56,100,1,1
859,7454,39,1,6,3,0,15,104434,49,23,21,81.35,10,100,1,1
860,2016,44,1,2,3,0,19,109394,35,5,59,98.3,10,100,1,1
861,3292,22,1,4,4,0,1,77776,56,8,54,95.86,8.36,73.67,2,0
862,4985,53,0,0,0,1,33,101158,56,24,54,98.52,9.16,100,1,1
863,8085,31,1,0,0,2,6,92921,47,16,28,80.8,10,94.44,1,1
864,4034,26,0,4,2,2,5,61033,60,9,1,86.33,8.65,55.33,0,0
865,8475,25,1,5,0,0,1,118210,34,17,36,86.71,7.12,77.87,2,0
866,3548,38,1,2,3,0,16,49945,33,7,4,70.91,7.93,66.1,0,0
867,1736,29,1,2,5,0,5,160258,38,22,25,90.28,10,100,1,1
868,2295,34,0,2,5,0,10,151687,44,4,62,98.02,9.61,92.1,1,1
869,5729,33,1,0,1,1,8,118016,39,15,70,73.78,10,99.27,1,1
870,8280,24,0,0,4,1,1,67621,34,10,32,71.93,5.75,58.17,0,0
871,9273,40,0,5,4,3,15,146234,39,3,67,85.96,8.36,86.42,1,1
872,4236,33,1,3,2,1,11,62441,54,10,2,73.68,7.37,65.98,0,0
873,4693,27,1,3,2,0,4,108621,41,16,12,95.23,8.33,82.89,2,0
874,6245,58,0,0,4,2,34,179682,52,15,28,93.12,9.23,100,1,1
875,7360,48,1,3,3,0,28,63871,56,3,9,89,5.92,68.9,0,0
876,1004,47,1,6,1,2,20,63909,53,9,3,78.71,7.57,75.38,2,0
877,2536,57,0,4,5,3,32,179342,39,9,35,89.31,10,100,1,1
878,7282,57,1,4,0,2,36,123071,50,16,78,90.05,10,100,1,1
879,5731,33,1,2,3,0,10,60528,56,8,61,74.17,7.41,83.2,2,1
880,7893,25,1,0,5,0,1,81946,39,20,23,73,9.64,84.58,2,1
881,3386,39,0,1,3,1,17,143223,32,22,79,92.65,8.89,100,1,1
882,2363,36,1,2,2,0,10,71813,58,5,4,91.66,4.91,61.2,0,0
883,5955,25,0,2,5,2,1,105301,32,16,42,88.13,8.97,82.03,2,0
884,6074,32,0,6,5,0,11,121481,57,21,57,85.4,10,100,1,1
885,5539,48,0,4,3,3,22,118767,53,19,49,85.94,10,100,1,1
886,8554,49,0,1,3,2,22,168572,37,15,25,86.92,10,100,1,1
887,2238,57,1,0,5,0,31,136022,36,1,70,86.05,7.55,92.52,1,1
888,3774,42,1,6,5,2,18,156258,53,22,26,86.19,8.91,100,1,1
889,858,24,1,6,5,3,2,93077,39,17,20,71.63,7.62,74.4,2,0
890,909,28,0,5,2,1,4,65470,45,6,5,85.52,7.27,64.79,0,0
891,7567,34,1,3,2,0,9,96840,57,16,57,71.79,9.27,94.55,1,1
892,6810,32,1,5,1,0,7,155363,49,16,53,91.46,8.65,100,1,1
893,2421,34,1,1,0,2,8,152583,43,20,35,96.63,8.28,100,1,1
894,893,31,1,0,5,3,11,68712,60,18,20,83.45,5.48,76.89,2,0
895,433,25,1,6,1,2,1,105748,37,16,61,75.06,7.91,95.86,1,1
896,3763,37,1,2,0,1,11,173106,55,15,66,78.74,10,100,1,1
897,1447,44,0,6,4,0,18,65594,50,8,19,71.3,6.45,69.48,0,0
898,6954,59,0,4,3,0,38,98078,34,18,53,86.71,10,100,1,1
899,5015,28,1,4,2,2,3,179532,41,11,76,74.26,8.88,94.3,1,1
900,4345,32,0,1,5,0,9,125892,59,20,12,88.31,10,95.97,1,1
901,1085,47,0,3,4,0,24,166719,34,2,57,98,9.3,97.03,1,1
902,3886,54,1,4,5,2,32,91214,45,3,35,80.38,7.19,93.14,1,1
903,760,26,0,1,0,0,1,165133,37,19,46,91.12,7.91,89.92,1,1
904,2286,23,0,1,4,3,1,62106,39,5,49,87.6,8.81,68.94,0,0
905,5635,54,1,2,2,1,33,171397,47,1,10,74.68,7.55,85.62,1,1
906,6025,43,0,2,1,2,22,92837,32,21,79,86.43,8.78,100,1,1
907,3499,45,0,1,1,2,18,104988,47,17,29,84.93,9.26,100,1,1
908,1276,33,0,5,1,2,13,99255,36,9,4,94.83,7.77,77.99,2,1
909,7619,48,0,5,1,1,28,93192,35,24,38,82.69,8.22,100,1,1
910,1644,34,0,0,2,0,10,140126,45,22,67,81.56,9.15,100,1,1
911,3117,23,1,1,2,1,1,111543,32,6,76,88.09,8.07,74.66,2,1
912,8540,31,1,4,0,0,10,121510,52,24,34,85.92,10,100,1,1
913,6237,54,0,1,3,1,27,107443,55,15,52,75.87,10,100,1,1
914,4809,24,0,2,1,2,4,155516,42,12,32,91.19,9.99,85.13,1,1
915,2658,40,0,4,3,2,16,76446,53,2,46,85.4,9.25,67.25,0,0
916,4469,38,1,3,4,0,15,148798,32,18,77,77.69,9.24,100,1,1
917,4754,35,0,0,4,0,11,118419,48,11,0,94.27,8.61,79.45,2,0
918,3982,48,1,4,4,2,24,106101,43,10,23,86.65,9.71,100,1,1
919,3442,34,0,5,2,0,13,66673,36,4,24,91.55,8.33,67.85,0,0
920,3909,29,0,3,5,0,4,120143,35,16,59,83.73,9.51,100,1,1
921,8050,58,1,6,2,0,33,117892,38,3,71,82.76,7.15,100,1,1
922,4275,37,1,4,1,2,11,111113,60,13,70,95.24,10,88.6,1,1
923,4533,24,0,0,0,1,1,78830,30,17,15,89.2,9.76,84.86,2,0
924,9026,32,0,4,3,2,5,63546,36,3,71,92.98,5.91,64.15,0,0
925,3081,28,1,4,4,2,2,42395,57,4,36,81.78,5.67,55.07,0,1
926,9275,57,1,2,5,0,33,94096,38,20,44,87.54,9.44,100,1,1
927,538,26,1,2,1,0,1,75330,59,24,3,83.99,6.73,84.96,2,0
928,4217,34,0,2,4,0,11,93736,43,18,71,72.5,9.63,100,1,1
929,8395,24,0,3,3,0,3,117584,50,22,15,99.83,10,92.9,1,1
930,2478,23,1,3,5,0,1,136111,39,22,12,96.7,9.09,100,1,1
931,1151,37,0,4,4,2,15,91778,50,12,59,82.2,10,98.71,1,1
932,1090,49,0,1,3,1,23,99854,36,14,46,98.49,10,100,1,1
933,1838,27,0,2,5,3,3,67153,49,7,36,82.83,5.66,64.92,0,0
934,494,59,1,3,3,0,32,162805,54,11,32,92.03,10,100,1,1
935,3474,43,0,0,3,0,19,139485,60,20,38,75.52,9.01,100,1,1
936,5489,39,0,3,3,2,17,78676,58,9,25,94.93,7.31,76.74,2,0
937,8476,53,0,2,1,1,28,145965,45,20,55,70.55,9.47,100,1,1
938,7132,55,1,2,4,0,30,158860,44,18,47,78.33,10,100,1,1
939,5395,48,1,1,5,2,26,101432,45,4,32,73.09,7.89,82.14,2,0
940,3049,35,0,3,3,0,15,123902,49,15,55,79.93,8.24,100,1,1
941,6271,51,0,1,4,2,30,173251,57,24,74,92.25,10,100,1,1
942,1345,40,0,0,1,2,16,179025,31,24,37,80.87,10,100,1,1
943,1470,26,0,0,2,0,5,75797,44,7,36,95.29,5.58,62.18,0,0
944,6398,44,0,3,4,0,22,175550,36,17,18,88.25,8.48,100,1,1
945,6130,56,0,6,3,1,31,123639,57,17,13,96.93,10,100,1,1
946,3822,53,1,4,2,0,30,162725,48,14,72,98.18,9.85,100,1,1
947,3849,25,1,0,0,1,5,106489,60,11,55,77.2,6.68,71.4,2,0
948,7680,29,1,1,2,0,6,100236,45,9,12,96.78,10,92.17,1,1
949,6006,48,0,2,0,2,21,174156,48,11,68,78.75,10,100,1,1
950,9217,38,1,4,0,0,15,155842,37,11,58,73.5,8.91,89.77,1,1
951,293,25,1,3,2,3,5,41573,52,5,19,85.75,2.82,40,3,0
952,8539,55,0,2,0,0,33,170140,52,21,49,76.9,9.06,100,1,1
953,932,41,1,6,2,1,20,162322,34,22,5,79.11,8.61,100,1,1
954,3150,54,1,2,4,2,33,153763,53,15,13,82.48,9.86,100,1,1
955,3820,38,0,3,4,0,11,145779,38,14,51,81.48,10,100,1,1
956,1340,38,1,1,3,1,17,122322,54,22,19,76.68,8.28,100,1,1
957,124,55,0,5,2,0,35,105802,52,15,77,77.58,10,100,1,1
958,1659,53,1,0,0,2,29,112463,45,7,55,70.46,10,97.06,1,1
959,4093,57,0,3,5,0,37,105797,53,20,45,87.01,10,100,1,1
960,2118,29,0,5,3,1,3,100534,43,18,26,95.64,10,100,1,1
961,6442,36,1,3,4,0,12,151404,45,22,15,83.03,8.92,100,1,1
962,6000,39,0,4,2,0,16,141224,60,17,51,82.14,9.85,100,1,1
963,8602,23,0,2,3,0,1,107207,59,15,50,71.95,8.74,72.36,2,1
964,3365,23,1,1,4,0,1,136996,36,22,38,84.84,9.76,99.4,1,1
965,477,22,1,3,3,2,1,138226,49,21,26,76.04,8.07,96.53,1,1
966,3370,26,1,0,3,0,3,144348,49,23,48,79.94,9.01,100,1,1
967,8415,44,1,5,4,2,20,99466,58,18,78,90.37,10,100,1,1
968,4346,22,0,5,3,0,1,91351,56,15,5,99.06,7.03,76.82,2,0
969,8141,48,1,5,4,2,22,159786,33,19,5,85.3,9.44,100,1,1
970,3642,34,1,1,3,0,14,96858,53,21,43,82.09,10,100,1,1
971,1137,38,1,2,3,0,15,30395,40,6,19,71.26,4.34,50.16,3,0
972,6378,51,0,0,3,2,28,114676,34,9,26,71.24,8.5,83.93,2,1
973,4760,49,0,6,5,0,22,148013,49,13,32,73.24,9.24,94.01,1,1
974,8466,35,1,6,1,0,10,106603,42,12,65,94.63,10,100,1,1
975,6198,43,0,0,2,3,18,101470,35,2,60,91.73,8.18,79.01,2,0
976,1538,33,1,5,5,0,12,118390,53,8,23,84.34,7.15,81.3,2,1
977,3790,35,0,4,0,0,10,47211,36,1,31,79.02,4.44,40.06,3,0
978,3984,34,1,0,4,0,7,169781,54,18,13,82.51,9.31,96.97,1,1
979,8906,51,0,1,4,0,31,171985,46,2,15,84.64,9.62,88.33,1,1
980,6659,25,0,0,1,2,5,62467,54,3,68,93.59,6.27,65.23,0,0
981,3517,51,1,0,5,0,24,109547,43,6,9,94.56,8.34,100,1,1
982,1385,54,1,6,4,2,29,103057,40,15,13,71.59,9.35,100,1,1
983,3173,38,1,4,5,2,16,155195,50,15,34,94.76,9.19,100,1,1
984,6362,53,0,2,3,1,27,174983,50,8,73,79.99,7.92,97.87,1,1
985,4789,53,0,3,5,0,26,127930,48,17,33,81.86,10,100,1,1
986,238,39,1,6,4,0,12,171049,42,1,67,98.14,9.63,87.4,1,1
987,9090,44,1,4,2,2,18,94595,35,3,73,79.82,8.98,85.27,1,1
988,1925,25,0,0,3,0,1,152906,54,14,10,99.7,9.85,90.01,1,1
989,4633,47,0,5,0,0,25,75991,56,6,55,78,9.88,83.48,2,0
990,8946,36,1,3,2,0,16,103224,36,10,73,83.77,7.98,93.34,1,1
991,3525,30,1,4,3,2,4,41103,37,7,39,74.85,3.58,54.66,3,0
992,7562,28,1,1,1,2,6,97248,43,24,56,73.97,10,100,1,1
993,6290,49,1,3,5,0,27,125481,30,19,6,93.08,10,100,1,1
994,1094,39,0,2,4,0,18,80758,34,3,78,85.28,9.86,82.15,2,1
995,5425,25,1,2,4,0,3,130728,53,21,54,89.19,9.9,100,1,1
996,4123,47,1,2,5,0,27,133815,34,24,8,86.33,10,100,1,1
997,2991,36,1,3,2,1,11,117685,59,18,2,83.36,9.61,92.04,1,1
998,8702,42,0,6,0,2,19,153115,58,16,59,80.07,10,100,1,1
999,2374,32,1,3,5,2,5,41062,55,3,62,88.69,5.43,54.59,3,0
1000,1532,40,0,0,4,0,15,112647,52,14,33,70.6,8.42,76.29,2,0
1001,3114,52,0,2,5,2,27,142474,38,15,76,97.86,10,100,1,1
1002,7951,59,1,5,1,0,38,108951,53,14,47,78.61,8.83,100,1,1
1003,8582,30,0,5,3,2,9,152019,41,17,37,76.75,10,98.37,1,1
1004,5172,58,1,2,1,2,36,112444,56,22,29,88.29,9.11,100,1,1
1005,4389,30,1,1,0,0,5,153038,58,14,53,92.45,10,90.99,1,1
1006,229,40,0,5,2,1,18,111699,49,24,27,96.23,9.79,100,1,1
1007,1840,35,1,3,0,0,9,117086,51,22,63,84.66,10,100,1,1
1008,4473,58,1,3,4,0,31,152257,38,22,26,91.52,10,100,1,1
1009,794,50,0,1,4,0,30,172938,47,22,40,84.11,9.97,100,1,1
1010,5653,55,1,6,5,3,29,61404,57,5,51,75.42,7.76,74.4,2,1
1011,6403,47,0,5,1,0,26,145535,45,13,26,74.18,10,100,1,1
1012,5964,30,1,2,4,2,8,119687,40,8,6,83.11,8.99,72.53,2,1
1013,8449,46,1,6,1,1,26,137931,46,16,61,76.78,10,100,1,1
1014,8352,23,1,6,3,0,2,87825,53,12,54,91.82,7.27,77.35,2,1
1015,7828,38,1,4,3,0,12,112502,36,14,33,91.84,9.15,98.38,1,1
1016,4737,48,0,1,5,1,28,132176,53,14,13,78.55,8.88,100,1,1
1017,20,41,0,1,3,0,20,100324,56,8,64,75.31,9.25,78.68,2,0
1018,5831,44,1,2,2,2,22,92387,53,11,51,76.74,9.16,95.84,1,1
1019,3096,54,0,5,2,2,33,94297,41,7,40,85.46,9.04,100,1,1
1020,4143,31,0,2,5,2,8,164855,55,21,18,80.17,9.72,96.78,1,1
1021,2993,40,1,2,3,2,17,164526,35,2,58,99.99,9.51,95.3,1,1
1022,3523,33,0,4,3,0,11,163346,49,13,43,76.07,9.85,92.66,1,1
1023,1712,30,0,4,0,0,8,124364,43,9,58,91.48,9.38,100,1,1
1024,8373,26,1,5,0,0,1,179157,55,22,59,92.91,9.27,100,1,1
1025,7107,53,1,6,0,1,26,100745,41,19,79,93.29,10,100,1,1
1026,8166,46,1,5,1,0,24,98498,40,3,71,91.66,9.55,91.61,1,1
1027,9279,25,1,1,1,0,2,79309,33,9,58,75.53,7.39,68.52,0,1
1028,233,28,0,6,4,0,3,111413,31,8,0,93.97,9.05,78.24,2,0
1029,438,28,1,1,1,1,2,62218,47,9,13,88.78,7.48,65.85,0,1
1030,1847,53,0,4,0,3,30,157641,46,12,55,85.2,10,100,1,1
1031,1496,39,0,6,4,1,12,49859,39,5,2,83.49,5.68,55.82,0,1
1032,1862,39,0,4,4,2,15,93577,32,12,50,71.66,8.69,92.61,1,1
1033,3091,51,1,4,4,3,30,130663,38,17,73,76.48,9.24,100,1,1
1034,1399,36,0,3,4,2,16,75772,35,4,4,74.81,6.45,62.5,0,0
1035,6906,32,0,2,1,2,8,43599,48,12,9,84.86,7.7,69.75,0,0
1036,9071,51,1,5,4,0,30,116044,47,3,22,82.61,9.97,97.58,1,1
1037,5885,41,1,0,3,0,15,118106,31,21,5,75.94,10,100,1,1
1038,6157,44,1,1,2,1,23,106303,47,3,14,99.45,6.88,76.78,2,1
1039,3024,49,1,3,5,1,29,179363,34,10,41,86.71,10,100,1,1
1040,6778,23,0,4,0,1,1,60946,59,6,54,91.65,5.15,61.71,0,1
1041,5577,57,1,1,1,0,30,111311,49,4,27,91.13,9.2,100,1,1
1042,6680,33,1,6,4,0,9,140659,56,5,69,89.82,8.98,86.34,1,1
1043,6026,28,1,0,3,2,1,45006,36,6,56,74.14,5.59,47.57,3,0
1044,1545,32,0,6,2,0,6,179976,32,18,24,72.76,8.33,86.7,1,1
1045,2437,36,0,6,1,1,10,82580,58,10,12,98.59,8.57,76.62,2,1
1046,7369,22,0,4,2,0,1,30332,60,1,38,70.47,3.84,40,3,0
1047,487,49,0,3,4,2,24,176120,56,6,58,96.62,9.05,94.03,1,1
1048,1760,55,1,3,3,2,29,149262,51,15,31,75.01,10,100,1,1
1049,42,31,0,6,3,2,6,162036,53,17,70,72.67,10,100,1,1
1050,1555,36,1,5,3,0,15,97153,35,2,31,80.72,7.12,73.88,2,1
1051,5536,30,1,0,4,0,4,176388,42,15,45,85.19,6.66,87.12,1,1
1052,3745,24,1,6,5,0,3,74642,36,9,75,71.2,5.19,72.33,2,0
1053,1005,29,0,6,4,2,5,137310,45,20,23,93,9.21,100,1,1
1054,5426,50,0,3,0,2,28,111143,30,16,79,84,9.71,100,1,1
1055,4856,53,1,5,4,2,26,156635,44,12,50,89.39,10,100,1,1
1056,7784,35,1,1,2,0,10,44425,39,6,5,81.47,4.67,50.21,3,0
1057,7558,53,1,4,4,2,32,120194,59,14,36,88.6,9.79,100,1,1
1058,4844,43,1,5,4,1,17,121644,41,15,18,94.96,9.85,100,1,1
1059,1402,25,0,6,1,0,5,55410,32,10,39,80.5,6.27,58.47,0,0
1060,102,36,0,6,4,2,16,127756,43,10,41,86.64,10,100,1,1
1061,4210,30,0,6,5,0,4,53881,50,7,7,79.77,4.52,60.99,0,0
1062,5627,30,1,3,4,2,9,81527,37,1,69,87.07,8.33,76.21,2,0
1063,8180,41,0,4,5,0,18,160043,47,14,68,97.46,10,100,1,1
1064,6414,37,0,3,0,0,12,115511,52,21,63,95.1,8.44,100,1,1
1065,4129,52,0,1,0,0,30,168437,52,6,27,82.4,9.35,100,1,1
1066,251,50,1,1,2,0,24,80446,30,7,28,88.83,7.08,84.47,2,1
1067,1277,43,0,4,2,2,22,80517,34,9,27,80.3,8.41,77.05,2,1
1068,5020,42,1,4,1,0,20,129492,40,15,38,79.86,9.74,100,1,1
1069,8879,51,1,0,4,3,29,105797,52,15,35,96.85,10,100,1,1
1070,3552,51,1,1,4,0,25,104306,45,23,26,79,8.46,100,1,1
1071,6668,28,0,1,2,0,3,116149,49,6,60,96.39,5.54,74.89,2,1
1072,2776,42,1,0,0,2,21,81635,42,9,8,73.96,8.16,75.13,2,1
1073,3215,57,0,0,1,2,36,116015,54,10,48,74.27,10,100,1,1
1074,289,29,0,1,2,0,3,81584,38,18,34,88.06,7.26,79.11,2,0
1075,9228,52,0,2,5,2,28,129023,31,19,54,74.45,10,100,1,1
1076,7341,50,0,2,4,2,27,152969,55,8,33,75.35,9.82,87.72,1,1
1077,1817,31,0,3,2,2,4,53621,48,1,26,98.39,5.61,59.11,0,0
1078,1169,25,0,0,4,0,1,141843,52,15,30,99.04,8.84,88.98,1,1
1079,508,43,1,6,1,0,21,109163,43,16,64,80.48,9.36,100,1,1
1080,786,33,1,4,2,0,10,90594,41,20,43,81.5,8.48,100,1,1
1081,7733,22,0,2,4,0,1,64974,60,2,18,88.42,4.89,57.29,0,0
1082,134,44,1,2,0,0,21,68070,35,4,14,87.71,6.3,75.99,2,0
1083,389,31,1,4,1,2,6,93851,30,17,23,90.49,10,100,1,1
1084,3005,42,0,1,5,2,20,114003,56,20,5,94.94,9.74,100,1,1
1085,1907,25,0,3,4,0,1,142627,38,23,64,85.23,9.99,100,1,1
1086,532,58,0,0,3,0,31,162439,36,3,61,86.63,10,91.93,1,1
1087,6876,24,0,5,0,1,1,34830,52,7,8,81.99,3.42,41.14,3,0
1088,1297,54,0,2,5,2,31,96259,55,17,76,90.59,9.63,100,1,1
1089,1810,24,1,6,4,1,1,178078,39,20,70,93.51,10,100,1,1
1090,3509,32,0,0,0,0,5,169544,56,10,44,98.3,10,89.94,1,1
1091,6664,42,0,2,4,0,15,176512,58,19,32,73.35,9.61,100,1,1
1092,4655,36,0,4,0,1,13,67757,51,1,38,88.64,4.14,57.97,0,0
1093,3609,28,0,5,5,2,5,148065,33,23,44,85.22,10,100,1,1
1094,1961,36,0,3,0,2,9,78179,35,8,44,73.78,7.62,79.39,2,0
1095,978,41,0,1,5,2,14,105263,36,10,57,84.44,6.04,74.58,2,1
1096,7099,25,1,6,5,1,1,110551,49,14,54,85.74,7.44,85.89,1,1
1097,3740,53,1,2,2,0,27,141284,55,22,5,94.25,9.99,100,1,1
1098,2664,52,1,0,4,2,26,105986,59,3,56,98.44,8.31,76.64,2,1
1099,3990,51,1,6,3,1,30,95543,47,15,51,80.05,10,100,1,1
1100,777,50,1,6,5,1,26,126534,49,4,74,85.45,9.54,99.55,1,1
1101,6647,37,0,0,2,3,11,153165,56,13,26,89.08,9.14,88.89,1,1
1102,2648,46,0,6,1,0,19,162652,60,18,30,78.8,10,100,1,1
1103,4591,31,0,2,4,0,5,176491,45,16,17,78.45,10,93.82,1,1
1104,2178,38,0,4,2,1,18,171998,53,10,73,82.09,8.16,100,1,1
1105,4248,37,1,5,0,2,16,150062,60,17,9,83.68,9.94,87.65,1,1
1106,6434,42,1,2,1,2,19,101205,57,6,50,90.87,5.68,74.62,2,1
1107,3542,38,0,2,3,2,16,73336,31,9,20,98.43,7.68,77.35,2,1
1108,2826,47,0,5,4,0,27,93526,55,20,8,71.35,10,98.27,1,1
1109,8181,43,0,6,1,0,22,113707,42,4,55,81.26,10,99,1,1
1110,342,35,1,2,3,0,14,167593,54,23,65,90.86,8.9,100,1,1
1111,984,49,1,3,0,0,27,133188,60,21,26,92.35,10,100,1,1
1112,6289,42,1,0,4,1,18,177995,47,20,28,95,10,100,1,1
1113,918,40,1,0,4,0,20,158340,37,17,20,70.17,8.99,100,1,1
1114,9096,22,0,2,0,0,2,46506,60,15,5,98.33,6.95,69.16,0,0
1115,1703,29,0,0,5,0,3,92365,57,15,68,93.95,8.26,93.5,1,1
1116,2863,34,1,3,4,1,14,96472,34,24,32,92.18,10,100,1,1
1117,919,38,1,6,2,1,15,107299,30,12,31,76.75,7.11,71.84,2,0
1118,5267,49,0,4,3,0,24,149051,35,19,28,91.46,9.19,100,1,1
1119,8699,29,1,2,3,2,3,139334,49,16,60,97.66,10,100,1,1
1120,4091,42,1,1,1,0,18,110998,51,7,57,93.61,10,100,1,1
1121,8204,26,0,5,5,3,6,97438,37,10,31,83.04,5.69,82.47,2,1
1122,9252,41,1,4,5,3,15,147879,37,16,31,98.62,10,100,1,1
1123,6622,35,1,4,5,2,12,56087,30,2,31,98.15,6.27,59.61,0,1
1124,91,55,1,3,2,2,31,118368,34,8,43,94.77,8.96,100,1,1
1125,414,25,1,4,2,0,1,73786,52,1,32,98.76,6.37,71.72,2,0
1126,6819,36,1,6,5,0,14,163162,50,13,2,84.42,10,97.48,1,1
1127,3305,45,0,5,3,1,23,142196,39,7,18,92.69,10,89.89,1,1
1128,8154,51,0,5,2,1,26,149478,34,16,61,97.45,10,100,1,1
1129,5451,46,0,4,3,1,21,96360,60,17,77,70.63,9.63,98.42,1,1
1130,441,38,0,6,3,0,11,166757,56,16,68,93.77,9.83,100,1,1
1131,2882,33,0,5,3,0,6,96613,49,20,39,72.95,9.07,94.65,1,1
1132,7743,39,1,4,2,0,12,78686,31,3,67,79.88,6.48,69.99,0,0
1133,9050,48,0,6,5,3,24,113088,56,21,43,96.33,9.56,100,1,1
1134,5036,23,1,3,2,0,1,158040,46,12,65,83.43,9.93,90.9,1,1
1135,140,49,1,6,4,0,25,100246,37,22,60,87.68,9.45,100,1,1
1136,4300,25,1,5,0,0,1,63581,51,16,6,70.14,7.64,69.02,0,1
1137,3595,49,1,0,3,1,24,138708,44,3,39,97.84,9.8,100,1,1
1138,8061,52,0,2,1,0,30,134138,44,18,47,76.32,10,100,1,1
1139,7523,23,0,6,0,0,1,94721,60,21,74,85.3,9.07,100,1,1
1140,4355,52,1,2,4,0,32,127078,34,6,47,78.77,10,100,1,1
1141,8348,23,1,5,2,2,1,56632,43,3,45,72.87,5.79,58.31,0,0
1142,1309,39,1,1,4,2,17,172597,43,23,45,94.32,9.83,100,1,1
1143,2575,43,1,0,0,0,22,94983,38,19,50,70.95,10,100,1,1
1144,2939,59,1,1,3,0,33,172673,51,19,38,98.73,9.75,100,1,1
1145,3558,30,1,1,5,2,6,169624,46,23,49,76.05,9.26,100,1,1
1146,6398,59,0,1,2,2,34,114798,50,19,68,75.32,10,100,1,1
1147,3405,53,0,1,5,0,29,127204,37,2,50,90.61,9.36,98.28,1,1
1148,7578,22,1,6,4,0,1,42953,59,7,21,99.87,5.24,60.52,0,0
1149,742,32,1,2,2,3,7,165453,53,18,61,87.38,10,96.47,1,1
1150,5167,55,0,1,0,0,30,170516,30,6,61,71.07,10,93.55,1,1
1151,1557,31,1,5,3,2,8,55494,32,5,63,70.45,5.46,60.22,0,1
1152,1149,48,1,6,0,0,21,112443,44,18,9,81.3,10,100,1,1
1153,4,57,0,4,3,0,33,117190,54,6,49,80.95,10,99.48,1,1
1154,9198,22,0,5,1,2,1,145208,48,21,57,83.12,10,100,1,1
1155,7656,44,1,1,1,2,20,123700,51,17,76,79.34,9.78,100,1,1
1156,640,47,1,2,3,0,25,104878,34,21,8,87.44,9.32,100,1,1
1157,4308,28,0,0,2,2,3,74129,38,10,60,73.83,6.66,60.85,0,1
1158,6444,24,0,3,5,0,4,49560,46,9,11,76.89,5.42,63.82,0,0
1159,11,25,0,5,5,2,1,78280,37,4,73,98.08,6.99,76.38,2,1
1160,6082,27,0,2,2,0,7,39909,60,3,64,76.38,6.15,49.62,3,0
1161,5415,25,1,2,4,0,1,122046,50,15,73,83.1,10,94.23,1,1
1162,6027,23,0,4,0,0,3,90663,38,21,62,79.89,9.34,100,1,1
1163,5849,30,1,0,0,1,8,79069,32,4,38,76.42,7.19,67.12,0,1
1164,379,56,1,1,3,0,36,143106,39,10,66,99.46,10,100,1,1
1165,6208,40,1,0,1,0,17,100051,44,6,43,78.22,9.12,91.11,1,1
1166,7114,26,1,4,0,0,2,110710,51,14,29,81.25,7.81,78.36,2,1
1167,1226,26,0,2,3,1,1,63665,51,8,71,93.7,8.31,80.75,2,0
1168,5116,50,0,6,0,0,24,68417,41,1,6,90.65,8.36,71.82,2,0
1169,3572,52,1,5,2,2,28,116720,30,18,32,74.68,8.91,100,1,1
1170,7846,40,0,1,4,2,15,170488,48,6,31,93.71,9.69,98.14,1,1
1171,558,41,1,2,4,0,18,126180,31,24,62,95.23,9.45,100,1,1
1172,7516,25,0,2,0,0,5,78409,49,3,69,85.82,7.71,70.74,2,1
1173,1669,36,1,2,4,2,11,69488,30,4,19,90.46,6.41,63.58,0,0
1174,6610,33,1,5,4,3,13,144818,37,17,68,86.07,9.16,100,1,1
1175,3025,22,1,3,4,0,1,77533,48,10,68,90.56,8.04,75.66,2,0
1176,585,39,0,0,0,0,19,157519,30,17,17,81,9.92,95.49,1,1
1177,3270,59,1,3,5,0,39,132926,55,11,23,99.58,10,100,1,1
1178,5519,36,0,1,1,0,13,96136,34,2,75,88.43,7.73,75.25,2,1
1179,8893,22,0,6,0,1,1,81818,31,4,78,84.04,7.7,73.8,2,1
1180,9006,54,1,4,2,2,28,172201,44,5,55,89.3,10,100,1,1
1181,8725,22,1,3,4,0,1,122398,54,18,40,90.45,7.9,85.1,1,1
1182,7398,29,0,6,1,2,3,76417,45,2,35,83.74,5.74,61.45,0,1
1183,7196,26,0,3,1,3,5,174971,31,22,55,72.23,10,100,1,1
1184,7364,33,0,1,1,2,6,99495,52,15,42,98.7,9.69,100,1,1
1185,8306,51,0,5,2,0,27,110405,52,21,79,99.59,8.64,100,1,1
1186,780,35,0,3,3,1,13,142776,41,23,20,88.48,9.48,100,1,1
1187,4946,31,1,5,4,0,9,161455,42,21,44,77.66,9.9,100,1,1
1188,5493,27,1,5,3,0,2,78302,54,13,19,92.01,5.85,83.85,2,0
1189,5436,36,1,0,3,2,15,84500,58,11,26,87.58,8.63,78.35,2,0
1190,211,24,0,4,0,2,1,90215,34,17,14,73.93,9.88,78.67,2,1
1191,6693,40,1,2,2,2,13,113733,42,24,18,72.87,9.63,100,1,1
1192,5344,24,0,4,2,0,2,106745,42,11,28,96.44,8.91,73.3,2,0
1193,6120,39,1,4,4,0,19,119328,53,19,2,84.12,9.59,100,1,1
1194,1376,38,1,4,4,1,18,96884,40,3,7,92.15,8.35,82.67,2,1
1195,1088,30,0,1,5,2,7,41332,53,3,35,79.29,3.98,52.5,3,0
1196,6328,30,0,1,2,2,6,167015,42,20,42,91.56,9.1,100,1,1
1197,8991,42,0,1,0,2,22,111951,37,14,76,82.33,9.5,100,1,1
1198,3942,47,1,6,3,0,20,109763,49,18,34,95.35,10,100,1,1
1199,630,55,0,6,3,2,33,127918,40,22,69,95.08,10,100,1,1
1200,4814,55,0,2,3,2,28,54498,59,2,11,91.64,6.4,69.84,0,0
1201,65,28,0,6,5,0,2,129913,51,22,26,90.48,8.5,100,1,1
1202,8173,59,1,1,4,3,36,124890,44,13,71,98.08,8.87,100,1,1
1203,2121,29,0,1,2,2,9,84133,40,18,2,93.92,7.76,82.55,2,1
1204,222,28,0,5,0,0,7,121676,46,19,28,92.31,10,100,1,1
1205,9154,26,1,2,5,0,3,131495,32,21,66,73.63,8.32,94.24,1,1
1206,9253,56,1,1,5,2,30,130880,31,19,65,92.02,10,100,1,1
1207,6449,38,0,4,1,0,13,102941,30,15,51,94.06,10,100,1,1
1208,4554,50,0,2,3,2,23,115099,48,5,68,88.4,10,100,1,1
1209,3138,22,1,1,2,0,1,42721,46,3,28,94.62,4.91,54.71,3,0
1210,6574,26,0,5,0,2,1,109984,44,21,19,70,9.09,93.01,1,1
1211,9075,35,0,3,0,0,13,179973,42,17,5,93.75,10,100,1,1
1212,5976,22,1,6,4,0,1,34197,55,1,16,90.89,4.66,40,3,0
1213,6262,48,1,5,0,2,23,83758,60,4,60,70.08,7.49,76.64,2,1
1214,5568,27,0,6,5,0,5,171459,49,12,40,99.97,8.26,87.1,1,1
1215,4617,27,1,6,4,0,4,102442,48,22,43,86.7,8.97,100,1,1
1216,1135,31,1,2,4,2,11,174218,48,16,71,78.35,9.15,100,1,1
1217,8740,28,1,0,1,0,5,166693,35,15,70,88.74,8.52,86.92,1,1
1218,8855,47,1,3,3,0,25,173040,40,21,2,94.86,9.89,100,1,1
1219,7464,54,1,0,3,1,33,135153,49,12,16,86.4,9.25,100,1,1
1220,655,46,0,1,5,0,20,99222,60,10,8,79.33,9.91,77.93,2,0
1221,3864,49,0,1,5,0,27,96094,32,15,51,70.33,10,100,1,1
1222,2601,31,1,6,3,1,4,150040,53,10,63,90.08,7.38,91.92,1,1
1223,7208,31,1,4,0,0,4,178116,56,19,37,98.26,10,100,1,1
1224,7174,23,1,3,1,0,1,118223,53,20,46,88.96,10,99.71,1,1
1225,754,52,0,3,1,0,29,171080,56,5,53,71.95,9.63,95.6,1,1
1226,4950,33,1,3,4,2,13,92155,48,21,33,76.48,9.82,100,1,1
1227,3102,28,1,2,0,0,7,85602,49,6,78,70.11,5.95,74.49,2,0
1228,3177,22,1,4,4,1,2,62846,42,6,64,88.98,7.51,77.29,2,1
1229,2683,41,1,4,5,0,15,127538,35,23,51,96.99,9.28,100,1,1
1230,9334,31,1,4,1,2,6,96732,30,20,0,98.21,10,97.41,1,1
1231,7821,53,0,1,2,1,33,165918,49,10,61,90.67,9.61,100,1,1
1232,3601,53,0,4,3,3,29,167092,50,9,18,98.81,9.13,99.61,1,1
1233,7602,52,0,6,1,2,31,113461,47,11,43,77.66,10,100,1,1
1234,3905,30,0,0,3,0,4,38583,47,1,3,82.83,5.24,51.07,3,0
1235,9022,26,0,6,5,2,3,79010,35,10,45,74.52,7.81,70.32,2,1
1236,2685,47,1,6,4,2,25,64355,56,4,20,78.27,7.81,68.91,0,0
1237,8907,47,1,6,1,2,23,134985,60,8,28,78.06,8.9,88.24,1,1
1238,3814,57,0,1,0,2,33,173197,32,8,51,80.69,9.68,100,1,1
1239,6789,36,1,0,1,0,11,129116,47,22,5,82.04,8.87,100,1,1
1240,6326,48,1,5,0,3,25,77333,42,8,23,71.56,6.33,82.34,2,0
1241,3573,53,1,6,1,2,29,102930,48,7,44,75.21,8.48,100,1,1
1242,8937,45,1,5,4,2,25,92985,43,4,9,98.76,8.35,94.85,1,1
1243,9146,56,0,6,5,1,35,135076,36,20,17,96,9.82,100,1,1
1244,8077,47,1,1,3,2,20,153411,30,22,67,98.13,8.53,100,1,1
1245,4293,55,0,6,5,0,28,93569,44,3,67,79.01,9.19,93.21,1,1
1246,8031,48,1,4,4,2,27,179535,33,16,55,92.75,8.58,100,1,1
1247,8552,47,1,3,0,0,26,157381,47,23,74,95,10,100,1,1
1248,6537,26,0,5,3,0,4,107996,43,6,61,71.38,7.05,71.28,2,1
1249,417,43,1,4,1,1,23,90792,43,11,74,80.91,9.25,100,1,1
1250,6481,37,1,2,2,1,14,134870,34,17,54,87.45,9.38,100,1,1
1251,2314,47,0,3,1,1,21,112568,40,23,13,95.66,10,100,1,1
1252,3413,33,0,1,2,0,12,153175,38,19,5,95.19,7.7,96.02,1,1
1253,462,31,0,2,4,1,10,53907,48,1,67,87.11,5.76,68.54,0,1
1254,5990,55,0,2,2,3,34,129952,31,8,16,90.81,9.2,94.28,1,1
1255,9046,23,1,6,1,0,1,86990,45,16,6,91.87,6.63,73.39,2,0
1256,144,33,0,4,0,0,7,125779,60,20,8,92.4,8.77,100,1,1
1257,7202,52,1,0,2,1,27,110270,39,12,45,95.87,9.05,100,1,1
1258,2787,45,0,6,2,2,19,79064,47,4,12,97.04,6.85,79.1,2,0
1259,7991,26,0,4,3,2,3,174351,44,19,64,77.03,10,99.75,1,1
1260,6030,47,1,5,5,0,22,160949,52,24,79,79.39,10,100,1,1
1261,1321,43,0,6,1,3,23,166864,33,4,65,83.93,10,96.17,1,1
1262,9159,47,1,2,5,0,20,179017,47,16,47,90.45,8.13,100,1,1
1263,8037,57,1,0,2,0,36,177440,32,18,71,75.48,8.03,100,1,1
1264,3522,22,1,5,3,1,1,78247,39,6,68,77.43,6.33,64.81,0,0
1265,1227,40,0,3,0,0,19,114198,59,2,76,98.02,8.06,88.71,1,1
1266,4287,39,0,1,2,2,12,147849,34,13,27,96.19,10,100,1,1
1267,1371,50,0,6,5,0,29,120783,46,8,57,87.01,10,100,1,1
1268,3302,55,1,1,1,2,34,95364,41,17,58,96.17,10,100,1,1
1269,8015,23,0,6,1,0,2,59337,30,12,75,75.3,9.69,68.84,0,0
1270,7170,52,0,3,5,2,26,90891,41,2,46,93.03,9.8,90.23,1,1
1271,1099,42,1,5,5,0,21,94782,50,6,36,83.78,9.56,90.58,1,1
1272,4369,34,1,0,4,2,11,100376,56,18,9,80.39,9.27,84.17,2,1
1273,4565,46,0,5,3,0,20,119464,43,1,44,80.05,8.57,81.74,2,1
1274,6235,39,0,2,1,0,18,140918,37,24,17,87.29,10,100,1,1
1275,8669,49,1,5,0,1,26,100862,35,23,10,73.37,9.29,100,1,1
1276,8916,45,1,3,4,0,25,138192,31,14,74,87.88,8.81,100,1,1
1277,901,46,1,4,0,2,23,97645,43,8,47,99.48,10,100,1,1
1278,3041,40,1,2,1,0,15,112097,47,9,6,91.37,8.93,91.21,1,1
1279,7135,42,0,1,5,2,16,60762,56,4,31,73.63,7.26,65.04,0,0
1280,7537,59,0,0,3,1,38,95443,50,23,26,84.01,10,100,1,1
1281,344,52,1,4,0,0,25,105566,38,7,18,71.79,7.13,73.47,2,1
1282,7886,51,0,0,3,1,27,97076,36,18,5,96.21,8.92,100,1,1
1283,642,44,0,0,0,1,24,132139,34,17,78,96.9,10,100,1,1
1284,8885,31,1,4,1,2,8,107970,55,12,74,94.42,9.27,100,1,1
1285,9080,32,1,0,4,2,5,39710,37,3,1,99.06,5.26,48.07,3,0
1286,9106,55,1,1,0,2,32,133805,49,2,40,75.09,7.07,85.46,1,1
1287,1031,52,0,3,1,0,26,87264,40,3,3,80.78,7.11,76.3,2,1
1288,6502,59,1,2,3,0,39,112258,50,3,65,79.28,10,100,1,1
1289,8055,42,0,3,5,0,19,133130,37,17,20,70.53,9.32,98.41,1,1
1290,577,57,0,6,1,1,32,135564,53,24,39,96.78,10,100,1,1
1291,290,37,1,5,3,0,16,108187,58,13,78,83.62,8.33,84.77,2,0
1292,7917,23,0,1,5,2,1,103155,53,16,36,70.04,10,95.51,1,1
1293,2393,50,1,6,2,0,27,126680,40,7,48,75.41,10,100,1,1
1294,4526,58,1,6,5,2,31,163613,43,17,43,88.47,9.06,100,1,1
1295,3571,30,0,0,5,0,8,138503,31,19,38,85.37,9.78,92.64,1,1
1296,1639,45,1,1,5,0,21,123149,57,17,61,99.84,10,100,1,1
1297,5582,26,1,6,4,0,1,46126,34,1,10,84.98,3.94,40,3,0
1298,1199,36,0,6,1,1,10,103669,56,14,46,93.56,9.28,95.08,1,1
1299,5854,29,0,1,2,2,7,170596,55,17,31,95.86,8.53,88.84,1,1
1300,6937,53,0,4,1,0,27,174268,43,24,60,86.75,9.34,100,1,1
1301,3835,25,1,4,0,3,3,110742,31,23,60,86.49,10,100,1,1
1302,5650,59,0,5,4,0,36,159428,40,18,0,79.55,9.98,100,1,1
1303,3579,55,1,1,1,0,35,170880,34,8,39,70.81,10,91.56,1,1
1304,5141,25,1,3,5,2,4,117106,40,18,76,82.17,10,100,1,1
1305,1804,59,0,1,0,0,38,130309,45,7,32,94.58,10,100,1,1
1306,7092,35,1,0,3,3,14,135020,45,22,78,87.9,9.75,100,1,1
1307,436,59,0,0,0,0,38,170562,48,9,15,79.36,10,100,1,1
1308,7037,39,0,3,5,3,13,99442,58,16,20,87.97,7.59,92.11,1,1
1309,1195,49,1,6,5,0,23,179042,57,9,45,81.87,9.68,95.7,1,1
1310,1173,45,1,3,2,0,25,148791,46,18,31,70.77,10,100,1,1
1311,6440,42,1,2,3,2,15,101226,40,10,54,78.57,10,94.03,1,1
1312,1263,40,0,5,0,2,18,172124,56,23,12,85.01,9.72,100,1,1
1313,4252,22,1,0,3,1,1,45090,49,1,10,80.38,4.7,45.69,3,0
1314,4492,27,0,5,0,2,4,103673,45,12,16,70.4,6.96,79.88,2,1
1315,1947,48,1,1,5,1,28,171457,52,11,57,98.89,9.45,100,1,1
1316,1884,26,0,3,0,3,1,48621,32,2,24,71.09,4.54,40,3,0
1317,4333,48,1,3,5,0,23,91694,38,5,37,94.14,9.52,93.57,1,1
1318,6861,43,1,6,0,0,21,68463,39,6,52,71.17,8.27,71.37,2,1
1319,689,23,0,1,2,0,1,37562,40,4,15,97.52,6.15,53.82,3,0
1320,5559,22,1,1,1,2,1,55828,36,8,49,85.97,6.85,66.23,0,0
1321,3660,46,0,0,5,2,25,127242,54,8,51,93.08,9.23,91.3,1,1
1322,3929,43,1,1,5,2,22,118887,55,10,60,70.28,9.09,92.68,1,1
1323,1953,42,1,6,0,3,15,46066,54,7,6,78.52,6.14,68.87,0,0
1324,6331,24,1,1,0,0,1,48993,39,8,11,97.31,5.33,53.1,3,0
1325,3977,44,1,4,1,2,17,93497,60,13,75,99.45,9.26,100,1,1
1326,5662,30,0,6,0,1,4,130857,31,14,68,75.3,10,91.95,1,1
1327,2927,44,1,0,4,0,19,111248,39,3,68,94.44,9.41,89.54,1,1
1328,3870,59,0,0,1,0,39,118610,31,5,24,82.96,10,100,1,1
1329,9344,36,1,3,5,0,13,100886,34,15,7,77.96,6.81,87.68,1,1
1330,6325,43,1,5,1,2,19,113212,46,24,49,95.23,8.01,100,1,1
1331,1841,45,0,2,1,0,23,165400,37,21,43,95.93,10,100,1,1
1332,7036,56,0,3,1,0,33,168565,30,24,46,99.1,10,100,1,1
1333,9109,50,1,2,1,0,26,171163,34,24,49,79.5,8.92,100,1,1
1334,448,34,0,2,4,1,7,151829,43,13,1,78.71,7.96,86.58,1,1
1335,5347,44,1,1,2,0,20,140325,43,21,42,88.08,8.66,100,1,1
1336,8403,40,1,5,2,0,16,65614,35,2,32,89.87,6.75,80.39,2,1
1337,7507,57,1,2,5,0,30,150304,34,13,3,92.68,9.19,90.13,1,1
1338,1304,29,0,4,1,2,8,77361,59,16,37,90.6,8.53,76.65,2,1
1339,1274,58,0,4,1,2,36,141410,48,11,52,99.19,9.94,100,1,1
1340,1366,45,1,3,0,0,24,176450,38,19,14,88.2,10,100,1,1
1341,2433,22,0,5,3,0,1,115256,52,12,35,97.55,7.61,79.74,2,1
1342,4061,28,0,3,2,1,8,71811,35,10,6,93.78,6.23,73.2,2,0
1343,7078,56,0,2,4,0,34,110221,30,14,44,86.95,9.92,100,1,1
1344,7858,43,0,4,4,0,17,177914,33,14,50,97.78,10,100,1,1
1345,1091,59,1,3,5,2,34,114248,58,24,60,99.59,7.23,100,1,1
1346,829,40,0,2,5,2,18,164990,35,24,26,87.27,10,100,1,1
1347,8167,30,1,3,0,2,8,152150,37,22,38,94.19,9.6,100,1,1
1348,6338,25,1,4,0,2,4,89607,41,3,57,84.4,7.54,70.99,2,1
1349,2162,27,1,5,5,0,4,152714,37,23,10,86.22,10,92.97,1,1
1350,2125,28,1,2,0,0,6,119254,57,22,12,75.16,7.71,82.3,2,1
1351,8433,38,1,6,5,1,15,125765,42,24,78,95.8,10,100,1,1
1352,1664,44,1,0,0,0,23,76952,34,3,48,93.22,7.89,84.42,2,1
1353,5803,37,0,5,2,0,16,145773,51,10,30,76.8,8.75,98.74,1,1
1354,527,53,1,4,4,0,26,132205,33,20,73,72.39,10,100,1,1
1355,7284,38,1,4,0,3,11,160560,47,21,0,79.2,10,100,1,1
1356,4589,59,1,4,4,0,32,172915,45,19,55,99.6,9.69,100,1,1
1357,4714,37,0,6,1,2,11,157787,40,19,39,94.03,8.44,100,1,1
1358,1023,42,1,6,5,3,20,123762,46,16,35,98.33,9.27,100,1,1
1359,2066,52,0,4,3,0,29,111258,40,24,37,97.73,10,100,1,1
1360,2167,41,1,2,2,0,17,98922,37,7,4,74.47,7.46,71.13,2,0
1361,2125,51,0,0,4,2,31,159926,45,7,70,92.85,10,100,1,1
1362,205,25,1,2,1,0,1,62555,31,6,74,70.87,5.62,60.73,0,0
1363,3854,33,0,6,3,2,13,176348,50,19,44,88.63,10,100,1,1
1364,3664,47,1,3,4,0,23,75531,48,6,11,75.53,6.27,63.69,0,0
1365,7484,35,1,0,2,0,10,172089,40,18,24,94.11,10,100,1,1
1366,3487,58,0,6,2,1,36,92315,44,17,20,89.16,9.79,100,1,1
1367,3938,42,0,2,4,0,19,162554,47,22,71,93.2,9.72,100,1,1
1368,8975,43,0,0,0,1,18,79611,35,3,33,72.33,6.53,62.26,0,0
1369,8624,38,1,6,4,0,17,42599,32,5,40,71.2,6.91,63.87,0,1
1370,6837,59,1,0,5,0,32,151457,34,19,29,89.15,10,100,1,1
1371,1558,42,1,6,5,0,16,137656,37,1,61,98.76,8.39,88.6,1,1
1372,4000,23,1,2,2,0,1,38680,37,5,21,91.82,3.53,50.13,3,0
1373,8231,34,0,0,3,2,9,119789,51,11,10,91.56,7.03,72.13,2,1
1374,1053,54,1,1,5,0,32,120255,34,9,44,79.87,9.7,93.23,1,1
1375,8026,27,0,5,4,0,6,48540,56,6,7,89.63,4.84,52.18,3,0
1376,5106,30,0,1,0,1,4,142062,51,16,5,82.05,8.94,90.77,1,1
1377,2180,51,1,3,2,0,24,171646,38,8,5,81.6,9.05,87.55,1,1
1378,6122,49,1,6,5,0,22,152580,56,18,17,84.46,9.42,100,1,1
1379,6454,43,1,4,0,0,20,94311,58,6,56,92.02,10,82.6,2,1
1380,9115,42,1,4,2,0,22,164397,49,16,72,78.15,10,100,1,1
1381,5192,28,1,1,1,2,1,66306,31,12,59,76.59,7.72,70.76,2,1
1382,5637,52,1,5,0,1,28,174620,37,9,58,89.68,10,100,1,1
1383,8810,42,0,5,0,2,17,91135,40,14,16,85.97,10,100,1,1
1384,6894,43,1,5,3,1,22,104024,55,13,79,82.42,9.91,100,1,1
1385,5982,43,0,5,3,2,16,165756,45,11,62,76.51,10,98.43,1,1
1386,5179,27,0,0,5,2,6,30448,33,6,30,75.97,5.85,54.97,3,0
1387,1887,37,0,1,4,0,13,111341,30,7,74,70.67,7.42,70.91,2,0
1388,5420,44,0,3,2,0,22,163662,31,7,50,74.73,8.76,90.99,1,1
1389,6888,26,0,3,0,0,1,100000,37,12,73,87.53,6.45,77.29,2,1
1390,6442,41,0,3,2,0,21,174269,59,11,44,86.51,7.87,97.82,1,1
1391,8392,38,1,6,3,1,11,168488,58,16,15,88.29,8.57,96.39,1,1
1392,5512,44,0,1,3,2,23,122863,50,9,65,74.53,9.38,100,1,1
1393,841,39,1,2,5,0,14,134470,45,21,9,82.82,9.03,100,1,1
1394,5544,40,0,0,5,3,14,155615,53,17,43,79.04,9.86,100,1,1
1395,9033,47,1,5,5,0,27,109439,59,22,51,81.95,10,100,1,1
1396,838,52,0,3,3,0,28,142763,38,10,62,85.43,10,100,1,1
1397,4338,23,1,3,4,2,1,33872,47,3,36,96.39,7.51,54.05,3,0
1398,7669,33,1,2,1,1,8,110678,34,9,76,91.43,7.58,79.66,2,0
1399,7150,30,1,1,5,0,4,151321,35,19,64,93.38,10,96.3,1,1
1400,1034,28,0,4,4,0,4,118071,43,11,33,99.88,9.43,96.52,1,1
1401,253,37,0,3,4,0,16,124457,54,12,15,93.83,9.32,87.6,1,1
1402,7575,47,1,5,5,2,22,96621,31,2,52,94.31,8.78,94.02,1,1
1403,1504,51,0,0,2,1,29,178196,45,3,55,89.97,10,93.68,1,1
1404,1184,55,1,5,3,2,35,102328,56,15,47,95.07,10,100,1,1
1405,1316,29,1,5,5,2,4,90444,43,7,40,95.87,6.32,76.26,2,1
1406,193,50,1,3,0,2,29,92808,36,19,54,82.6,8.7,100,1,1
1407,1096,49,0,0,3,1,27,178456,49,10,11,71.03,9.35,88.21,1,1
1408,9288,36,1,1,4,0,9,101851,41,3,51,97.62,9.52,75.69,2,1
1409,6044,53,0,3,0,0,31,117235,47,13,23,82.69,9.88,100,1,1
1410,3380,22,0,1,0,2,1,41731,30,4,29,86.53,4.95,51.62,3,0
1411,8652,36,1,3,3,2,16,118604,42,12,36,71.97,8.1,96.54,1,1
1412,4418,31,0,3,2,0,6,161250,58,14,77,80.13,10,97,1,1
1413,94,37,0,6,5,0,14,116297,44,16,19,99.95,9.39,100,1,1
1414,7581,34,1,2,4,2,11,91403,50,21,5,91.47,10,95.53,1,1
1415,8094,33,0,0,4,0,6,62196,38,5,68,85.06,8.73,78.84,2,1
1416,4297,38,0,4,0,2,14,85269,31,13,12,90.86,8.61,77.33,2,0
1417,3396,32,0,3,5,2,9,75885,40,5,23,90.03,6.29,58.36,0,0
1418,2136,48,0,3,0,0,23,109290,31,24,27,95.88,9.61,100,1,1
1419,6159,40,1,5,5,2,15,151978,48,19,35,99.53,9.91,100,1,1
1420,8342,32,1,2,1,0,12,32794,53,1,17,73.11,4.44,40,3,0
1421,3773,26,1,0,2,0,6,57985,33,10,7,72.58,5.36,63.26,0,0
1422,4725,41,1,6,4,0,19,107986,57,21,50,96.71,9.81,100,1,1
1423,5093,28,0,1,5,0,1,70412,48,7,68,77.19,7.09,77.09,2,0
1424,4240,30,0,6,4,0,10,134067,52,21,43,70.84,10,100,1,1
1425,2922,55,1,2,3,1,28,169214,60,8,17,86.64,7.54,85.84,1,1
1426,8707,39,0,4,1,0,12,124133,59,21,60,74.11,10,100,1,1
1427,2356,48,0,2,2,0,22,113664,52,13,2,85.79,8.4,94.81,1,1
1428,1388,27,1,1,5,2,5,176900,41,14,28,94.82,10,98.53,1,1
1429,8623,30,1,1,1,0,5,111703,33,14,51,89.21,9.7,98.06,1,1
1430,4585,53,0,4,1,0,27,108913,37,19,70,73.31,9.43,100,1,1
1431,6127,38,1,0,5,0,13,90889,41,6,17,81.21,6.63,73.65,2,0
1432,4913,47,1,6,1,2,25,60135,46,1,54,77.73,6.19,81.16,2,0
1433,2398,37,1,0,3,0,16,149870,42,19,67,96.08,8.81,100,1,1
1434,7976,57,1,6,0,2,34,93159,55,16,58,78.69,10,100,1,1
1435,2609,46,0,6,4,0,22,117924,38,17,65,72.63,9.42,100,1,1
1436,7861,51,1,5,5,0,29,121811,32,24,44,76.07,10,100,1,1
1437,6091,52,1,5,5,0,28,90975,52,21,66,86.39,9.63,100,1,1
1438,3228,31,0,1,0,0,5,72427,58,12,61,82.18,8.68,82.11,2,1
1439,1515,35,1,0,2,0,10,96185,52,21,19,83.91,9.05,100,1,1
1440,2831,34,1,5,3,2,14,49680,48,2,5,84.21,6.13,66.52,0,0
1441,6125,37,1,6,3,2,15,166680,58,21,45,97.71,10,100,1,1
1442,1650,47,0,5,1,0,25,88429,49,5,9,98.09,7.85,83.19,2,0
1443,6656,49,1,1,4,0,24,137259,51,15,10,92.57,7.66,100,1,1
1444,162,52,0,1,3,0,29,130576,31,11,42,83.47,10,100,1,1
1445,281,42,0,2,5,0,17,162883,30,21,21,81.78,8.93,100,1,1
1446,1140,26,0,0,5,0,2,64815,45,4,40,81.46,6.25,60.3,0,0
1447,1879,39,1,2,2,0,18,179606,59,11,3,95.15,10,87.54,1,1
1448,6011,57,0,6,2,0,36,145998,46,6,6,86.39,8.31,92.06,1,1
1449,830,55,0,2,5,1,35,59307,59,2,8,70.99,5.18,69.08,0,0
1450,1949,47,0,3,2,0,22,112593,43,21,46,81.85,10,100,1,1
1451,7304,22,0,5,0,0,1,55213,53,6,37,87.93,6.9,61.93,0,0
1452,6897,44,1,6,1,2,17,54312,37,3,13,77.94,6.27,55.7,0,1
1453,3492,56,1,4,3,2,35,122632,45,1,9,82.7,10,97.36,1,1
1454,4684,37,1,0,5,1,17,92969,58,12,21,84,8.99,81.33,2,1
1455,4178,34,1,2,3,0,12,92806,51,23,66,74.59,10,100,1,1
1456,9173,54,0,1,2,2,33,117655,35,22,6,86.7,10,100,1,1
1457,72,45,0,6,4,0,23,131420,54,10,49,80.5,10,100,1,1
1458,2382,33,0,3,4,0,12,126744,47,16,13,88.45,10,100,1,1
1459,5256,42,1,0,4,0,22,135733,53,16,56,84.11,10,100,1,1
1460,4096,41,0,2,0,0,17,123632,56,3,73,70.34,9.33,96.04,1,1
1461,1683,27,1,2,5,0,1,37190,39,4,19,75.09,5.6,44.7,3,0
1462,2220,34,1,6,0,1,7,172782,46,16,36,71.64,10,98.4,1,1
1463,7590,31,0,0,4,0,6,97432,57,13,40,84.66,7.26,80.34,2,1
1464,857,29,1,3,0,0,8,158157,37,19,2,84.96,8.06,94.01,1,1
1465,7063,29,1,6,3,0,3,105964,42,17,56,72.19,10,100,1,1
1466,5779,39,1,4,2,0,16,170539,51,24,54,96.82,10,100,1,1
1467,9213,29,0,3,3,0,8,114689,40,9,59,91.24,9.22,85.17,1,1
1468,8159,36,0,4,4,1,14,170260,38,20,36,76.16,9.6,100,1,1
1469,6392,28,0,1,1,1,3,109416,58,14,45,84.67,8.7,72.29,2,0
1470,8032,23,1,4,3,3,1,95136,48,15,32,82.82,10,85.39,1,1
1471,8939,25,1,3,3,1,1,35314,57,6,6,76.41,3.23,40,3,0
1472,7084,46,0,5,1,0,20,116955,52,15,36,83.31,10,100,1,1
1473,1383,29,1,4,4,2,7,170598,47,10,40,81.95,7.22,86.34,1,1
1474,1829,57,0,3,5,0,37,117265,52,12,1,88.31,10,100,1,1
1475,8963,40,0,2,5,0,13,105615,45,2,50,99,9.95,95.46,1,1
1476,6312,29,1,5,5,0,2,179937,36,21,54,92.07,8.69,100,1,1
1477,7246,56,1,1,0,2,34,101116,54,4,9,94.17,10,89.39,1,1
1478,8314,40,0,5,4,0,17,179595,54,22,36,84.61,9.7,100,1,1
1479,3293,57,1,1,5,0,34,171454,52,16,3,96.92,9.16,100,1,1
1480,2923,46,1,5,4,2,25,43962,32,1,4,93.06,6.86,63.84,0,1
1481,5594,25,1,4,3,0,2,91601,32,22,71,91.52,9.85,100,1,1
1482,1716,38,0,1,2,0,17,116102,56,9,53,89.52,7.92,74.32,2,1
1483,8760,46,1,5,2,1,21,105426,60,11,5,99.57,9.13,100,1,1
1484,775,56,0,0,0,0,31,74389,53,6,10,87.6,8.6,83.41,2,0
1485,1676,42,1,2,0,2,20,132354,45,22,17,82.97,9.9,100,1,1
1486,68,29,0,6,3,0,5,48081,43,4,7,71.03,4.82,43.39,3,0
1487,4454,31,0,2,5,0,6,100167,60,11,70,84.38,9.22,77.09,2,1
1488,254,31,0,6,2,0,10,153305,54,18,78,87.13,10,100,1,1
1489,3641,51,1,6,1,2,28,104328,58,21,8,71.82,9.83,100,1,1
1490,6917,29,0,2,2,1,7,30339,54,4,10,73.51,3.48,52.73,3,0
1491,5002,43,0,0,4,0,18,41224,34,5,19,72.5,7.14,68.85,0,1
1492,4705,57,0,4,3,2,30,107399,45,16,9,91.99,9.27,100,1,1
1493,3848,37,1,6,0,0,16,159050,54,20,57,94.33,9.5,100,1,1
1494,2008,23,0,2,3,2,1,107085,58,17,73,94.63,9.1,100,1,1
1495,8283,33,1,2,1,3,10,109568,53,12,17,80.33,8.78,84.93,2,0
1496,4090,39,1,0,0,1,14,153236,45,14,24,96.04,10,100,1,1
1497,120,57,1,5,1,2,32,135678,33,13,3,78.97,8.94,90.79,1,1
1498,9225,52,1,6,3,0,30,119046,56,19,19,76.51,9.17,100,1,1
1499,4085,24,0,2,5,0,1,119678,55,13,77,84.82,7.17,77.18,2,1
1500,5019,40,0,5,4,1,19,134656,48,9,73,81.77,9.72,100,1,1
1501,610,41,1,3,0,0,18,94074,34,10,5,97.22,9.54,84.76,2,0
1502,2076,33,0,3,0,0,6,93436,38,13,18,85.09,6.75,73.05,2,1
1503,4462,34,1,6,1,0,10,82068,58,5,45,87.78,8.16,82.61,2,1
1504,367,52,0,2,2,2,27,97004,39,18,35,88.77,9.97,100,1,1
1505,3246,39,0,2,0,0,13,114236,52,20,35,73.14,10,100,1,1
1506,5005,44,0,3,5,0,18,143276,53,5,44,78.72,6.69,88.88,1,1
1507,6385,58,1,1,2,0,34,118897,54,13,11,84.81,8.01,100,1,1
1508,7714,49,1,5,3,2,22,91745,39,22,31,76.31,9.29,100,1,1
1509,1164,47,0,3,0,0,22,160123,57,13,46,82.78,9.12,97.52,1,1
1510,7053,58,1,3,0,2,35,166310,45,22,15,70.16,10,100,1,1
1511,5055,58,0,3,1,0,31,174565,51,17,37,80.59,10,100,1,1
1512,564,28,0,5,1,2,3,73440,32,9,46,85.37,6.36,71.78,2,0
1513,1750,58,1,2,2,1,32,136894,33,2,77,85.92,8.67,92.51,1,1
1514,8198,43,0,2,2,0,22,150941,54,23,60,83.72,9.52,100,1,1
1515,2682,34,0,1,0,3,8,178706,53,6,66,85.16,9.58,87.27,1,1
1516,4521,26,0,6,4,0,1,175222,45,17,33,81.46,10,97.13,1,1
1517,8193,55,0,6,4,1,33,62998,34,7,7,77.78,8.71,78.54,2,0
1518,1075,35,0,1,5,2,14,70448,30,1,59,99.9,6.82,68.75,0,0
1519,6498,29,1,1,3,1,8,38689,54,2,69,77.7,6.25,52.49,3,0
1520,8656,23,0,0,2,1,1,46004,35,11,20,72.09,5.16,48.06,3,0
1521,5564,54,1,5,3,2,30,110121,47,6,52,88.37,10,100,1,1
1522,6569,49,1,5,2,1,27,135174,59,20,2,95.58,10,100,1,1
1523,5866,22,0,4,1,2,1,70991,39,19,7,91.02,8.57,84.8,2,0
1524,6034,46,1,3,3,1,23,133746,46,23,24,77.02,10,100,1,1
1525,6081,25,1,4,5,1,1,35418,55,2,9,89.56,3.88,40,3,0
1526,4906,31,1,2,1,2,5,48073,42,2,16,80.42,5.06,50.87,3,0
1527,4088,51,0,0,1,0,31,174462,38,18,18,75.59,10,100,1,1
1528,3877,48,0,5,0,0,26,132568,54,14,67,88.05,10,100,1,1
1529,1014,32,0,4,0,0,11,142443,37,21,20,78.02,9.49,100,1,1
1530,3713,27,0,3,4,2,1,76453,46,9,11,95.68,8.17,72.98,2,0
1531,4420,58,0,1,5,0,34,99216,39,11,8,78.23,10,100,1,1
1532,3427,32,0,0,3,0,12,41047,36,2,14,73.64,4.35,41.23,3,0
1533,1987,56,0,2,3,0,33,124341,54,6,71,96.73,10,100,1,1
1534,1648,51,1,5,1,3,31,169941,46,24,76,98.36,10,100,1,1
1535,80,30,0,4,0,0,7,74628,55,5,73,95.72,7.74,82.06,2,1
1536,5489,43,1,2,2,0,18,164399,42,22,20,72.91,10,100,1,1
1537,8233,52,1,1,1,2,32,110791,59,21,50,90.46,8.46,100,1,1
1538,7667,53,0,6,1,1,33,158718,31,24,4,85.96,8.9,100,1,1
1539,3797,56,0,4,0,2,32,160085,34,22,48,99.38,10,100,1,1
1540,3626,55,1,3,4,2,34,157762,46,4,32,97.25,10,100,1,1
1541,1079,51,0,6,5,0,30,85700,58,3,22,78.81,6.34,73.49,2,0
1542,3597,49,0,2,1,0,22,120755,50,24,25,91.87,8.55,100,1,1
1543,6231,47,0,3,5,0,27,98299,31,23,69,75.93,10,100,1,1
1544,1572,26,0,3,0,2,6,140000,45,21,64,88.63,9.15,100,1,1
1545,705,28,0,3,3,2,7,47739,60,1,1,89.97,4.93,49.14,3,0
1546,5659,45,1,3,0,1,20,167869,39,18,70,94.75,9.7,100,1,1
1547,4943,23,1,1,1,2,1,62282,49,1,71,81.35,5.87,59.38,0,0
1548,2227,26,1,1,0,1,5,97691,41,14,68,85.49,10,97.92,1,1
1549,7515,32,0,1,2,0,9,96731,44,10,30,95.35,8.06,81.51,2,1
1550,9346,51,0,6,0,1,27,131970,51,14,21,82.91,9.87,100,1,1
1551,1824,34,1,2,1,0,13,175348,44,13,57,91.24,10,100,1,1
1552,2998,59,1,3,5,1,39,101004,60,6,51,91.44,10,100,1,1
1553,6841,22,1,5,0,0,1,77467,42,13,23,86.02,8.34,81.43,2,0
1554,3366,58,0,1,0,0,35,107938,54,21,27,98.13,10,100,1,1
1555,6385,53,1,1,4,3,31,118994,44,11,73,97.61,10,100,1,1
1556,36,58,0,3,1,2,36,138431,43,7,10,96.24,10,100,1,1
1557,8908,49,0,4,0,2,23,165993,35,19,67,95.3,10,100,1,1
1558,2163,59,0,3,0,0,37,125344,45,18,13,85.31,9.08,100,1,1
1559,634,50,0,2,1,0,27,154372,36,16,17,84.13,10,100,1,1
1560,459,25,1,0,0,2,2,179262,41,18,38,86.59,9.06,86.88,1,1
1561,1196,52,0,4,1,1,25,113082,37,22,64,73.35,9.43,100,1,1
1562,690,25,0,0,3,0,1,114821,41,16,5,98.25,8.22,89.89,1,1
1563,6984,31,1,4,4,2,11,134280,36,18,78,94.41,9.56,100,1,1
1564,3170,51,1,5,0,2,28,157561,52,5,49,72.74,7.63,87.19,1,1
1565,4539,58,0,0,0,1,32,167818,53,9,10,94.47,10,100,1,1
1566,553,36,0,1,2,0,11,32349,51,3,13,78.96,4.47,50.14,3,0
1567,1517,27,0,1,2,0,7,125902,34,9,70,71.44,9.25,91.99,1,1
1568,2321,31,1,2,0,3,7,54012,43,4,26,78.13,5.8,62.26,0,0
1569,9270,48,0,0,4,2,28,148742,32,13,18,91.15,9.87,100,1,1
1570,4665,27,1,0,0,0,1,146919,54,17,38,99.96,8.27,96.97,1,1
1571,2555,54,0,3,2,0,34,97198,55,16,44,87.15,10,100,1,1
1572,7311,42,1,0,4,0,18,172339,37,14,53,74.26,10,100,1,1
1573,6346,40,1,2,1,0,17,179041,39,3,60,81.87,9.18,91.24,1,1
1574,6064,25,0,0,5,1,1,104891,52,21,21,84.8,9.89,98.9,1,1
1575,6863,33,1,2,3,0,6,134297,44,13,39,98.23,10,99.78,1,1
1576,6354,25,1,0,2,0,3,90826,55,18,50,89.3,8.9,93.62,1,1
1577,522,23,0,6,1,2,2,106406,40,17,13,93.56,10,100,1,1
1578,9066,59,1,1,1,0,38,98316,30,4,42,99.53,10,99.42,1,1
1579,1042,32,0,6,1,2,10,166789,46,2,75,93.46,8.35,89.3,1,1
1580,458,45,0,2,3,1,24,75925,54,4,2,87.3,7.34,71.76,2,1
1581,2671,31,1,4,3,2,10,154586,45,11,33,97.48,8.35,91.22,1,1
1582,2161,43,1,6,0,0,20,111788,57,5,53,70.97,10,95.51,1,1
1583,4367,50,1,6,5,2,26,153372,49,13,12,76.02,10,98.64,1,1
1584,4237,25,0,2,2,0,1,112421,45,10,11,96.24,8.2,79.34,2,0
1585,8076,31,0,6,3,2,5,129718,45,13,50,85.18,8.39,97.01,1,1
1586,5063,39,1,1,5,2,16,170166,47,19,58,96.84,10,100,1,1
1587,7293,40,1,4,4,0,19,68173,40,3,22,91.11,6.27,73.7,2,1
1588,8719,52,0,0,5,2,28,81021,41,4,51,72.26,8.28,83.88,2,1
1589,8200,31,1,3,0,0,4,142616,51,18,74,72,10,100,1,1
1590,4189,49,0,0,0,1,22,99832,56,20,60,94.96,10,100,1,1
1591,195,40,0,3,2,2,20,134935,46,22,15,85.82,9.76,100,1,1
1592,3685,42,1,1,4,2,15,179698,33,15,61,93.21,10,100,1,1
1593,5125,49,1,2,0,0,25,122726,55,21,47,94.74,10,100,1,1
1594,579,34,0,4,5,0,7,84193,46,3,64,70.51,7.13,70.61,2,1
1595,6278,54,1,1,1,3,34,91280,54,6,36,78.06,6.98,80.89,2,1
1596,7543,48,1,0,4,0,22,141342,44,11,65,85.63,10,100,1,1
1597,1426,37,0,3,2,0,17,141069,58,11,48,86.18,9.51,95.72,1,1
1598,1821,47,1,1,3,1,26,172273,41,10,30,94.9,10,100,1,1
1599,7769,44,1,5,3,3,19,158956,37,11,46,78.5,9.92,100,1,1
1600,1964,42,0,3,4,0,15,160825,56,11,4,98.73,9.94,89.16,1,1
1601,1460,44,0,2,0,0,18,105347,41,8,25,78.02,8.2,72.05,2,0
1602,977,55,1,4,0,0,28,156520,31,21,33,85.45,7.75,100,1,1
1603,5952,22,1,6,1,2,1,114459,58,21,54,98.75,9.33,100,1,1
1604,701,36,1,3,2,0,10,98806,35,14,54,97.35,10,100,1,1
1605,8048,56,0,1,4,0,32,113039,53,22,43,92.32,9.76,100,1,1
1606,8933,27,0,5,2,2,1,51855,56,9,76,84.84,5.62,67.38,0,0
1607,1742,37,1,2,1,1,14,100796,57,18,25,75.2,8.64,99.03,1,1
1608,708,28,1,1,3,0,8,114718,57,12,79,86.08,10,100,1,1
1609,7073,27,0,6,4,0,1,60333,33,10,52,94.63,7.86,84.42,2,0
1610,4911,54,1,4,0,0,28,169317,45,6,3,92.43,10,93.36,1,1
1611,6360,38,0,3,1,0,14,81113,30,8,52,94.08,8.6,74.31,2,0
1612,7732,51,0,5,5,3,31,107401,51,18,26,74.23,10,100,1,1
1613,2392,26,0,6,3,0,1,102759,33,19,0,97.43,7.72,76.42,2,1
1614,8298,49,1,2,0,0,29,115789,30,13,39,86.73,9.54,100,1,1
1615,376,31,1,3,2,0,9,170352,58,14,53,95.5,7.98,100,1,1
1616,7638,56,0,3,3,2,32,132044,58,3,36,97.49,9.38,100,1,1
1617,8288,31,0,3,3,2,7,78738,54,4,45,85.76,7.06,65.05,0,0
1618,2496,39,1,1,5,1,19,175406,48,10,28,71.07,9.36,90.97,1,1
1619,1696,49,0,6,4,0,27,169017,32,16,50,71.05,9.3,100,1,1
1620,6931,45,1,0,5,0,23,117571,49,10,62,78.34,10,99.97,1,1
1621,7424,22,0,1,2,0,1,43415,36,11,10,82.3,7.53,68.55,0,1
1622,8307,58,0,4,5,2,38,128875,58,21,36,94.9,9.9,100,1,1
1623,8563,37,0,2,3,2,15,71137,59,6,29,85.17,7.09,70.95,2,0
1624,763,48,1,0,4,0,21,98861,43,7,16,86.46,10,98.16,1,1
1625,7000,51,0,6,0,0,31,143702,32,19,70,86.37,9.93,100,1,1
1626,1037,27,1,5,0,0,2,83950,48,19,1,75.91,8.35,76.55,2,1
1627,6031,56,1,4,0,0,34,94158,48,19,20,71.58,8.95,100,1,1
1628,6913,50,0,1,4,0,23,104242,54,18,76,91.72,8.74,100,1,1
1629,5476,43,1,5,3,0,17,32225,33,1,12,81.32,5.65,48.63,3,0
1630,8984,47,0,1,2,1,21,120178,52,12,37,97.7,10,100,1,1
1631,223,32,0,5,2,2,6,130739,37,13,16,92.84,10,88.52,1,1
1632,4983,31,0,4,5,0,11,107099,59,7,9,92.2,6.18,72.32,2,0
1633,2859,55,0,4,1,0,29,161129,36,22,1,91.98,9.36,100,1,1
1634,3654,53,0,2,4,2,31,119968,57,10,74,89.7,10,100,1,1
1635,8128,43,1,0,4,1,20,85102,30,10,1,77.43,5.1,76.54,2,0
1636,340,30,0,2,4,0,10,149207,52,20,53,83.83,7.17,100,1,1
1637,6455,23,0,1,0,3,1,81437,49,5,51,88.28,7.25,70.5,2,0
1638,6317,34,0,1,4,0,14,118869,39,13,34,93.03,9.7,100,1,1
1639,4407,58,0,3,0,1,32,128458,30,23,17,88.25,10,100,1,1
1640,2779,26,1,4,1,2,1,59300,53,1,74,78.09,7.72,62.51,0,0
1641,7814,52,1,5,5,2,27,99028,39,14,20,90.8,10,100,1,1
1642,244,30,0,0,5,0,7,68770,44,10,45,75.43,8.4,65.88,0,0
1643,3646,27,1,0,5,3,6,73723,35,10,20,75.74,6.3,56.66,0,0
1644,8289,25,1,1,0,3,1,133382,50,22,79,72.74,9.6,100,1,1
1645,6358,43,1,1,0,0,16,165730,50,17,34,88.67,9.87,100,1,1
1646,6142,33,0,1,3,2,13,135797,57,19,48,81.39,10,97.93,1,1
1647,3961,33,0,1,2,1,13,124635,48,24,41,90.15,8.13,100,1,1
1648,4821,47,0,5,2,0,20,170759,32,23,40,74.23,7.87,100,1,1
1649,1239,53,0,1,0,2,28,116409,47,12,71,81.14,9.8,100,1,1
1650,4945,38,0,0,2,1,12,93857,49,6,7,92.5,8.85,90.11,1,1
1651,2457,33,1,1,4,0,13,113214,51,7,32,72.18,7.08,72.89,2,1
1652,7402,29,1,2,3,1,8,135267,43,14,73,74.37,8.67,100,1,1
1653,7912,41,0,0,3,2,19,113148,44,19,14,76.16,9.35,100,1,1
1654,8672,32,0,3,2,0,12,149790,50,14,51,79.97,10,100,1,1
1655,5554,41,1,2,5,0,16,66878,31,4,15,85.78,4.61,63.48,0,0
1656,5178,44,0,5,5,2,22,167355,55,14,56,88.29,10,100,1,1
1657,4604,33,0,1,1,0,6,164500,53,16,4,86.36,8.88,87.12,1,1
1658,7382,34,0,1,1,1,12,138522,43,18,33,90.85,10,100,1,1
1659,3979,55,0,1,5,1,33,141564,38,17,61,97.92,7.76,100,1,1
1660,8822,53,0,5,1,1,28,168255,49,17,4,84.82,10,100,1,1
1661,6323,39,0,6,3,0,13,149570,50,20,10,80.66,9.15,100,1,1
1662,8894,41,0,1,3,2,21,104947,53,19,67,74.52,10,100,1,1
1663,3954,40,0,2,5,1,13,119895,48,3,73,93.63,8.74,89.85,1,1
1664,9271,56,1,5,1,0,35,132380,42,22,51,74.9,10,100,1,1
1665,7387,47,0,2,4,2,27,154583,55,4,15,94.47,9.05,87.13,1,1
1666,4647,38,0,1,5,2,14,73602,54,1,62,82.65,6.48,65.52,0,0
1667,5659,31,0,5,1,2,11,61737,43,10,19,73.27,7.53,79.27,2,0
1668,8034,27,0,2,4,0,1,139119,59,23,57,96.22,10,100,1,1
1669,8053,30,0,1,2,2,6,155997,31,10,75,95.72,7.77,91.34,1,1
1670,466,55,0,0,4,1,34,158837,56,16,6,94.15,9.04,100,1,1
1671,188,39,0,1,5,0,19,46503,35,6,3,72.43,7.34,64.76,0,1
1672,4358,46,0,2,3,0,26,132736,46,11,76,92.86,10,100,1,1
1673,1503,52,0,3,3,0,28,169428,56,3,69,84.57,9.85,92.83,1,1
1674,6384,53,0,3,4,2,27,148396,49,7,39,93.22,8.62,96.35,1,1
1675,2404,59,1,6,1,2,36,149269,46,21,30,74.57,10,100,1,1
1676,6291,28,1,0,1,0,4,89811,30,13,53,75.9,8.77,75.28,2,1
1677,7601,24,0,0,0,0,1,177526,57,16,59,75.6,9.57,88.69,1,1
1678,9356,42,1,2,3,1,19,139421,42,12,0,82.37,9.02,91.75,1,1
1679,3681,44,0,4,4,2,21,113547,49,6,27,90.9,10,97.29,1,1
1680,8030,26,1,6,3,0,2,80387,56,9,21,88.81,7.57,70.43,2,1
1681,5277,49,0,4,4,0,22,169721,36,14,26,77.76,8.87,97.95,1,1
1682,7241,42,1,6,1,2,22,118194,32,18,36,92.28,9.22,100,1,1
1683,9367,40,0,3,2,3,16,119493,30,16,77,84.01,9.27,100,1,1
1684,5957,40,1,5,3,0,20,160270,31,11,47,86.59,8.74,98.48,1,1
1685,9102,23,0,1,1,2,2,58286,42,1,61,94.27,7.04,66.76,0,1
1686,5341,54,1,2,1,2,31,70864,46,3,12,89.86,8.25,78.55,2,0
1687,9153,57,0,3,3,1,37,106719,37,23,39,70.86,10,100,1,1
1688,5295,43,0,5,4,2,23,110872,58,18,1,99.9,9.46,100,1,1
1689,7389,45,0,2,4,3,25,122205,51,7,9,97.68,7.92,94.93,1,1
1690,3996,46,1,1,0,0,21,163803,56,13,75,93.77,8.1,100,1,1
1691,3373,28,0,1,1,0,8,47332,35,3,61,77.12,4.62,63.45,0,0
1692,4408,52,0,0,0,2,26,103531,57,6,31,85.79,9.92,91.94,1,1
1693,455,45,1,6,0,0,23,112066,44,2,21,81.79,8.81,85.3,1,1
1694,652,51,1,1,3,0,24,162277,42,22,24,82.85,10,100,1,1
1695,6355,28,0,6,3,2,4,80810,49,12,39,81.11,8.63,78.17,2,1
1696,4627,36,1,2,5,1,16,87648,48,9,30,79.31,8.49,83.15,2,0
1697,8542,31,1,1,0,2,4,76605,43,8,0,90.25,8.39,74.08,2,0
1698,2361,53,0,5,2,0,33,106090,33,7,18,79.2,8.12,100,1,1
1699,9003,22,0,5,5,1,1,33827,31,4,15,87.1,5.17,40,3,0
1700,6069,23,0,5,4,1,1,156137,30,17,63,86.17,9.86,94.48,1,1
1701,5075,49,1,1,2,0,23,160904,48,15,68,83.56,9.11,100,1,1
1702,7147,45,1,0,3,0,18,145186,49,6,24,83.61,9.3,85.27,1,1
1703,52,37,0,1,0,0,15,118577,34,23,54,92.82,10,100,1,1
1704,4372,33,1,6,3,2,6,178393,54,23,32,78.17,9.8,100,1,1
1705,8315,35,1,4,1,2,8,168104,58,21,51,77.61,9.69,100,1,1
1706,1450,45,1,1,3,0,24,104602,40,23,18,97.95,10,100,1,1
1707,1497,35,1,2,0,2,12,159741,40,20,21,84.49,10,100,1,1
1708,8878,45,1,4,4,2,25,177983,34,8,67,74.16,9.51,98.85,1,1
1709,5595,59,1,5,0,0,37,173668,40,4,48,75.79,10,100,1,1
1710,4849,48,1,5,1,1,25,125500,49,20,66,96.06,10,100,1,1
1711,7203,38,0,3,5,0,18,124708,57,20,66,97.35,9.32,100,1,1
1712,6476,58,0,3,3,1,31,91182,60,9,32,71.07,8.37,81.3,2,0
1713,2885,39,1,3,5,0,16,171690,52,17,28,95.57,10,100,1,1
1714,8873,27,0,4,5,1,1,134550,59,24,53,89.2,7.47,100,1,1
1715,2479,39,0,1,0,0,15,99878,30,15,34,82.31,7.43,73.46,2,1
1716,5494,51,0,4,1,0,26,132635,34,21,12,71.59,9.19,100,1,1
1717,5809,23,1,5,3,2,1,135221,59,24,30,97.78,10,100,1,1
1718,328,43,0,4,3,2,19,111335,47,4,38,99.51,8.42,81,2,1
1719,6768,57,0,4,4,0,32,168347,39,4,72,81.32,10,94.5,1,1
1720,7468,48,0,6,2,0,21,93083,50,1,66,86.96,7.59,77.61,2,0
1721,2814,54,1,0,1,0,34,144757,54,23,12,74.15,9.01,100,1,1
1722,5785,58,1,0,3,0,36,125916,58,12,75,78.48,10,100,1,1
1723,7609,52,1,6,4,0,32,167271,35,11,50,90.14,10,100,1,1
1724,3342,48,1,5,5,2,26,100300,57,5,63,93.87,9.76,88.72,1,1
1725,7280,53,0,5,0,0,30,115734,56,9,30,70.62,8.4,89.53,1,1
1726,280,39,1,3,2,0,17,157262,59,9,67,91.69,9.85,90.52,1,1
1727,3677,43,1,2,2,0,19,85836,55,7,32,82.75,6.73,80.37,2,0
1728,931,29,1,1,0,1,6,108298,44,6,4,93.19,8.85,84.02,2,1
1729,2469,31,0,4,3,0,10,66261,56,2,37,72.69,5.95,63.15,0,0
1730,2790,38,0,6,3,0,14,157635,59,10,6,90.06,8.75,85.32,1,1
1731,5868,48,0,6,5,0,23,136129,39,10,25,85.44,10,89.76,1,1
1732,2699,38,0,3,4,0,16,61381,53,1,61,99.97,8,75.13,2,1
1733,3987,50,0,6,1,2,30,114626,41,2,35,79.41,9.2,77.55,2,1
1734,4771,38,1,0,0,1,16,91946,31,22,28,88.39,9.86,100,1,1
1735,5607,35,1,3,1,2,11,67419,30,8,25,71.78,3.73,57.59,0,1
1736,1295,34,0,2,3,0,9,119789,34,20,16,73.16,7.86,83.63,2,0
1737,6612,52,0,6,5,0,31,167774,39,10,46,98.39,10,100,1,1
1738,9149,32,0,3,5,0,8,42226,51,3,52,70.31,6.02,66.89,0,0
1739,608,39,0,3,4,1,19,119415,48,16,0,79.27,10,100,1,1
1740,3375,27,1,2,4,2,4,92170,48,24,19,89.47,8.54,100,1,1
1741,7551,23,0,2,4,0,1,41557,46,1,32,76.52,6.32,54.79,3,0
1742,2809,38,1,3,2,0,17,128865,50,20,16,73.99,8.39,100,1,1
1743,1057,43,0,4,0,0,16,126108,45,9,74,97.01,9.7,96.38,1,1
1744,4328,55,1,3,3,0,30,156036,59,8,69,72.38,10,99.62,1,1
1745,9286,32,0,3,4,0,11,89832,49,8,52,79.47,7.47,78.87,2,1
1746,5238,32,1,3,0,0,8,93794,44,6,74,77.86,10,95.37,1,1
1747,7395,28,0,1,3,1,6,90327,32,14,1,94.31,6.71,70.91,2,1
1748,4092,53,0,6,1,2,32,133420,39,23,68,99.69,9.21,100,1,1
1749,5667,57,1,2,5,0,33,117572,60,20,77,74.74,10,100,1,1
1750,3910,38,0,0,4,1,12,179838,49,11,71,76.98,9.11,93.18,1,1
1751,2883,57,1,2,4,1,35,102992,48,15,32,85.57,10,100,1,1
1752,6764,52,0,3,1,0,26,129648,48,16,58,78.79,10,100,1,1
1753,1530,55,1,1,4,2,28,66690,50,7,5,83.13,8.43,63.16,0,0
1754,2103,40,0,2,2,0,17,163768,41,13,15,89.32,8.69,95.74,1,1
1755,1237,48,1,5,0,2,22,145704,40,17,45,74.11,10,100,1,1
1756,6820,24,0,5,5,2,4,50291,34,11,33,78.86,6.84,66.88,0,0
1757,1853,33,1,5,4,0,10,92007,41,15,15,92.08,8.58,80.49,2,1
1758,7425,56,1,5,0,0,33,62870,31,14,3,81.62,7.62,77.52,2,1
1759,4502,38,1,0,0,2,15,86970,44,5,28,93.23,10,83.48,2,0
1760,6343,43,0,3,3,0,16,70247,59,7,56,98.79,8.78,84.61,2,1
1761,5126,51,0,0,5,0,25,149341,44,14,63,78.84,10,100,1,1
1762,30,31,0,0,0,0,11,59230,33,4,75,70.89,5.3,59.03,0,0
1763,2951,34,0,0,3,2,10,50225,48,4,12,87.96,7.16,65.5,0,1
1764,2262,22,0,1,5,0,1,81117,32,18,18,95.82,9.05,83.84,2,1
1765,7731,27,0,4,2,1,5,127165,36,13,44,75.29,10,86.59,1,1
1766,6925,50,1,3,4,0,28,163198,36,1,22,80.71,9.28,88.43,1,1
1767,6756,43,0,6,3,2,18,149739,41,7,1,92.37,9.11,96.8,1,1
1768,5693,54,1,0,4,0,33,129866,58,9,30,83.83,10,100,1,1
1769,6055,42,0,2,2,1,15,169517,34,23,77,77.54,9.82,100,1,1
1770,1819,57,0,3,5,2,35,103790,33,22,79,89.23,10,100,1,1
1771,633,41,1,5,5,1,21,114551,60,3,29,80.93,6.44,70.97,2,1
1772,324,57,1,3,0,1,31,156064,44,19,40,89.79,9.24,100,1,1
1773,1086,43,1,4,3,0,19,173562,60,17,58,80.16,10,100,1,1
1774,6431,35,1,0,3,2,11,91705,49,15,20,75.77,8.83,92.71,1,1
1775,7421,48,0,3,2,2,21,95725,45,4,65,96.5,9.12,100,1,1
1776,4889,41,1,1,0,0,14,106515,31,12,71,89.36,9.78,100,1,1
1777,5878,32,0,0,3,0,5,62973,31,12,20,87.23,4.01,57.48,0,1
1778,1191,30,0,2,5,0,9,177472,49,19,67,90.32,10,100,1,1
1779,8536,38,1,5,1,1,18,178454,58,21,11,90.07,9.07,100,1,1
1780,5848,31,1,0,1,0,5,150572,52,13,26,89.41,9.13,86.72,1,1
1781,4998,42,0,0,5,2,19,170573,44,4,64,93.81,9.42,93.82,1,1
1782,3036,53,0,1,4,0,32,116188,40,17,54,80.4,10,100,1,1
1783,3356,30,0,1,0,2,8,143830,47,11,31,87.86,9.35,86.23,1,1
1784,1983,45,1,4,1,0,20,128221,51,22,73,71.92,10,100,1,1
1785,7944,57,1,0,4,2,31,96716,59,23,45,80.69,9.98,100,1,1
1786,2047,22,1,2,4,0,2,52170,39,6,44,82.92,6.27,58.23,0,0
1787,1927,58,1,0,0,0,36,135485,36,8,50,79.24,10,100,1,1
1788,4210,59,1,0,0,0,33,176223,36,18,66,88.51,9.84,100,1,1
1789,593,37,0,2,1,0,14,178373,47,19,50,83.43,10,100,1,1
1790,1054,49,0,0,5,0,24,120496,36,4,65,99.13,9.88,90.13,1,1
1791,8607,36,1,1,0,3,10,122206,34,24,74,91.05,10,100,1,1
1792,5739,58,0,3,3,0,34,112623,49,1,2,92.84,8.21,88.19,1,1
1793,7538,43,0,3,1,1,16,104291,47,11,11,80.5,7.12,79.21,2,0
1794,2688,55,0,6,5,0,29,165045,47,15,46,97.68,10,100,1,1
1795,1021,50,0,3,2,0,24,129899,53,17,1,71.95,9.82,100,1,1
1796,3739,29,1,5,2,0,2,116250,57,17,73,89.32,9.36,100,1,1
1797,3625,39,1,5,4,0,17,124754,43,12,41,99.59,9.65,100,1,1
1798,1514,46,0,6,2,2,23,60644,56,4,5,89.38,6.73,67.66,0,0
1799,336,54,1,5,3,1,30,118436,48,20,31,95.07,10,100,1,1
1800,5337,35,1,6,3,0,11,105770,58,18,51,87.01,10,96.83,1,1
1801,1782,49,0,6,3,0,26,51043,37,6,3,89.68,7.1,69.79,0,1
1802,2910,37,0,6,2,2,16,67839,30,10,6,98.12,9.2,80.23,2,0
1803,784,35,0,5,3,0,14,79689,58,6,45,93.77,7.93,76.09,2,1
1804,788,34,1,3,2,0,11,122059,57,16,75,97.72,8.86,100,1,1
1805,2240,32,0,1,3,0,7,95930,35,12,35,99.86,9.94,84.55,2,1
1806,3425,23,1,5,0,0,1,76832,58,6,55,95.28,8.19,70.1,2,1
1807,8169,28,0,0,2,0,6,178121,37,18,42,85.5,10,100,1,1
1808,1890,46,0,1,5,1,22,74334,56,1,77,70.31,8,76.11,2,0
1809,595,32,0,4,1,1,9,166572,44,17,42,95.07,8.81,100,1,1
1810,1439,32,0,6,5,0,8,101683,40,17,61,79.12,9.45,100,1,1
1811,5358,40,0,1,5,0,13,134963,33,10,77,77.83,10,98.08,1,1
1812,4486,34,1,6,2,0,7,125271,55,17,45,99.96,10,100,1,1
1813,8356,40,1,4,0,2,16,136557,42,22,36,99.38,9.02,100,1,1
1814,9079,55,0,3,3,2,32,115230,59,15,5,82.87,10,100,1,1
1815,7978,40,0,5,1,0,15,65704,56,3,27,80.08,6.53,68.3,0,1
1816,7557,46,0,4,5,0,25,78206,33,5,33,85.09,7.22,72.45,2,0
1817,1374,23,0,3,4,2,1,105993,34,14,79,97.86,10,100,1,1
1818,4073,36,1,5,3,2,13,106478,53,7,64,74.2,9.41,77.12,2,0
1819,4949,44,0,4,5,0,24,133375,60,15,70,97.45,10,100,1,1
1820,3237,24,1,4,2,1,2,115839,53,14,79,83.49,10,95.75,1,1
1821,8040,55,1,3,1,0,29,140382,36,17,71,91.4,10,100,1,1
1822,2009,48,0,5,5,2,23,97288,59,2,14,94.87,9.11,91.84,1,1
1823,5313,54,1,2,0,2,29,98048,36,9,54,79.39,10,100,1,1
1824,765,48,0,5,0,0,23,139645,57,10,42,71.67,10,90.76,1,1
1825,7697,24,1,6,5,0,1,171096,55,21,30,80.73,8.71,87.17,1,1
1826,7299,30,1,4,1,2,3,79276,46,7,4,81.4,4.97,60.41,0,0
1827,5270,51,0,6,0,0,25,133953,57,2,73,99.92,8.62,93.47,1,1
1828,635,36,1,5,1,1,11,157393,52,2,63,95.56,9.59,85.24,1,1
1829,8886,48,0,3,3,0,28,73319,34,3,59,74.34,6.97,72.01,2,1
1830,304,58,0,4,1,0,34,108898,44,23,67,92.48,10,100,1,1
1831,1250,57,0,2,0,1,30,139803,53,17,75,70.85,9.32,100,1,1
1832,4720,48,1,1,0,2,23,159058,50,4,64,93.33,8.84,92.88,1,1
1833,6301,31,0,5,3,0,10,108001,40,14,76,74.42,10,100,1,1
1834,6267,24,0,3,1,0,1,114919,55,19,16,83.3,8.56,96.81,1,1
1835,7054,34,0,6,2,0,14,76975,39,7,32,70.81,8.19,78.39,2,0
1836,1751,29,0,3,1,2,4,143000,53,15,70,94.08,10,100,1,1
1837,1665,27,0,0,1,2,1,64274,34,12,32,99.34,8.47,72.29,2,0
1838,155,53,1,2,5,1,30,153428,42,19,44,82.16,9.11,100,1,1
1839,4154,58,0,6,5,0,38,153475,55,11,46,89.24,9.66,100,1,1
1840,6485,26,1,0,0,0,2,72205,55,16,0,79.44,5.51,60.54,0,1
1841,6482,51,0,0,2,1,29,91376,41,15,37,80.73,10,100,1,1
1842,2926,51,0,2,1,0,25,127043,50,17,3,89.97,10,100,1,1
1843,2858,56,1,3,4,0,33,149423,42,15,74,97.75,10,100,1,1
1844,4648,51,1,0,1,1,30,143565,38,7,50,82.82,9.03,100,1,1
1845,5596,24,0,1,3,0,2,145878,52,23,9,76.95,9.45,100,1,1
1846,7803,25,0,4,3,2,1,55009,32,6,53,99.36,7.31,67.79,0,0
1847,4008,26,0,1,4,0,1,160272,56,23,41,99.09,10,100,1,1
1848,718,41,0,4,2,2,16,159098,39,18,11,95.75,9.71,100,1,1
1849,2800,52,1,4,1,2,25,142584,41,2,71,96.9,10,100,1,1
1850,4019,34,0,4,3,1,7,74903,36,16,10,76.13,7.42,81.04,2,1
1851,7745,42,0,0,3,2,16,154414,33,15,58,73.1,8.36,100,1,1
1852,8397,45,0,1,0,0,18,179399,34,10,59,93.95,10,100,1,1
1853,2906,32,0,6,2,0,10,68280,34,16,30,91.87,6.43,77.64,2,1
1854,1937,52,0,2,2,0,31,108146,53,2,13,96.78,10,74.13,2,1
1855,7860,37,1,1,5,3,14,98418,43,16,46,81.78,9.13,98.68,1,1
1856,6871,31,0,3,3,0,7,112791,58,23,25,81.42,10,100,1,1
1857,7397,38,0,4,1,2,15,69973,48,6,36,87.93,6.85,82.13,2,1
1858,4460,23,0,4,4,0,1,47813,30,1,38,90.5,5.22,52.51,3,0
1859,3100,43,0,6,2,0,20,160938,58,23,3,75.1,9.98,100,1,1
1860,8595,45,0,1,1,0,19,139229,48,22,25,90,10,100,1,1
1861,111,44,0,5,1,0,18,117862,40,12,17,83.72,5.93,82.27,2,0
1862,8570,53,1,0,1,0,29,154102,50,20,40,75.18,8.4,100,1,1
1863,3505,52,1,2,1,0,32,148952,42,16,34,82.67,9.64,100,1,1
1864,7409,34,1,3,3,0,8,170067,37,8,73,91.27,9.25,89.76,1,1
1865,717,28,0,4,3,0,8,163721,54,14,16,76.36,9.91,95.94,1,1
1866,8676,23,0,6,2,2,1,147254,47,23,30,81.84,9.64,100,1,1
1867,9044,28,1,1,1,0,1,129708,54,24,30,85.61,7.59,100,1,1
1868,3047,56,0,4,1,0,36,98127,48,17,21,87.35,9.87,100,1,1
1869,5136,52,0,3,5,0,29,168874,45,18,54,94.25,10,100,1,1
1870,1502,58,1,3,5,0,33,143749,59,17,42,77.15,10,100,1,1
1871,6105,52,0,6,3,0,32,148274,53,18,44,78.78,10,100,1,1
1872,9035,27,1,4,5,3,2,38244,37,1,52,84.02,5.36,45.07,3,0
1873,4377,51,1,6,1,2,26,133654,38,14,62,99.14,9.52,100,1,1
1874,409,28,1,0,0,2,1,38174,30,5,35,91.03,3.2,47.72,3,0
1875,768,48,1,4,5,0,22,114394,40,5,65,88.07,9.2,89.76,1,1
1876,3916,31,1,5,3,0,8,141759,48,10,7,80.83,9.65,90.46,1,1
1877,9038,31,0,5,5,0,5,95583,35,11,16,76.33,7.14,71.65,2,0
1878,6077,24,0,2,1,2,3,91634,48,15,16,79.37,8.37,86.45,1,1
1879,8671,34,1,3,0,0,8,121131,43,12,38,78.12,9.58,93.68,1,1
1880,2495,56,1,0,0,2,31,68203,38,4,22,98.89,7.26,83.12,2,0
1881,2264,45,1,0,3,2,20,94991,38,19,63,78.21,9.1,100,1,1
1882,9183,32,1,3,5,1,11,98392,55,11,1,71.89,7.25,71.33,2,1
1883,1700,58,1,5,5,1,33,143861,47,11,25,94.25,10,100,1,1
1884,8775,48,0,0,4,1,25,145700,32,16,67,81.36,10,100,1,1
1885,685,23,1,0,5,0,1,83710,34,17,11,85.34,7.38,83.15,2,1
1886,6161,41,1,0,0,1,17,72194,34,8,4,97.61,5.81,68.15,0,0
1887,7564,36,0,0,4,2,12,137083,55,13,60,72.7,9.75,98.97,1,1
1888,7266,47,1,1,3,0,21,122818,43,4,3,93.69,9.74,93.02,1,1
1889,412,48,1,2,1,0,22,108122,32,14,11,71.4,8.91,83.81,2,1
1890,1933,48,0,0,2,1,22,65015,37,1,9,89.85,6.15,63.15,0,0
1891,4400,44,1,4,0,0,17,102213,32,23,77,95.92,9.68,100,1,1
1892,9024,49,1,2,2,0,29,65736,37,7,21,73.37,9.6,81.26,2,0
1893,602,53,0,4,1,0,28,146480,49,24,64,92.56,10,100,1,1
1894,3872,36,1,6,5,0,15,55290,40,4,6,71.31,7.86,63.7,0,0
1895,5354,52,1,0,5,1,28,91198,49,16,71,75.85,10,100,1,1
1896,1040,49,1,5,3,1,28,172306,57,11,74,74.59,9.69,100,1,1
1897,2903,49,1,3,3,0,28,104876,56,22,70,93.88,9.15,100,1,1
1898,6343,37,0,6,4,2,13,39250,39,2,3,72.1,4.9,47.81,3,0
1899,8755,22,0,5,0,1,1,90797,32,23,25,88.08,10,100,1,1
1900,8486,39,0,5,2,1,13,77945,53,20,14,71.87,7.65,76.82,2,0
1901,4733,43,1,5,3,2,19,95877,56,17,54,98.26,8.95,100,1,1
1902,5556,54,1,3,3,0,34,147805,52,7,54,96.32,10,100,1,1
1903,3562,39,1,1,5,0,18,166587,31,13,24,77.31,8.78,88.52,1,1
1904,4132,32,0,5,2,0,9,86606,59,10,47,88.41,8.52,81.32,2,1
1905,2875,42,1,5,0,2,19,171438,40,13,30,88.23,10,100,1,1
1906,473,35,0,6,2,0,14,113382,51,8,30,97.17,8.61,70.49,2,0
1907,6945,34,0,0,5,1,13,133997,53,13,44,92.08,9.6,95.73,1,1
1908,9218,26,0,1,1,0,1,115781,47,10,32,99.55,9.33,84.1,2,0
1909,8484,28,1,2,5,2,1,124546,48,19,22,88.1,8.85,94.21,1,1
1910,6193,28,0,6,2,3,7,134055,47,23,57,88.45,10,100,1,1
1911,6603,33,0,0,5,0,13,114959,57,21,22,95.75,8.92,98.87,1,1
1912,352,32,1,5,4,1,9,105316,41,24,57,75.39,10,100,1,1
1913,5646,28,1,6,1,2,1,114188,37,22,30,90.95,10,100,1,1
1914,3351,59,0,5,1,2,37,149514,47,6,8,97.61,10,100,1,1
1915,3716,50,0,1,3,0,25,67988,52,4,6,94.68,8.54,76.59,2,1
1916,772,42,1,4,3,2,15,174698,55,17,17,76.81,9.41,97.72,1,1
1917,3171,46,0,3,3,0,26,131813,57,21,10,85.55,10,100,1,1
1918,6194,45,0,6,2,1,19,128718,60,21,71,96.92,10,100,1,1
1919,8023,49,0,3,0,1,23,137984,58,15,59,74.09,9.7,100,1,1
1920,7271,52,1,0,1,0,26,99868,38,20,79,81.47,10,100,1,1
1921,7105,53,1,4,5,2,30,112272,60,23,18,92.96,9.46,100,1,1
1922,3511,42,1,3,5,3,18,174935,59,18,55,78.45,9.91,100,1,1
1923,2477,44,0,2,1,0,23,96087,48,19,63,80.51,8.48,100,1,1
1924,9206,30,0,3,1,0,6,67853,42,4,39,79.12,6.32,68.49,0,0
1925,4934,51,1,6,1,0,28,105395,30,21,57,82.96,10,100,1,1
1926,2390,27,0,4,0,0,7,57574,41,4,51,71.24,5.35,59.14,0,0
1927,3503,24,0,3,1,2,1,61042,53,14,15,94.73,7.81,79.39,2,0
1928,627,50,0,2,1,0,26,176392,49,13,15,80.84,10,94.43,1,1
1929,5145,49,0,3,1,2,24,104929,48,11,39,93.82,8.31,100,1,1
1930,8102,33,1,0,5,2,6,174423,51,16,49,70.22,9.76,89.6,1,1
1931,1771,59,0,1,4,2,37,141050,33,12,44,74.97,9.02,100,1,1
1932,7531,39,0,2,1,0,16,143448,33,11,17,97.66,10,99.3,1,1
1933,1931,31,0,3,3,0,7,162025,39,16,65,83.9,10,100,1,1
1934,6153,58,1,4,1,0,38,118359,57,24,3,83.15,10,100,1,1
1935,4841,26,0,3,4,0,1,170375,57,16,59,93.4,9.82,95.56,1,1
1936,3855,50,0,4,3,2,25,103792,58,17,8,97,10,100,1,1
1937,4811,53,1,1,0,0,32,142236,55,13,53,77.64,9.52,100,1,1
1938,8410,37,0,1,4,0,12,126189,54,19,42,88.36,10,100,1,1
1939,7259,52,0,4,4,1,25,103489,43,21,49,91.3,7.76,100,1,1
1940,5794,58,1,0,1,0,36,151446,46,8,54,87.38,10,100,1,1
1941,6321,39,1,5,3,2,16,141090,49,12,56,73.04,9.29,98.96,1,1
1942,1789,40,1,0,4,2,17,100334,58,20,3,91.36,10,100,1,1
1943,235,57,0,2,4,2,36,111016,42,14,34,80.08,8.5,100,1,1
1944,5098,54,1,6,0,2,32,110494,49,18,4,84.07,10,100,1,1
1945,8063,25,0,2,3,1,1,80557,55,9,65,81.79,7.34,76.08,2,0
1946,9216,27,0,0,0,1,6,39534,46,1,8,78.81,5.39,50.11,3,0
1947,5073,49,0,3,4,0,27,103771,55,13,76,72.4,9.79,100,1,1
1948,7984,30,1,5,2,3,4,38283,38,3,26,78.66,3.46,45.27,3,0
1949,7568,34,1,0,0,0,11,129678,58,22,72,82.46,10,100,1,1
1950,6948,53,1,4,3,2,31,145918,54,20,33,91.61,10,100,1,1
1951,363,30,0,2,4,1,8,63104,55,6,39,75.54,6.79,67.61,0,0
1952,8612,25,1,0,1,0,4,106032,33,10,74,95.44,7.45,84.64,2,1
1953,6364,26,0,1,5,0,1,164499,41,11,58,85.27,8.7,92.13,1,1
1954,6809,57,0,3,1,2,30,98000,33,11,45,78.43,10,100,1,1
1955,8221,32,0,4,1,0,11,98012,58,13,30,85.93,9.48,85.61,1,1
1956,735,28,1,4,2,1,4,147988,36,23,31,95.26,9.88,100,1,1
1957,5629,24,1,4,0,1,1,75546,40,10,59,93.1,7.61,71.99,2,1
1958,1448,41,1,2,4,2,14,108215,60,7,49,76.39,8.45,74.37,2,0
1959,1284,27,1,4,3,2,1,78368,39,9,76,96.86,7.99,74.86,2,1
1960,6053,39,1,6,5,0,16,112169,49,4,56,78.85,8.75,78.51,2,0
1961,58,24,0,6,5,0,3,175643,40,12,57,89.48,8.62,87.59,1,1
1962,2797,47,0,2,5,0,20,130252,36,15,35,96.82,10,100,1,1
1963,4721,56,1,6,3,0,35,177141,33,5,56,87.68,9.05,100,1,1
1964,6474,39,1,6,2,0,17,131100,31,23,15,74.05,10,100,1,1
1965,8148,22,0,1,5,0,1,30713,40,6,67,70.05,4.6,54.76,3,0
1966,8240,41,0,0,0,2,18,72433,44,4,0,77.5,8.15,68.18,0,0
1967,9062,30,1,2,0,1,3,96173,37,19,36,79.88,10,100,1,1
1968,1562,42,0,2,0,2,18,96242,41,15,5,88.75,10,93.55,1,1
1969,2957,34,0,6,4,1,13,146875,36,8,32,97.84,8.71,94.54,1,1
1970,1998,41,1,4,4,1,14,126763,58,15,16,77.23,10,89.93,1,1
1971,6265,25,1,0,2,0,1,49767,55,4,36,78.99,6.34,45.87,3,0
1972,1491,37,0,4,5,2,12,107949,52,21,3,75.89,10,96.82,1,1
1973,1189,51,1,6,5,0,24,157166,43,15,43,90.77,10,100,1,1
1974,5064,37,1,1,1,1,11,116852,59,24,70,89.98,8.68,100,1,1
1975,8883,28,0,2,3,2,8,122668,40,20,17,81.55,9.03,99.78,1,1
1976,1013,25,1,1,4,1,1,130664,30,15,39,88.87,10,94.37,1,1
1977,471,37,1,3,5,3,12,127429,52,23,4,98.79,10,100,1,1
1978,4931,24,0,1,0,2,1,100283,35,24,4,84.71,10,97.93,1,1
1979,5282,47,0,1,4,2,27,61529,30,1,32,73.07,5.98,62.27,0,0
1980,9244,22,1,4,0,1,1,103490,52,24,75,72.84,9.76,100,1,1
1981,1723,50,1,5,3,2,29,177165,58,23,27,79.45,9.1,100,1,1
1982,5812,55,1,4,0,0,31,128438,51,2,16,80.36,9.25,89.76,1,1
1983,1996,51,0,3,4,0,30,135580,34,5,63,97.05,9.03,100,1,1
1984,5546,58,0,2,0,2,35,90063,43,17,59,79,10,100,1,1
1985,6313,27,1,2,3,2,4,146682,52,12,56,94.55,8.27,100,1,1
1986,2666,37,1,1,4,0,13,53894,36,3,35,78.06,5.01,63.93,0,0
1987,2445,52,1,1,2,2,25,135110,44,8,37,92.8,9.37,100,1,1
1988,3161,46,0,2,1,0,21,156771,36,15,65,96.09,10,100,1,1
1989,9065,48,1,2,0,0,24,146848,42,4,63,91.13,9.91,100,1,1
1990,1803,32,0,1,3,2,12,49962,33,6,7,72.91,7.09,65.65,0,0
1991,412,32,0,2,4,0,10,146162,44,21,49,75.83,8.58,100,1,1
1992,5930,38,1,3,2,2,16,69857,57,2,67,82.24,8.13,81.07,2,1
1993,8295,49,1,3,4,0,25,161739,45,5,14,91.8,7.96,88.02,1,1
1994,2739,43,1,4,5,0,16,176995,47,7,27,95.4,9.33,99.37,1,1
1995,4378,26,1,2,2,0,1,54807,51,4,70,75.28,6.77,64.48,0,1
1996,6807,39,0,2,0,0,13,122070,48,9,39,93.22,9.87,96.74,1,1
1997,2591,41,1,0,4,0,17,40406,31,2,72,71.01,6.77,63.64,0,0
1998,7691,23,0,2,0,0,1,138603,47,17,71,87.24,9.97,100,1,1
1999,8571,37,0,5,4,0,12,162673,49,9,51,95.2,9.13,94.55,1,1
2000,7278,52,1,3,2,2,25,164517,31,13,71,79.32,7.8,100,1,1
2001,8302,42,0,4,5,1,19,112757,40,7,75,72.6,9.15,94.59,1,1
2002,7939,42,1,0,5,0,21,84791,52,1,27,96.23,6.81,77.37,2,0
2003,8723,25,1,4,2,2,1,59963,44,3,58,83.69,7.73,55.13,0,0
2004,4231,33,1,2,5,0,9,94902,59,14,8,89.43,7.05,71.88,2,0
2005,8059,23,0,5,2,0,2,95705,43,4,38,93.32,7.62,77.34,2,0
2006,8106,32,0,3,0,0,7,44521,59,4,21,87.29,8.29,57.56,0,1
2007,7942,56,0,5,1,0,36,129398,57,14,10,97.96,10,100,1,1
2008,402,32,0,0,3,2,9,147620,43,12,58,91.08,9.58,94.76,1,1
2009,699,42,0,5,1,0,19,159396,55,11,74,94,10,100,1,1
2010,861,45,1,3,2,2,24,157186,46,15,66,79.31,9.44,100,1,1
2011,7509,35,1,2,2,0,8,113245,50,18,13,73.87,8.9,87.75,1,1
2012,3408,53,1,1,0,1,27,95615,50,8,41,76.96,9.35,100,1,1
2013,7379,58,1,6,3,2,31,143913,38,7,76,98.69,10,100,1,1
2014,2459,50,1,2,1,2,26,115629,38,18,15,75.73,10,100,1,1
2015,3884,54,0,4,4,2,31,133239,36,10,9,79.7,9.16,100,1,1
2016,95,49,0,5,3,0,23,98877,55,7,2,70.56,9.67,73.57,2,1
2017,6240,39,0,1,5,1,14,166232,57,9,40,95.2,10,100,1,1
2018,3789,54,0,4,4,0,28,152108,36,6,78,93.22,10,100,1,1
2019,4043,50,1,1,2,3,25,132852,38,22,9,73.29,10,100,1,1
2020,6169,57,0,5,5,2,30,161836,52,7,28,91.92,9.09,100,1,1
2021,8831,42,0,3,3,1,22,127827,34,3,58,79.76,9.65,87.48,1,1
2022,8837,59,1,6,4,0,39,167273,38,22,30,76.04,9.66,100,1,1
2023,4804,27,1,4,3,0,4,133562,52,15,30,87.98,9.62,94.41,1,1
2024,1628,25,0,1,5,1,1,53549,42,5,29,93.79,4.43,67.29,0,0
2025,8237,23,1,4,5,0,1,125921,49,21,77,74.01,10,100,1,1
2026,8422,22,0,5,0,0,1,133147,46,21,3,75.26,9.29,88.01,1,1
2027,3846,25,0,0,3,2,1,114848,48,14,4,79.55,5.4,71.11,2,1
2028,2205,43,0,1,3,3,19,108141,38,16,75,90.65,10,100,1,1
2029,8362,54,0,5,1,0,31,165287,50,5,30,75.96,10,95.65,1,1
2030,1465,54,1,1,2,0,28,159288,35,13,14,75.76,9.04,93.22,1,1
2031,6209,44,0,5,3,2,21,141450,46,22,36,92.99,9.63,100,1,1
2032,2497,31,1,0,5,1,10,178356,39,5,79,85.3,9.81,100,1,1
2033,6766,42,0,6,2,2,22,112926,44,1,27,76.73,8.77,84.26,2,0
2034,5590,24,1,1,5,3,1,101004,46,16,46,99.88,9.76,100,1,1
2035,6808,48,1,1,4,0,25,177332,38,16,31,90.2,8.5,100,1,1
2036,2491,28,0,6,1,0,3,59612,47,3,16,99.4,8.2,58.52,0,0
2037,2704,37,0,4,5,0,17,69127,31,8,43,83.62,8.28,78.49,2,1
2038,7274,33,1,1,1,0,10,124969,47,16,3,96.86,9.84,96.61,1,1
2039,719,25,0,1,0,1,4,167467,57,23,22,91.01,10,100,1,1
2040,7015,24,0,1,4,1,1,110123,32,7,71,74.58,8.21,70.31,2,0
2041,7994,46,0,5,0,2,26,175808,39,24,34,82.74,10,100,1,1
2042,8337,30,0,1,4,0,9,99204,53,6,31,87.92,5.49,70.92,2,1
2043,8393,58,1,5,2,2,36,176534,31,22,65,88.69,10,100,1,1
2044,8974,36,1,1,2,0,11,133050,60,23,3,92.51,7.94,100,1,1
2045,3269,31,0,3,4,3,10,131022,59,16,72,86.06,10,94.96,1,1
2046,6286,49,1,2,4,0,26,105739,42,4,22,71.83,9.34,87.77,1,1
2047,1446,51,1,1,5,0,31,112438,54,20,78,91.93,10,100,1,1
2048,5582,25,1,2,1,1,1,102568,51,18,39,99.46,10,99.74,1,1
2049,3469,57,1,3,4,2,34,167316,37,21,34,93.36,9.66,100,1,1
2050,8686,29,1,5,3,0,3,42468,49,3,39,83.78,8.44,68.25,0,0
2051,3315,26,0,2,4,1,1,119967,51,14,18,99.68,8.91,89.39,1,1
2052,1134,25,0,3,1,0,1,68462,49,9,71,70.78,8.23,83.6,2,1
2053,5016,41,1,4,0,0,21,162805,36,20,63,99.76,10,100,1,1
2054,8351,39,1,2,1,0,13,168372,34,17,20,80.95,9.76,92.62,1,1
2055,3978,28,0,4,5,1,5,42940,41,4,11,80.7,5.32,53.45,3,0
2056,7152,39,1,4,5,0,16,167538,53,5,25,99.9,10,97.84,1,1
2057,8795,43,1,0,4,2,17,49153,59,1,47,97.11,6.8,67.59,0,0
2058,8653,42,0,5,3,0,22,33787,57,2,0,74.83,4.56,50.08,3,0
2059,6061,41,0,5,3,0,15,158568,49,11,61,91.79,9.98,100,1,1
2060,1326,50,1,6,2,0,27,81185,52,1,51,77.38,6.15,72.46,2,1
2061,8909,40,0,3,0,1,14,162442,60,20,79,82.51,10,100,1,1
2062,1061,45,1,5,4,1,21,152023,41,21,63,84.62,9.38,100,1,1
2063,5766,29,1,3,2,1,9,66909,49,2,61,73.36,9.22,76.07,2,0
2064,8375,27,0,4,3,1,1,84517,53,13,0,75.47,8.47,76.52,2,0
2065,4496,24,1,5,4,2,1,128894,46,14,14,99.77,10,96.02,1,1
2066,5008,53,0,0,5,2,31,146436,41,9,42,82.78,8.64,100,1,1
2067,3139,31,1,3,3,2,5,44862,39,12,17,98.66,6.42,59.2,0,0
2068,1155,32,0,3,5,0,5,43850,56,4,16,97.91,5.1,46.58,3,0
2069,5550,44,0,2,4,0,17,134278,46,9,19,86.47,9.06,89.52,1,1
2070,4631,24,1,0,5,0,1,88882,48,11,14,93.01,6.12,75.98,2,1
2071,9238,26,1,1,4,0,1,98351,44,14,28,81.1,8.75,89.47,1,1
2072,4860,45,0,4,5,1,25,81431,59,6,15,75.13,8.1,75.12,2,1
2073,208,35,1,3,0,2,14,163425,36,7,44,98.99,9.74,99.67,1,1
2074,1253,45,1,5,0,2,25,147226,45,10,12,72.93,10,85.73,1,1
2075,6124,24,1,6,1,0,1,115760,36,14,64,78.76,5.6,76.02,2,0
2076,1336,53,1,3,4,0,31,152674,51,12,57,88.17,7.51,100,1,1
2077,6175,52,1,2,4,0,28,141622,31,21,59,89.34,10,100,1,1
2078,8733,57,0,0,3,0,35,144679,44,21,79,94.03,8.79,100,1,1
2079,4181,46,0,4,2,2,20,77668,59,9,2,85.86,7.09,77.03,2,1
2080,5168,51,1,6,3,2,31,139270,44,1,12,87.55,10,92.69,1,1
2081,8456,23,0,3,0,2,1,98634,41,24,10,96.73,8.43,100,1,1
2082,103,28,0,5,5,2,5,113798,49,14,68,87.61,7.62,83.47,2,1
2083,648,23,0,6,3,0,2,80240,56,16,18,79.12,7.76,73.8,2,0
2084,2781,33,0,4,2,0,6,67196,38,10,54,88.51,7.27,69.52,0,0
2085,8014,32,1,2,1,1,8,155763,45,7,73,77.52,8.86,87.13,1,1
2086,3695,31,0,0,3,2,11,49373,49,4,28,81.56,5.74,58.83,0,0
2087,695,24,0,5,3,2,1,48805,34,12,7,83.27,6.45,65.03,0,0
2088,2396,29,1,2,3,0,4,61527,38,14,26,74.83,6.28,75.88,2,1
2089,5031,30,0,0,0,0,5,46626,32,2,65,75.19,6.26,60.41,0,0
2090,2804,39,1,0,5,3,17,93484,60,2,37,86.69,5.63,70.98,2,0
2091,2836,42,0,5,2,0,22,116228,57,21,50,78.58,10,100,1,1
2092,2634,33,1,0,2,0,8,72400,39,5,60,74.65,5.97,56.19,0,1
2093,9302,34,0,1,0,2,12,149413,50,23,64,79.86,10,100,1,1
2094,3466,46,0,5,5,2,26,102924,36,16,31,82.99,10,100,1,1
2095,5472,45,1,1,0,0,21,51490,54,3,54,81.62,7.78,69.07,0,1
2096,7432,34,0,1,5,3,7,151860,58,19,27,78.36,10,96.23,1,1
2097,8004,37,1,3,2,2,14,113667,35,4,56,97.79,10,87.61,1,1
2098,9129,38,1,5,5,0,11,87186,51,12,19,85.77,7.44,84.11,2,1
2099,6908,35,1,6,4,0,11,108160,46,20,0,75.28,10,95.21,1,1
2100,5857,30,0,5,4,1,5,93124,60,14,12,70.86,8.65,77.34,2,1
2101,5221,55,1,2,1,0,31,147039,60,12,27,74.84,10,100,1,1
2102,3467,39,1,5,0,1,15,96562,41,14,76,87.16,10,100,1,1
2103,2841,59,1,4,3,0,37,174895,59,14,65,92.62,10,100,1,1
2104,2173,57,0,2,2,0,35,97791,45,19,11,91.04,10,100,1,1
2105,9117,45,0,0,1,2,20,170692,49,11,38,94.1,7.62,98.85,1,1
2106,1065,30,1,5,3,0,6,172641,36,11,62,82.47,9.35,96.17,1,1
2107,8251,51,0,0,0,0,25,68650,30,4,5,73.44,6.73,74.33,2,0
2108,1190,46,1,1,5,0,20,137767,35,21,57,81.7,9.29,100,1,1
2109,8526,47,0,4,3,0,20,178943,31,22,59,74.24,9.53,100,1,1
2110,9092,42,1,1,5,1,15,105345,50,17,41,73.21,9.41,95.89,1,1
2111,7346,35,1,1,3,2,14,149304,46,23,24,91.4,9.2,100,1,1
2112,2486,43,0,5,3,0,23,61080,60,14,10,94.47,6.38,79.66,2,0
2113,1383,44,0,4,0,1,22,64356,36,1,2,92.24,6.53,68.93,0,0
2114,7665,40,1,2,3,0,15,167652,55,10,76,88.73,8.99,87.65,1,1
2115,9119,52,0,5,3,0,27,128197,49,2,62,93.74,10,100,1,1
2116,6374,50,1,3,2,2,28,100248,56,19,33,82.89,10,100,1,1
2117,6008,34,1,6,1,3,13,71179,32,10,61,79.53,6.27,74.48,2,1
2118,7686,45,1,1,4,0,25,92616,57,6,41,91.08,8.78,78.44,2,0
2119,9124,45,0,5,3,0,20,45113,31,3,19,76.83,3.56,51.25,3,0
2120,6,32,0,6,5,0,5,105604,41,17,22,94.39,9.91,100,1,1
2121,6133,42,1,1,3,0,16,99554,49,21,50,79.37,8.53,100,1,1
2122,6485,52,0,4,3,0,32,118917,53,8,58,89.49,10,100,1,1
2123,3775,28,1,6,1,1,6,95304,43,12,17,90.96,8.75,83.55,2,0
2124,8569,57,1,1,5,0,32,91672,59,13,15,80.83,10,100,1,1
2125,3494,33,0,1,0,0,12,92967,58,17,50,88.66,8.28,92.31,1,1
2126,6606,48,1,6,0,2,22,164080,38,18,44,93.94,9.59,100,1,1
2127,9349,26,0,4,2,2,1,85382,59,18,3,91.01,8.03,75.99,2,0
2128,451,52,0,5,5,3,32,167848,58,12,63,73.61,10,100,1,1
2129,4611,59,0,1,2,3,39,97341,34,20,75,83.7,10,100,1,1
2130,589,50,1,4,3,0,28,96395,57,6,59,78.69,10,97.32,1,1
2131,4692,40,1,5,4,2,14,93258,32,2,28,90.96,4.99,77.51,2,1
2132,8654,55,0,5,5,0,32,130241,53,10,34,82.28,10,100,1,1
2133,6055,34,0,2,0,0,8,103472,56,18,57,76.7,8.24,97.33,1,1
2134,7927,26,1,3,3,2,1,50461,42,2,35,77.73,6.78,64.76,0,1
2135,756,22,0,1,1,0,1,149851,44,16,67,80.7,10,100,1,1
2136,5909,46,1,0,0,0,26,76189,37,1,7,98.1,5.07,67.46,0,0
2137,1753,34,1,2,2,0,13,172142,40,13,24,85.31,9.12,100,1,1
2138,6762,34,1,6,1,1,13,145600,39,18,53,95.64,10,100,1,1
2139,8682,52,0,5,3,0,25,109681,60,3,34,90.49,7.97,74.7,2,1
2140,6797,59,0,0,0,2,37,101243,32,17,38,86.92,7.45,100,1,1
2141,1643,26,1,2,4,2,2,46746,37,3,4,77.64,4.74,49.02,3,0
2142,6939,34,1,2,2,2,9,119624,39,2,62,92.43,8.01,73.3,2,1
2143,2635,54,0,5,1,2,27,137683,37,15,58,87.61,10,100,1,1
2144,7479,37,1,0,1,2,11,175589,53,15,78,98.3,8.5,100,1,1
2145,3013,44,1,3,4,2,20,109628,52,10,31,94.79,9.1,93.43,1,1
2146,66,44,1,6,2,2,17,115078,51,23,67,92.16,9.56,100,1,1
2147,7735,31,0,2,1,2,7,135333,46,12,37,82.58,9.2,87.37,1,1
2148,3604,50,1,3,3,2,24,99723,60,12,31,85.23,10,91.26,1,1
2149,5535,30,1,0,4,2,3,136357,47,17,55,91.02,10,100,1,1
2150,4822,53,0,5,4,2,27,99653,53,24,13,97.53,9.62,100,1,1
2151,5658,36,1,3,2,0,12,145001,38,21,9,84.17,7.98,90.74,1,1
2152,3850,37,1,4,5,0,10,166418,30,19,49,91.84,8.26,91.19,1,1
2153,4732,42,0,0,1,0,15,114124,40,20,15,85.52,10,100,1,1
2154,6517,24,0,6,3,0,1,62684,52,7,36,83.95,8.25,61.28,0,0
2155,6068,49,1,6,5,2,28,110845,30,17,54,77.4,10,100,1,1
2156,355,36,1,4,1,0,9,132162,38,23,40,75.72,10,100,1,1
2157,2226,37,0,5,2,2,17,96773,44,15,10,95.48,8.7,100,1,1
2158,8320,58,1,1,3,0,35,123025,48,10,20,85.48,10,100,1,1
2159,8828,27,0,2,4,0,3,56944,56,4,22,89.02,5.33,64.94,0,0
2160,790,29,1,0,0,2,6,142674,39,23,72,90.86,10,100,1,1
2161,9347,41,0,4,1,1,19,100567,40,16,42,84.56,10,100,1,1
2162,77,28,0,0,2,2,4,138544,44,22,1,89,9.22,100,1,1
2163,3092,22,0,2,5,0,1,120225,49,12,46,93.62,7.93,86.55,1,1
2164,2873,49,0,4,3,2,26,90001,35,9,19,76.78,7.9,83.04,2,0
2165,107,56,0,2,4,0,31,136260,44,21,25,75.61,7.96,100,1,1
2166,1788,42,1,0,4,0,20,62679,44,2,14,73.57,4.65,55.36,0,0
2167,7504,55,0,1,5,0,35,93456,50,11,25,81.59,10,100,1,1
2168,2639,28,1,1,2,1,1,70702,45,6,10,79.12,5.95,60.19,0,1
2169,3506,37,1,1,1,2,12,163467,42,21,20,86.16,10,100,1,1
2170,7943,25,0,1,4,3,1,30607,34,7,5,73.99,4.88,50.1,3,0
2171,6578,35,1,5,5,0,13,40751,54,2,59,90.16,6.67,69.11,0,0
2172,2181,54,0,0,0,0,29,157201,41,14,37,72.84,9.8,100,1,1
2173,1849,50,1,2,0,2,26,112584,38,20,32,74.78,9.3,100,1,1
2174,4756,37,0,4,2,2,15,70919,48,5,3,81.4,8.51,75.38,2,0
2175,2509,58,1,1,5,2,35,90211,56,3,53,72.46,6.91,82.05,2,1
2176,2272,28,1,0,3,1,4,69778,30,9,43,79.7,4.87,78.83,2,0
2177,8666,51,1,1,0,0,30,160845,48,10,15,98.54,10,100,1,1
2178,603,41,1,1,3,2,19,90645,47,13,14,86.39,9.14,100,1,1
2179,1909,45,1,4,1,2,25,109338,50,14,37,92.82,10,100,1,1
2180,2207,49,0,0,5,0,25,98187,51,2,1,95.06,9.19,90.85,1,1
2181,464,51,0,3,4,1,31,112474,40,21,23,91.13,7.82,100,1,1
2182,3162,48,0,6,2,1,21,127872,59,15,23,94.85,10,100,1,1
2183,9205,50,1,6,3,1,25,99627,53,8,8,89.46,10,96.53,1,1
2184,3528,47,1,2,0,0,26,172382,37,16,51,97.72,8.64,100,1,1
2185,4430,51,1,0,0,0,27,93750,57,23,27,95.22,9.78,100,1,1
2186,4014,44,0,3,2,0,21,147529,42,13,40,71.46,7.88,94.91,1,1
2187,3357,44,0,4,3,0,21,122692,54,10,28,98.25,9.97,100,1,1
2188,5288,59,0,1,3,0,36,107905,49,11,76,96.94,8.91,100,1,1
2189,4764,29,1,0,3,0,7,124315,44,15,6,83.07,10,85.46,1,1
2190,2856,57,0,4,3,0,33,97241,56,15,32,90,7.96,99.97,1,1
2191,6454,29,0,2,5,0,8,59657,39,8,17,91.86,7.07,68.78,0,0
2192,7248,40,1,0,2,0,18,141761,54,18,16,97.1,9.9,100,1,1
2193,8399,32,1,2,1,0,10,96777,47,24,53,70.14,10,100,1,1
2194,4905,41,0,2,3,0,19,117921,60,15,25,74.16,8.36,91.16,1,1
2195,5566,59,1,1,4,2,39,99547,49,2,67,91.64,9.68,100,1,1
2196,8983,46,0,3,4,2,26,148844,40,9,13,75.9,8.13,94.38,1,1
2197,2516,31,1,5,1,1,10,102921,42,20,33,99.33,9.01,100,1,1
2198,2739,32,0,4,5,0,10,90997,58,15,13,98.62,9.86,96.42,1,1
2199,8105,31,1,3,5,0,8,104223,54,10,70,76.71,8.75,86.83,1,1
2200,6429,35,0,0,0,0,13,171124,43,20,54,92.24,10,100,1,1
2201,5454,29,1,6,2,1,7,66058,55,14,29,77.6,7.43,76.99,2,1
2202,5631,40,0,5,0,2,18,174130,48,12,32,96.34,10,96.18,1,1
2203,6549,57,0,2,3,0,32,131123,35,11,0,89.66,9.13,86.51,1,1
2204,7167,58,0,5,4,2,37,131920,30,3,58,89.8,10,90.01,1,1
2205,2692,57,0,5,0,0,36,118436,54,11,50,82.37,10,100,1,1
2206,6072,39,0,6,4,0,17,114012,54,11,26,74.8,6.74,74.06,2,1
2207,571,27,1,1,3,2,6,119216,32,6,47,96.76,8.72,73.97,2,1
2208,3384,56,1,4,1,0,34,93572,30,7,33,84.5,7.35,97.46,1,1
2209,1314,48,0,0,4,2,23,115483,44,21,59,99.77,10,100,1,1
2210,4967,54,0,2,0,1,29,172307,48,8,22,91.82,10,100,1,1
2211,2212,22,0,4,0,0,1,32221,31,2,23,85.32,5.37,52.34,3,0
2212,8380,55,0,0,5,2,29,139411,40,13,4,80.26,10,100,1,1
2213,723,28,0,2,2,2,4,55238,44,1,27,82.68,6.63,60.54,0,1
2214,4865,56,0,5,1,0,35,130295,47,7,9,82.51,8.32,100,1,1
2215,1231,37,1,5,5,1,17,62929,53,3,74,73.09,8.97,83.12,2,0
2216,22,42,1,0,2,0,21,93111,57,24,40,79.85,10,100,1,1
2217,2827,26,0,6,4,0,1,158712,32,24,40,78.03,8.9,100,1,1
2218,7586,33,0,0,0,0,7,97010,56,14,22,79.61,6.33,79.51,2,0
2219,1827,38,1,0,2,1,14,121024,33,15,43,91.96,9.36,94.78,1,1
2220,4885,59,0,6,0,0,36,130995,46,19,41,94.61,9.34,100,1,1
2221,7076,29,0,3,5,2,6,65066,35,16,57,90.8,9.29,83.61,2,0
2222,4890,46,1,3,2,0,26,159201,34,24,15,77.2,10,100,1,1
2223,4299,25,0,2,3,1,3,125306,45,10,40,97.23,9.04,92.21,1,1
2224,1434,41,1,6,5,0,19,135306,51,18,21,99.46,9.91,100,1,1
2225,9320,58,0,1,0,2,36,163490,32,9,53,79.06,9.54,99.52,1,1
2226,5470,37,1,2,0,2,16,118629,59,23,73,99.62,10,100,1,1
2227,7553,59,1,6,1,1,33,153976,56,5,60,98.14,8.22,100,1,1
2228,6763,24,0,4,5,0,3,79295,30,8,78,99.81,9.45,78.81,2,1
2229,7689,36,0,2,3,1,11,108091,34,12,31,74.43,6.21,70.29,2,0
2230,1891,36,1,4,0,0,16,74744,33,9,7,98.34,8.03,81.68,2,1
2231,6408,51,1,5,5,2,27,155389,52,24,78,88.96,9.01,100,1,1
2232,5281,58,1,0,1,0,38,131184,36,17,25,92.78,9.8,100,1,1
2233,4267,48,1,1,1,2,26,110746,32,12,43,86.18,8.82,100,1,1
2234,1313,53,0,0,4,0,28,153594,34,11,40,75.75,8.75,98.79,1,1
2235,9296,54,0,5,1,2,27,109359,33,19,1,96.82,8.68,100,1,1
2236,1260,24,1,2,3,0,2,150120,50,23,24,85.84,9.92,100,1,1
2237,4058,51,1,5,1,2,27,119249,55,11,46,84.79,10,100,1,1
2238,1934,49,0,3,3,2,25,143884,43,4,71,88.89,10,100,1,1
2239,2387,26,1,0,3,2,3,70387,40,5,59,81.87,7.49,81.66,2,1
2240,6042,26,1,1,2,1,1,80037,39,22,0,76.14,9.26,84.82,2,1
2241,7481,58,1,2,2,1,38,97053,60,3,44,83.33,9.52,92.92,1,1
2242,7508,24,0,0,1,0,1,109636,34,20,21,73.67,6.37,74.75,2,1
2243,666,42,1,3,3,0,19,67778,60,3,6,79.73,6.17,67.22,0,1
2244,3037,30,0,2,5,1,6,101452,45,18,6,89.71,10,95.35,1,1
2245,8754,49,0,4,5,1,26,107495,36,4,41,75.51,9.17,82.37,2,0
2246,3586,26,0,1,2,2,1,145833,45,12,46,77.97,7.94,90.19,1,1
2247,9116,35,1,4,2,0,14,143333,55,14,29,88.28,8.89,100,1,1
2248,5040,49,1,0,2,2,28,117228,45,5,43,80.87,10,100,1,1
2249,1539,46,0,5,3,2,26,91585,51,21,34,74.77,9.35,100,1,1
2250,2722,50,0,6,2,2,26,176760,46,8,71,79.17,10,97.48,1,1
2251,7038,42,0,4,1,0,18,112134,52,10,45,92.64,7.89,89.08,1,1
2252,7426,52,1,6,3,0,32,131070,48,3,37,93.23,10,100,1,1
2253,4370,33,1,1,2,0,6,139199,42,12,37,87.61,8.66,97.98,1,1
2254,2086,48,1,6,2,0,23,171460,53,20,70,78.96,9.41,100,1,1
2255,7088,27,1,4,5,0,1,117110,44,10,49,85.68,8.06,78.38,2,1
2256,7425,32,0,0,5,0,6,112423,46,11,10,78.98,6.38,74.39,2,1
2257,3510,51,1,3,2,2,27,140873,60,4,43,87.06,8.5,93.9,1,1
2258,9051,54,1,3,4,0,30,116107,58,16,75,77.77,10,100,1,1
2259,3783,46,0,1,5,0,22,173295,32,2,45,97,8.19,85.1,1,1
2260,1692,50,1,6,2,1,25,147245,33,21,39,79.33,8.88,100,1,1
2261,2990,48,1,5,2,2,28,138235,44,12,55,77.67,8.71,100,1,1
2262,4569,27,0,4,3,0,7,92961,46,13,39,96.7,8.56,82.73,2,1
2263,6465,39,1,1,1,3,15,156411,50,17,79,93.44,9.92,100,1,1
2264,8317,28,0,3,5,0,3,47111,30,7,34,91.79,7.22,64.32,0,0
2265,4441,30,0,2,2,1,6,40576,60,8,53,85.06,6.52,61,0,0
2266,3389,49,0,6,1,0,28,172481,52,21,35,71.24,10,100,1,1
2267,8500,47,1,2,0,2,20,119289,44,9,26,71.96,6.64,73.5,2,0
2268,6400,34,0,2,1,0,11,148719,45,14,1,71.2,10,96.31,1,1
2269,2219,36,0,5,4,0,13,110758,43,14,4,97.4,7.16,82.99,2,1
2270,2326,23,1,1,4,0,1,50030,58,8,57,82.93,8.08,59.2,0,1
2271,1225,32,1,3,0,3,5,41824,58,3,67,75.5,6.07,52.38,3,0
2272,2123,51,0,5,1,1,24,105427,48,21,7,76.23,9.73,100,1,1
2273,1505,31,1,3,0,0,10,35973,32,4,5,98.73,3.5,44.7,3,0
2274,943,24,1,4,5,0,2,116741,44,11,73,99.99,10,98.26,1,1
2275,183,58,1,5,4,2,36,146472,31,17,42,71.9,10,100,1,1
2276,1464,41,1,5,2,2,16,169353,39,8,19,98.28,9.22,92.19,1,1
2277,7238,58,1,0,0,2,35,179074,31,8,75,88.73,9.44,100,1,1
2278,9114,44,0,2,4,2,24,178700,42,6,66,82.86,10,100,1,1
2279,2015,34,0,2,3,0,12,93138,41,11,72,77.21,10,100,1,1
2280,9081,48,0,4,2,2,28,158189,41,22,50,89.09,10,100,1,1
2281,2065,43,1,4,4,0,17,101460,48,14,28,71.45,10,98.29,1,1
2282,427,29,0,1,3,0,7,48798,60,5,25,80.49,5.26,49.21,3,0
2283,4642,32,0,1,5,1,11,154010,60,14,28,97.88,9.89,99.92,1,1
2284,7085,32,1,2,0,1,6,143273,47,8,54,95.63,10,100,1,1
2285,5819,22,0,1,0,0,2,42973,33,1,9,86.94,4.71,40,3,0
2286,6995,34,1,0,5,0,10,108392,49,8,66,88.25,10,100,1,1
2287,3295,46,0,0,2,1,25,175768,56,4,74,98.94,10,97.82,1,1
2288,9,29,1,0,5,0,3,33140,60,4,3,94.42,4.55,54.58,3,0
2289,8606,48,1,1,1,2,28,159543,57,24,50,95.33,10,100,1,1
2290,5129,25,1,3,1,2,3,135908,40,24,79,90.98,10,100,1,1
2291,6423,46,1,6,0,2,20,177030,35,18,4,75.89,10,93.24,1,1
2292,6772,48,0,4,5,0,25,127363,59,22,67,70.82,8.72,100,1,1
2293,6584,25,0,5,3,0,1,124204,55,22,50,98.55,10,100,1,1
2294,7315,35,0,6,2,0,13,35161,51,4,17,80.46,4.62,52.6,3,0
2295,4396,26,0,3,2,0,2,71739,30,2,42,79.9,4.81,60.59,0,1
2296,7521,23,0,2,3,2,1,35791,56,2,51,84.41,3.96,50.98,3,0
2297,8492,45,0,0,2,3,23,42048,58,8,13,82.07,5.63,65.45,0,0
2298,6881,40,0,6,0,0,16,113931,49,14,13,79.15,10,96.74,1,1
2299,276,37,1,5,1,0,11,41733,35,13,31,74.68,7.55,69.59,0,0
2300,2225,48,0,3,3,1,22,176641,31,17,9,99.69,10,100,1,1
2301,5706,30,1,2,0,2,8,152963,52,18,15,73.79,8.62,88.3,1,1
2302,35,26,0,6,2,2,2,112645,46,8,7,83.34,9.01,76.41,2,0
2303,6550,29,1,3,3,0,4,66645,44,6,26,75.38,8.86,70.58,2,0
2304,5642,32,0,0,0,0,10,140091,34,16,24,77.51,10,94.15,1,1
2305,4167,44,0,2,4,2,19,141651,32,13,69,91.41,9.62,100,1,1
2306,3032,43,1,2,5,0,19,125976,50,24,9,87.35,10,100,1,1
2307,327,24,1,4,5,0,1,76348,58,9,16,80.23,6.7,57.05,0,0
2308,2522,50,0,4,2,0,23,118234,44,12,9,72.15,9.44,100,1,1
2309,768,47,1,0,5,1,21,94170,43,24,74,94.19,10,100,1,1
2310,620,38,0,0,0,2,18,108646,46,4,39,93.61,8.36,77.73,2,1
2311,2973,38,1,3,4,0,11,102133,36,24,2,95.16,10,100,1,1
2312,8979,32,1,4,1,0,5,171299,55,21,33,83.18,9.36,100,1,1
2313,2888,30,1,5,5,0,10,75753,33,4,47,82.02,7.36,67.49,0,0
2314,2586,36,1,2,4,3,11,149991,50,21,4,83.4,10,97.75,1,1
2315,847,31,0,5,2,2,6,155045,54,15,65,93.7,10,100,1,1
2316,5928,30,0,1,3,1,3,113954,53,8,27,93.03,9.16,81.54,2,1
2317,8442,44,0,0,4,2,18,103887,37,18,12,94.1,10,100,1,1
2318,6302,33,1,3,3,0,8,53533,32,2,22,95.19,5.95,64.66,0,0
2319,6206,51,0,0,1,0,30,95915,30,4,50,95.78,9.17,100,1,1
2320,8405,45,1,6,5,1,19,55185,45,2,6,80.93,7.09,60.7,0,0
2321,7687,36,0,4,4,1,14,79378,33,3,49,89.39,5.25,71.29,2,0
2322,3426,27,0,4,4,1,3,60745,55,10,27,93.78,4.39,60.62,0,0
2323,2487,58,0,0,4,0,36,103870,47,23,11,95.5,10,100,1,1
2324,5844,33,0,3,3,0,12,153451,55,21,62,86.7,10,100,1,1
2325,4228,52,0,6,4,0,25,92661,43,15,47,89.55,8.53,100,1,1
2326,2054,50,1,1,1,0,29,95209,51,14,67,78.32,10,100,1,1
2327,638,48,0,5,2,2,26,81535,60,10,2,77.64,10,81.15,2,0
2328,7501,53,0,3,2,2,31,90658,58,11,69,91.93,8.95,100,1,1
2329,5972,38,0,2,3,0,13,163937,59,16,56,71.48,8.26,90.13,1,1
2330,3319,35,1,4,2,3,10,117033,54,16,25,74.13,8.06,95.41,1,1
2331,8123,55,1,5,2,2,34,115036,59,22,65,87.52,10,100,1,1
2332,9095,46,0,3,4,0,22,104905,55,22,13,86.71,10,100,1,1
2333,3743,35,0,1,0,2,15,147158,37,16,50,99.41,9.88,100,1,1
2334,8896,47,1,5,2,2,24,157560,42,22,63,87.91,10,100,1,1
2335,884,29,0,5,0,2,7,40243,55,6,2,98.69,7.02,65.81,0,0
2336,747,38,1,0,1,2,11,126965,52,13,30,75.94,8.63,88.5,1,1
2337,876,29,0,5,2,1,9,133251,44,21,36,82.14,10,100,1,1
2338,6322,36,0,1,4,2,10,68127,35,18,53,71.11,9.84,80.52,2,0
2339,3898,38,1,5,4,0,14,162261,31,20,36,79.01,9.93,100,1,1
2340,5747,50,1,1,4,0,29,64480,55,5,32,76.02,8.56,83.39,2,1
2341,7290,49,0,5,2,0,22,167764,51,17,63,78.92,9,100,1,1
2342,6113,45,0,0,5,0,20,114209,56,23,2,90.95,10,100,1,1
2343,3115,58,0,4,5,2,33,94847,38,5,61,93.23,9.59,100,1,1
2344,7581,42,0,4,3,2,17,175930,53,13,38,99.51,10,100,1,1
2345,4242,31,1,6,3,1,11,58474,36,11,15,80.64,7.51,62.53,0,0
2346,230,53,1,3,5,2,28,153876,56,17,1,92.32,9.49,100,1,1
2347,6823,26,1,4,1,0,4,152375,37,13,69,90.52,8.71,93.58,1,1
2348,910,36,1,6,5,1,15,121257,38,17,51,88.76,10,100,1,1
2349,4173,45,0,1,2,0,18,104102,31,9,35,85.59,10,95.92,1,1
2350,4203,37,0,1,2,0,12,106025,51,13,39,94.78,9.24,97.87,1,1
2351,6281,59,0,2,3,1,37,155243,53,11,32,73.89,9.3,100,1,1
2352,4769,38,0,2,4,0,11,43397,53,3,49,78.7,6.11,55.38,0,0
2353,3364,31,0,1,5,0,7,69304,39,2,43,83.36,7.8,76.62,2,1
2354,2817,27,1,6,0,0,2,145813,30,21,55,90.81,9.88,100,1,1
2355,4632,25,0,3,0,0,1,150591,44,13,39,86.5,6.83,87.94,1,1
2356,6942,46,0,2,5,0,25,97526,52,14,77,93.45,10,100,1,1
2357,740,55,1,5,0,2,35,150533,44,12,9,71.15,8.07,100,1,1
2358,3652,25,0,1,3,0,3,106316,60,16,35,83.62,8.78,78.83,2,1
2359,1068,44,0,1,5,0,22,136900,42,1,75,95.1,10,96.84,1,1
2360,9152,38,0,1,5,0,11,163647,34,13,52,94.39,7.62,97.86,1,1
2361,1037,38,1,4,4,2,11,82522,40,5,10,98.56,7.73,76.32,2,0
2362,7673,49,0,2,0,0,25,168840,31,10,54,78.98,10,100,1,1
2363,3167,39,0,0,3,2,14,91408,43,8,73,93.69,9.02,100,1,1
2364,2245,47,1,5,4,0,26,127569,57,4,61,78.65,8.93,95.77,1,1
2365,877,49,1,5,0,2,27,107725,60,14,38,83.54,8.31,100,1,1
2366,6689,33,0,6,1,0,9,69740,45,7,59,74.53,8.62,76.72,2,1
2367,8446,42,0,1,4,0,18,173113,59,23,54,78.4,10,100,1,1
2368,5124,49,0,2,3,2,24,160047,48,22,77,85.48,9.4,100,1,1
2369,5898,53,1,5,3,0,31,163752,52,19,79,89.12,10,100,1,1
2370,201,44,1,0,1,2,23,151865,56,21,66,71.52,10,100,1,1
2371,8206,24,0,0,3,0,1,137417,53,23,8,79.31,9.13,93.23,1,1
2372,7323,49,1,2,3,2,26,105140,51,18,6,97.46,9.65,100,1,1
2373,6608,46,0,4,5,0,20,175534,48,20,38,96.29,8.23,100,1,1
2374,4035,56,1,1,4,2,33,178448,47,18,3,89.97,9.13,100,1,1
2375,6329,53,0,2,0,0,28,102061,34,10,78,81.46,10,100,1,1
2376,7487,59,1,2,3,0,33,97114,40,2,46,80.58,10,96.39,1,1
2377,2492,44,0,5,5,2,21,112625,44,13,57,97.85,10,100,1,1
2378,8524,30,0,2,3,1,6,30026,40,6,17,70.76,3.97,48.07,3,0
2379,5912,34,0,4,2,2,9,61086,56,8,30,79.23,7.33,78.31,2,1
2380,6999,33,0,6,3,0,10,175048,37,22,21,91.81,8.09,100,1,1
2381,4805,53,1,6,1,0,27,172617,38,10,31,99.8,9.35,100,1,1
2382,7316,48,1,2,1,0,26,125075,60,21,0,74.85,9.94,100,1,1
2383,2172,40,1,4,0,2,16,138347,45,23,62,84.58,10,100,1,1
2384,4528,30,0,1,3,0,4,167925,56,23,19,78.77,7.22,88.57,1,1
2385,5387,41,0,6,3,0,14,162777,34,11,34,98.31,10,100,1,1
2386,4535,28,0,4,0,0,5,143644,40,10,37,99.92,10,93.57,1,1
2387,4199,46,0,3,1,0,19,58274,57,5,17,79.71,6.8,59.41,0,0
2388,3147,45,1,5,5,0,25,167582,43,20,21,93.86,10,100,1,1
2389,2263,48,1,2,0,0,27,169380,45,8,5,80.57,9.59,87.17,1,1
2390,2631,27,0,5,5,1,5,177129,50,24,63,72.79,10,100,1,1
2391,8514,25,1,3,5,0,3,63647,50,4,72,77.72,7.06,64.86,0,0
2392,46,29,1,0,5,2,6,45163,41,3,28,75.48,5.4,45.12,3,0
2393,3694,27,1,0,0,2,1,102521,48,23,46,73.81,9.72,100,1,1
2394,3563,48,0,2,0,0,28,125868,52,21,55,91.17,9.33,100,1,1
2395,6111,40,1,2,4,0,13,173822,42,17,74,77.79,10,100,1,1
2396,6131,42,0,4,2,0,16,48524,34,1,21,98.13,5.83,66.32,0,1
2397,4131,30,0,6,5,0,3,101189,53,11,6,99.56,6.88,82.35,2,1
2398,6609,22,0,3,1,0,1,101213,46,18,67,98.14,10,100,1,1
2399,541,35,1,4,4,0,11,175875,33,18,28,89.55,9.84,100,1,1
2400,2589,39,1,1,3,0,14,115499,36,20,21,89.19,9.39,100,1,1
2401,4391,31,1,3,2,2,11,140450,36,18,33,82.42,10,96.95,1,1
2402,9195,41,0,4,0,0,21,156601,37,13,3,97.06,9.31,97.84,1,1
2403,3008,56,1,1,4,2,31,160377,34,21,16,95.62,9.79,100,1,1
2404,4041,53,1,4,1,0,26,175934,43,20,57,94.54,10,100,1,1
2405,7457,27,0,6,0,0,3,92785,51,9,10,99.79,8.18,72.85,2,1
2406,8832,46,1,1,1,3,26,153412,46,1,62,93.59,8.7,98.78,1,1
2407,8639,55,1,1,4,2,32,125219,49,21,67,70.04,9.84,100,1,1
2408,8054,55,0,2,2,0,32,153179,53,9,64,83.03,10,100,1,1
2409,5066,32,0,6,5,0,7,91163,54,17,11,76.48,7.14,80.03,2,1
2410,2577,37,1,2,3,0,11,172381,51,24,31,81.48,10,100,1,1
2411,7349,45,0,4,2,0,18,127289,30,17,37,85.75,9.06,97.12,1,1
2412,3099,29,0,2,5,0,4,179092,54,11,58,81.87,9.76,88.95,1,1
2413,1390,52,1,1,3,2,29,144911,42,17,4,85.01,10,100,1,1
2414,7283,39,0,5,0,2,14,94641,38,13,48,92.78,9.36,90.19,1,1
2415,5699,31,1,2,1,0,4,135765,36,22,18,88.43,7.96,91.18,1,1
2416,314,28,1,4,5,0,3,162022,35,18,62,89.25,9.51,100,1,1
2417,5507,23,1,6,3,0,1,132667,31,22,19,99.39,9.21,100,1,1
2418,8002,27,1,5,5,1,1,125031,56,16,6,82.44,9.32,85.17,1,1
2419,1075,40,1,5,3,1,18,179422,59,13,20,78.39,10,97.5,1,1
2420,5879,46,1,0,0,0,19,48497,38,1,11,92.29,7.19,67.13,0,1
2421,3459,42,1,4,1,0,19,45731,34,2,21,84.24,5.09,55.5,0,1
2422,3780,37,0,4,2,2,10,118031,40,6,54,87.53,8.36,85.11,1,1
2423,5628,28,1,0,3,0,3,64003,37,8,59,83.26,9.75,75.04,2,1
2424,6800,50,0,3,0,2,24,69502,47,3,38,72.79,9.25,84.84,2,1
2425,5626,54,0,6,1,2,29,171523,58,19,33,78.91,8.7,100,1,1
2426,5197,23,1,5,0,3,1,92278,32,16,78,94.46,8.2,85.68,1,1
2427,3447,52,0,0,2,0,26,177868,58,18,9,95.67,10,100,1,1
2428,4289,44,1,0,2,0,19,37730,52,3,12,91.78,6.12,54.12,3,0
2429,2510,33,1,0,3,0,9,44045,59,10,2,82.87,7.62,69.62,0,0
2430,4798,25,0,5,2,0,1,48606,30,5,76,71.12,4.61,52.65,3,0
2431,2778,45,0,5,2,0,23,93708,48,24,34,74.51,10,100,1,1
2432,5685,45,0,1,0,0,23,121501,56,12,16,72.89,9.45,93.54,1,1
2433,5934,55,1,1,1,0,33,170270,60,19,41,94.5,10,100,1,1
2434,7133,59,0,1,5,0,32,154422,39,17,15,96.92,8.77,100,1,1
2435,8802,38,1,1,1,3,18,75689,33,1,52,70.49,6.37,59.78,0,0
2436,7423,51,1,2,2,0,28,166342,34,10,68,80.24,9.16,100,1,1
2437,1637,36,1,4,4,2,12,51627,55,9,29,77.19,5.67,69.37,0,0
2438,5155,49,1,3,4,2,25,135388,32,1,70,80.09,8.16,86.2,1,1
2439,4346,50,0,4,4,0,28,179621,32,20,69,85.89,9.24,100,1,1
2440,64,31,0,0,2,1,8,114997,40,17,55,74.24,9.38,95.42,1,1
2441,4855,38,0,0,0,0,12,133532,47,21,35,99.05,10,100,1,1
2442,3576,46,1,5,4,0,22,96027,43,1,9,94.62,7.71,74.35,2,1
2443,3756,53,1,5,3,0,27,101571,47,3,38,82.68,10,91.7,1,1
2444,1948,30,1,2,3,1,8,116398,55,10,33,93.08,6.32,84.44,2,0
2445,4828,36,1,3,4,0,11,68192,35,11,54,87.11,7.44,82.42,2,0
2446,1512,44,0,3,4,2,21,158292,30,9,77,96.07,8.16,94.71,1,1
2447,575,32,1,3,3,0,5,114787,34,15,29,84.36,8.21,87.4,1,1
2448,200,26,1,6,2,1,1,75415,51,4,51,84.07,5.46,62.56,0,1
2449,8545,39,1,5,5,0,19,176143,55,20,11,73.97,10,100,1,1
2450,2202,33,0,0,2,2,9,136255,45,7,70,83.06,9.83,95.09,1,1
2451,2300,40,0,2,4,0,14,112203,60,20,18,87.24,8.65,100,1,1
2452,5339,25,1,0,4,2,1,59442,50,7,12,80.38,5.67,58.13,0,0
2453,7545,57,1,5,5,2,32,118381,42,1,53,85.53,10,94.17,1,1
2454,381,37,0,2,2,0,11,158575,42,24,53,77.36,10,100,1,1
2455,4951,29,0,3,0,2,6,48499,54,10,12,83.27,7.48,68.19,0,0
2456,2088,52,1,6,1,2,32,172453,49,16,1,71.02,9.06,100,1,1
2457,583,54,0,4,0,0,34,168305,34,21,54,88.83,10,100,1,1
2458,4063,54,1,1,2,0,27,137497,33,10,9,96.03,10,91.32,1,1
2459,2489,36,1,4,1,2,13,53841,59,8,11,74.06,5.73,68.49,0,0
2460,6564,53,1,2,4,2,30,114644,59,5,79,79.88,10,100,1,1
2461,8834,29,1,2,1,0,7,172847,52,24,77,98.5,10,100,1,1
2462,1148,25,0,6,5,2,5,121771,30,17,74,99.32,9.29,100,1,1
2463,6174,52,1,1,3,1,30,118327,38,21,33,82.47,9.71,100,1,1
2464,5186,52,0,6,2,0,32,111263,57,18,67,82.82,10,100,1,1
2465,4057,48,0,1,2,0,28,177945,40,23,45,84.94,7.91,100,1,1
2466,4827,36,1,4,5,2,11,155777,60,18,68,97.8,9.44,100,1,1
2467,7388,48,1,1,2,1,24,162443,52,13,15,97.15,9.61,100,1,1
2468,2652,54,1,2,4,0,28,161296,46,24,14,87.95,9.6,100,1,1
2469,8079,51,1,5,2,2,25,157173,43,3,62,90.75,10,100,1,1
2470,4141,50,1,5,3,0,24,93466,51,12,7,99.21,8.88,93.66,1,1
2471,9089,36,0,2,1,0,11,179292,52,7,35,86.33,7.81,88.41,1,1
2472,2578,40,1,5,3,0,13,157253,34,19,3,75.58,8.6,95.52,1,1
2473,3125,40,0,3,2,0,15,104012,58,7,66,97.46,9.76,98.08,1,1
2474,7924,48,0,3,3,1,28,117640,42,11,63,89.29,10,100,1,1
2475,8964,57,1,3,1,0,36,126809,46,12,57,77.46,8.39,100,1,1
2476,9027,55,0,1,5,2,31,160457,32,20,68,98.03,10,100,1,1
2477,8928,43,0,1,0,2,22,102101,57,10,61,89.89,10,94.9,1,1
2478,5591,48,0,6,5,0,21,93582,54,7,25,72.97,8.89,78.49,2,1
2479,5694,56,0,4,4,0,31,115688,32,8,49,73.35,9.65,100,1,1
2480,1186,36,1,1,5,0,14,131063,41,19,42,73.36,9.56,100,1,1
2481,4878,23,0,0,3,0,1,175108,39,23,3,86.47,7.97,89.11,1,1
2482,428,41,0,6,4,0,19,131949,46,19,28,71.87,9.95,100,1,1
2483,6433,57,0,2,0,0,32,141944,39,11,65,79.97,10,100,1,1
2484,953,38,1,2,3,0,16,167006,55,6,79,87.23,8.75,93.44,1,1
2485,2886,45,0,6,3,0,21,144801,49,14,74,71.06,8.77,100,1,1
2486,4281,33,1,2,4,2,11,112523,33,13,17,75.72,9.47,88.81,1,1
2487,3416,28,1,5,2,0,1,106014,33,11,50,82.65,6.5,81.51,2,1
2488,8097,46,0,5,3,0,22,95655,55,12,64,94.5,10,100,1,1
2489,7660,38,1,3,4,0,17,155555,42,21,8,75.88,9.42,100,1,1
2490,7143,56,1,4,3,0,35,139348,37,12,37,80.13,7.19,100,1,1
2491,3385,34,0,4,5,0,7,150522,59,11,70,74.02,9.75,94.19,1,1
2492,1794,47,1,5,2,0,24,143842,38,21,47,76.5,10,100,1,1
2493,9037,48,0,2,3,0,27,65694,55,6,2,71.96,9.53,76.82,2,1
2494,6065,29,1,0,4,2,3,125260,56,14,55,71.15,7.22,88.23,1,1
2495,1333,47,1,0,5,2,21,177426,60,12,28,81.85,10,86.75,1,1
2496,651,51,0,6,2,0,24,107196,42,8,36,83.45,10,94.74,1,1
2497,5351,29,1,2,2,2,7,90322,50,8,44,89.07,8.95,82.74,2,1
2498,4854,32,1,2,1,0,10,124318,50,9,60,75.84,10,91.59,1,1
2499,1265,26,0,2,0,2,3,100381,53,21,33,80.49,8.43,91.57,1,1
2500,2381,25,0,4,3,0,1,169086,47,23,11,81.06,10,100,1,1
2501,3023,49,0,3,0,0,22,126836,47,21,9,75.99,9.21,100,1,1
2502,7667,39,0,4,4,2,14,99167,46,2,21,87.74,8.12,70.79,2,0
2503,2582,23,1,3,5,2,1,31459,37,9,4,72.5,4.29,41.3,3,0
2504,5744,36,1,1,4,2,13,175505,42,4,49,95.18,8.8,96.91,1,1
2505,3838,22,1,2,2,0,1,93506,51,11,69,70.82,7.07,80.59,2,0
2506,6402,58,0,6,0,0,32,95339,55,23,73,85.04,10,100,1,1
2507,2731,53,0,5,0,2,33,166420,51,7,77,81.64,10,91.3,1,1
2508,5406,26,0,6,0,0,1,165672,48,20,72,75.53,9.44,100,1,1
2509,3791,42,1,2,2,2,18,162684,38,1,62,95.31,8.6,89.8,1,1
2510,25,58,1,4,1,0,37,129984,41,24,21,97.87,9.21,100,1,1
2511,4601,26,0,5,0,2,1,31085,57,5,9,78.09,4.09,51.82,3,0
2512,2462,49,1,6,2,0,25,95263,36,23,31,80.96,10,100,1,1
2513,9246,24,1,3,4,0,1,74315,51,8,23,89.22,8.24,62.77,0,0
2514,7781,25,1,6,1,2,1,79882,57,11,13,72.36,7.16,71.53,2,1
2515,3213,53,0,3,3,3,30,129040,51,11,15,96.28,9.01,100,1,1
2516,7491,54,0,0,1,0,28,136000,52,17,77,85.39,9.98,100,1,1
2517,1848,41,1,5,4,1,20,125662,58,17,17,98.48,10,100,1,1
2518,7226,47,1,4,2,1,27,154806,40,8,67,92.24,10,100,1,1
2519,4595,28,1,2,1,2,1,111932,40,4,48,71.28,6.28,71.18,2,1
2520,6677,43,0,5,0,2,21,95155,45,9,20,71.33,9.79,85.01,1,1
2521,2657,41,0,4,0,2,21,161190,49,17,4,71.56,10,98.09,1,1
2522,1599,44,1,5,1,3,24,150729,59,18,6,70.77,8.98,96.31,1,1
2523,9143,35,0,6,0,0,12,163890,34,23,11,79.56,9.37,100,1,1
2524,170,40,1,6,3,2,14,40968,60,10,1,88.53,5.8,65.61,0,0
2525,4773,50,1,6,1,0,29,166607,49,17,35,90.33,10,100,1,1
2526,1050,52,0,1,1,2,26,177288,40,10,19,97.75,9.49,100,1,1
2527,863,58,1,2,5,0,38,99176,39,8,70,86.67,10,100,1,1
2528,5252,35,1,5,1,2,8,134945,57,19,67,83.49,9.74,100,1,1
2529,3672,28,1,0,5,2,2,116066,53,5,64,93.18,8.51,72.45,2,0
2530,6718,34,1,6,2,0,8,95144,52,13,65,71.21,8.38,82.08,2,0
2531,5392,46,0,2,4,0,23,100068,37,8,59,89.28,8.27,92.73,1,1
2532,2608,23,0,2,1,0,1,110373,47,12,42,96.22,8.39,84.22,2,0
2533,3090,23,1,5,2,2,1,122614,57,20,37,75.8,7.9,99.81,1,1
2534,3899,46,0,0,3,1,25,115436,37,4,49,73.8,9.96,93.67,1,1
2535,1536,59,1,4,1,0,37,164369,51,6,54,97.66,9.29,100,1,1
2536,1158,47,1,6,0,0,22,158120,46,19,4,89.93,10,100,1,1
2537,8764,36,1,0,3,3,15,71551,34,7,17,87.56,8.19,70.14,2,0
2538,3603,38,0,0,5,0,18,143532,35,14,13,89.5,9.11,87.82,1,1
2539,5695,46,1,1,0,0,22,166904,33,20,16,87.94,10,99.67,1,1
2540,5225,55,1,1,1,0,28,133436,30,23,28,96,9.08,100,1,1
2541,2260,38,0,3,4,0,16,92066,30,23,5,86.63,9.3,100,1,1
2542,7996,49,1,3,5,3,27,70920,36,5,24,85.53,9.14,80.58,2,0
2543,4243,23,1,0,5,0,1,97388,41,19,68,72.03,7.9,100,1,1
2544,8238,23,1,5,5,2,1,138003,45,22,67,94.42,9.92,100,1,1
2545,795,41,1,1,2,0,16,114591,50,14,43,71.35,10,100,1,1
2546,6598,25,0,4,5,3,1,61971,49,6,74,77.13,7.8,73.47,2,1
2547,8982,45,1,3,5,0,20,110771,49,16,55,85.51,10,100,1,1
2548,470,56,1,6,0,1,31,136221,49,5,40,91.18,10,90.32,1,1
2549,7565,42,1,2,0,1,15,118498,60,21,47,91.44,10,100,1,1
2550,3353,32,1,0,2,2,8,143046,59,19,52,96.01,9.74,100,1,1
2551,3055,26,1,5,4,2,4,77204,38,18,28,71.99,7.66,81.35,2,1
2552,7775,25,0,3,3,0,5,100664,53,21,47,82.02,8.41,100,1,1
2553,8790,51,1,0,4,0,29,74280,59,1,0,84.5,7.23,67.16,0,0
2554,2533,29,0,2,0,0,4,95944,46,11,72,93.91,10,100,1,1
2555,6743,49,0,6,1,0,25,72791,33,1,5,80.65,6.51,58.64,0,1
2556,3097,40,0,2,5,0,16,111045,50,19,29,84.72,10,100,1,1
2557,8138,31,0,5,5,0,6,179139,46,19,44,81.58,10,100,1,1
2558,4711,41,1,0,4,1,16,73220,39,3,20,71.69,6.14,68.71,0,0
2559,3192,53,0,0,5,2,28,161899,40,7,29,74.47,9.79,93.01,1,1
2560,5213,53,1,5,0,0,26,90177,54,23,19,89.42,10,100,1,1
2561,6506,32,1,1,2,2,10,152877,52,20,2,74.03,10,99.98,1,1
2562,4340,49,1,4,2,0,26,112861,58,18,25,76.44,10,100,1,1
2563,3604,39,0,2,1,0,12,162100,43,17,76,76.3,10,100,1,1
2564,2607,35,1,6,3,2,12,126444,39,14,63,86.15,10,100,1,1
2565,3053,28,0,3,1,0,8,123453,53,20,31,87.39,9.55,100,1,1
2566,770,52,0,1,3,1,28,113109,44,19,53,94.41,10,100,1,1
2567,8935,53,1,4,3,0,26,91391,37,12,60,88.03,9.52,96.43,1,1
2568,4965,22,0,5,5,1,1,104434,45,15,48,93.35,8.92,93.18,1,1
2569,7232,30,1,4,0,1,5,46316,37,3,14,81.66,5.03,46.87,3,0
2570,6779,50,0,1,2,0,24,114877,43,19,20,96.22,10,100,1,1
2571,7239,58,1,4,1,0,33,110029,58,13,63,95.1,9.99,100,1,1
2572,4800,47,1,1,5,0,23,116862,39,11,1,70.4,7.82,80.37,2,0
2573,8852,54,0,2,2,0,30,126135,32,4,54,98.19,7.26,97.58,1,1
2574,4612,45,1,3,1,3,21,81344,36,6,70,81.24,6.19,82.78,2,1
2575,2684,53,1,3,3,2,33,113794,35,6,52,97.22,10,94.64,1,1
2576,1,54,0,2,2,2,33,166944,45,3,50,96.47,10,100,1,1
2577,4912,34,0,5,1,0,13,42690,59,3,13,96.92,7.47,59.86,0,0
2578,6817,30,0,3,5,2,3,74122,59,8,45,93.19,5.79,66.1,0,1
2579,4026,47,1,6,3,2,24,168709,40,15,9,73.25,10,100,1,1
2580,4938,34,0,3,4,0,11,91133,44,13,65,94.6,10,100,1,1
2581,7819,55,1,3,2,0,32,126704,35,7,57,78.72,10,100,1,1
2582,8814,42,0,4,4,2,18,71631,59,4,41,71.34,4.8,60.63,0,0
2583,8547,22,1,1,2,0,1,105479,60,24,78,82.73,9.87,100,1,1
2584,8069,22,1,2,5,2,1,142314,30,20,54,71.33,10,89.77,1,1
2585,4130,59,0,1,1,0,39,165529,41,12,21,82.13,9.31,100,1,1
2586,3132,46,0,2,2,0,21,59920,30,11,11,70.75,7.2,69.62,0,1
2587,2051,50,0,1,0,1,30,143387,42,11,52,92.48,10,100,1,1
2588,3723,49,1,0,4,0,28,153711,42,17,75,95.13,10,100,1,1
2589,637,53,0,6,0,2,33,168438,32,15,58,76.09,10,100,1,1
2590,2082,44,1,1,5,2,24,145237,45,22,44,81.15,10,100,1,1
2591,7881,32,1,1,5,0,8,121559,39,9,79,99.94,10,100,1,1
2592,3169,22,1,1,1,2,1,34974,47,2,52,70.28,5.23,53.6,3,0
2593,8613,29,1,3,5,2,3,39657,31,1,21,95.21,3.75,45.75,3,0
2594,484,47,1,6,2,2,26,85377,42,2,31,88.17,7.31,84.36,2,0
2595,7842,52,1,1,3,2,32,135772,39,9,56,92.57,10,100,1,1
2596,4330,37,1,4,3,2,12,171557,48,23,18,85.87,10,100,1,1
2597,7966,37,1,3,1,0,13,112097,57,20,64,79.9,9.7,100,1,1
2598,3232,28,0,2,3,1,4,78326,54,17,32,94.58,7.06,83.13,2,0
2599,6345,22,0,4,0,2,1,118831,56,21,63,82.2,10,100,1,1
2600,8968,35,0,1,1,2,11,172590,44,7,76,76.38,9.6,94.81,1,1
2601,2644,41,0,5,3,2,19,167502,39,11,29,94.51,8.53,100,1,1
2602,3726,54,0,3,2,0,32,138461,35,5,5,91.51,8.68,94.19,1,1
2603,5416,59,0,3,0,2,39,119623,35,17,70,90.13,8.65,100,1,1
2604,1852,23,1,2,0,1,1,125536,56,18,9,85.7,9.09,95.46,1,1
2605,6316,30,0,3,5,2,10,86403,59,6,63,77.68,4.81,72.23,2,0
2606,1872,59,1,3,5,2,38,129374,52,9,5,86.26,9.67,100,1,1
2607,6658,30,1,3,1,0,4,65853,57,8,50,84.43,8.59,69.03,0,1
2608,9031,52,1,3,2,1,31,135875,60,16,41,96.92,10,100,1,1
2609,4990,40,1,1,0,0,16,140199,45,17,42,87.09,8.25,100,1,1
2610,9192,50,0,2,5,2,24,139483,44,24,30,74.72,8.13,100,1,1
2611,287,28,1,2,4,2,2,38803,34,1,53,94.99,4.79,47.48,3,0
2612,1756,50,0,4,5,0,30,94583,32,18,57,94.97,8.92,100,1,1
2613,4468,24,0,1,4,0,4,147498,48,19,78,96.94,9.46,100,1,1
2614,1935,44,0,4,0,0,23,139940,53,15,71,89.07,8.88,100,1,1
2615,2320,53,0,5,5,1,28,49640,30,4,3,78.73,5.12,62.58,0,0
2616,8758,35,0,4,5,0,9,63500,45,9,15,83.41,7.58,83.81,2,0
2617,8259,36,1,1,1,2,14,174110,51,14,72,74.32,8.21,100,1,1
2618,6113,27,1,0,3,0,2,168000,39,11,51,94.43,9.28,98.07,1,1
2619,525,36,1,0,2,2,12,118396,32,3,69,78.45,6.89,73.23,2,1
2620,4322,43,1,1,0,0,18,175331,59,12,2,94.71,8.49,87.46,1,1
2621,9049,44,1,6,4,0,17,51955,36,9,35,77.4,5.22,65.67,0,0
2622,796,27,0,3,4,3,3,42240,43,7,31,88.7,5.68,50.6,3,0
2623,623,46,1,5,2,0,22,98352,58,18,5,90.46,10,100,1,1
2624,4256,50,0,4,4,0,28,91299,57,9,17,84.02,8.39,90.9,1,1
2625,9203,28,0,1,2,2,6,68170,60,10,65,72.62,7.31,67.63,0,0
2626,5841,53,1,4,0,1,30,113614,53,5,20,74.59,8.64,79.04,2,0
2627,7723,34,1,5,0,2,12,63250,55,5,31,89.46,8.71,74.73,2,1
2628,3142,40,0,6,5,0,14,140245,51,17,79,97.01,10,100,1,1
2629,2738,24,0,0,2,2,1,48595,35,6,45,81.4,4.67,58.16,0,1
2630,6969,32,0,1,2,0,11,154936,55,23,45,89.71,10,100,1,1
2631,7362,46,0,6,0,1,22,167340,41,5,60,73.62,8.88,92.78,1,1
2632,9360,37,1,2,5,2,12,100207,45,17,12,97.88,9.01,100,1,1
2633,8976,57,1,6,3,0,37,119695,43,2,74,99.01,10,100,1,1
2634,3925,23,1,5,3,0,3,170934,52,13,42,92.54,8.18,86.58,1,1
2635,6197,47,0,4,4,0,20,64017,36,3,65,81.26,8.17,83.37,2,1
2636,6892,25,1,3,4,0,1,114081,38,10,61,73.42,9.06,86.48,1,1
2637,55,45,0,4,1,2,24,132446,42,19,65,92.89,10,100,1,1
2638,1621,29,0,0,4,0,9,94736,56,8,34,75.62,7.77,77.04,2,0
2639,3478,23,1,4,5,0,3,146350,38,20,37,91.23,9.74,100,1,1
2640,7797,34,1,5,5,1,14,76965,39,8,29,73.61,5.84,59.73,0,0
2641,3991,46,0,4,0,0,26,60675,32,1,54,70.84,6.04,61.6,0,0
2642,9312,51,0,4,4,0,28,106918,33,10,11,94.82,10,95.6,1,1
2643,371,32,0,4,1,2,5,125022,46,23,41,82.13,10,100,1,1
2644,7424,23,1,1,2,2,1,78155,55,8,21,95.73,6.47,70.27,2,1
2645,804,25,1,1,0,2,1,116919,47,7,31,75.62,4.58,72.98,2,1
2646,6097,44,0,5,1,0,19,102286,42,15,60,78.65,9.7,100,1,1
2647,5199,33,1,1,2,2,11,54977,46,6,43,77.3,5.61,69.65,0,1
2648,1249,45,0,4,5,1,20,179937,56,9,70,96.11,10,100,1,1
2649,3306,28,1,1,3,1,8,163243,39,22,40,70.31,9.28,98.79,1,1
2650,3760,56,1,1,0,0,29,167171,46,6,41,88.09,10,97.19,1,1
2651,9331,43,1,6,0,0,19,149690,56,6,43,85.63,10,95.06,1,1
2652,3887,40,1,3,3,2,15,77309,50,6,39,90.74,9.04,81.76,2,0
2653,4604,57,1,0,2,2,36,110954,52,4,11,73.39,9.39,92.6,1,1
2654,2355,59,0,1,5,0,33,139594,58,19,64,74.68,10,100,1,1
2655,7822,46,1,0,2,0,20,116172,36,6,7,88.63,7.5,76.59,2,1
2656,9289,47,1,1,3,3,25,176065,55,12,72,74.52,10,100,1,1
2657,7574,31,0,4,4,2,11,116831,53,22,61,78.5,10,100,1,1
2658,2881,32,0,0,3,2,8,77597,34,9,4,96.87,7.52,71.26,2,1
2659,8066,41,0,6,1,0,15,129666,41,11,39,99.3,9.14,100,1,1
2660,4553,23,0,6,4,1,1,44537,56,8,0,84.98,5.63,47.63,3,0
2661,927,57,0,4,4,0,33,147392,54,9,44,78.87,9.01,100,1,1
2662,8990,31,0,5,0,3,11,161164,37,23,4,99.76,10,100,1,1
2663,1052,59,1,5,5,0,37,116627,59,24,1,88.93,9.45,100,1,1
2664,7955,24,0,2,2,0,3,53322,55,1,43,95.57,3.54,59.66,0,0
2665,1415,34,1,1,1,3,10,46910,54,1,19,89.28,6.02,57.52,0,0
2666,4357,42,0,4,2,2,16,75331,41,2,57,81.96,6.2,69.96,0,0
2667,4315,47,0,3,5,2,22,154965,36,6,59,94.62,9.2,100,1,1
2668,8149,47,1,0,4,0,26,156939,49,6,9,99.79,10,99.63,1,1
2669,5185,29,0,5,4,1,3,70230,40,5,28,85.33,3.78,57.79,0,0
2670,1865,58,0,1,3,1,35,155700,39,8,72,78.74,10,100,1,1
2671,2904,57,0,6,4,2,35,113308,34,18,5,89.75,8.77,100,1,1
2672,4362,46,0,1,0,3,20,115970,31,17,37,74.1,8.57,88.51,1,1
2673,679,54,0,4,4,1,34,129633,45,18,43,77.23,8.59,100,1,1
2674,6742,30,0,5,1,2,10,155657,42,11,22,82.3,10,96.9,1,1
2675,7956,44,0,6,3,2,21,127834,47,18,68,93.25,8.45,100,1,1
2676,7017,37,0,2,4,0,12,96286,34,14,63,75.6,8.7,97,1,1
2677,5656,25,1,2,5,0,3,115189,39,14,24,82.69,8.95,82.93,2,0
2678,7968,45,0,5,5,0,19,115561,60,14,51,85.98,9.55,100,1,1
2679,2156,25,1,1,4,0,3,85012,41,20,75,76.92,9.58,84.2,2,1
2680,2021,25,0,0,2,0,3,111185,38,24,42,93.33,9.36,100,1,1
2681,6727,45,1,3,2,0,20,99779,59,20,53,76.39,10,100,1,1
2682,4810,52,1,4,0,0,26,75314,35,6,3,99.31,8.01,81.82,2,1
2683,8304,34,0,3,0,0,9,147201,55,9,62,97.43,8.94,98.26,1,1
2684,6878,23,0,3,3,0,3,78671,58,9,57,96.43,9.08,78.23,2,1
2685,6069,42,0,2,3,2,15,135081,37,22,6,77.66,10,100,1,1
2686,8590,31,0,0,1,1,9,98338,31,13,38,79.86,8.02,72.36,2,1
2687,2256,25,0,4,0,1,2,63519,54,4,22,79.37,5.16,65.6,0,0
2688,6641,50,1,2,4,2,28,115456,37,22,79,80.1,9.59,100,1,1
2689,568,28,0,0,4,1,1,74190,37,16,23,75.9,8.52,80.93,2,1
2690,453,27,1,3,5,2,3,99123,39,4,76,74.55,6.8,75.63,2,1
2691,4781,57,0,5,5,3,37,112676,59,4,0,71.87,8.08,84.36,2,1
2692,5465,51,1,3,5,0,24,86553,55,4,26,74.34,7.4,74.31,2,1
2693,1663,28,1,5,1,0,6,95224,55,16,32,78.22,6.97,85.85,1,1
2694,7639,35,1,1,5,2,9,126928,41,10,6,99.78,9.16,85.69,1,1
2695,611,41,1,3,1,0,15,106500,41,4,62,73.28,7.25,78.22,2,1
2696,2660,41,0,6,1,0,15,70619,41,2,77,75.02,9.25,81.7,2,0
2697,8490,26,0,5,2,2,5,91356,37,10,52,88.07,8.2,75.79,2,0
2698,2755,24,0,2,5,0,4,46564,52,3,31,84.01,5.83,52.33,3,0
2699,8922,51,0,0,2,0,28,49374,57,4,6,81.18,8.97,65.17,0,1
2700,1857,48,1,4,5,1,21,153175,46,16,55,94.92,9.95,100,1,1
2701,7761,26,0,3,2,2,5,161646,32,16,72,80.35,9.22,100,1,1
2702,6020,34,0,3,2,2,13,130902,45,15,69,73.5,10,100,1,1
2703,7343,48,0,0,1,0,21,174703,48,8,61,89.09,10,100,1,1
2704,7742,49,1,1,5,2,22,59163,50,5,0,89.63,7.66,68.95,0,1
2705,5840,57,0,4,2,0,31,167977,53,15,74,92.95,9.25,100,1,1
2706,9212,34,0,0,0,3,10,142400,57,19,14,81.02,6.04,87.08,1,1
2707,7008,25,0,6,0,0,4,113831,31,15,59,79.08,8.89,85.54,1,1
2708,8338,35,0,3,0,2,12,170134,52,12,55,99.22,7.88,100,1,1
2709,4161,36,0,6,1,0,16,145698,41,15,50,86.23,9.3,100,1,1
2710,6009,45,1,3,0,1,18,126006,56,12,64,98.19,10,100,1,1
2711,7098,28,1,3,5,2,3,35640,50,9,26,72.35,5.7,54.63,3,0
2712,4646,40,0,1,0,0,14,54216,41,1,45,90.57,7.72,68.97,0,0
2713,1240,23,1,3,2,2,1,77921,43,4,58,91.44,6.59,73.61,2,0
2714,6156,43,1,6,3,2,21,93691,50,4,39,82.14,8.54,82.69,2,1
2715,8678,28,1,1,2,2,2,117732,52,17,76,76.37,9.49,88.22,1,1
2716,5480,37,0,3,5,0,12,115985,50,10,10,82.47,8.29,75.89,2,1
2717,4302,24,1,6,0,0,1,97164,57,17,46,95.13,8.8,82.39,2,1
2718,2828,32,1,5,3,3,8,168045,55,23,27,76.71,10,100,1,1
2719,9222,46,1,4,1,0,20,94178,53,13,11,73.87,8.04,86.17,1,1
2720,1608,22,1,2,5,2,1,167670,51,17,58,76.51,8.19,100,1,1
2721,4687,54,0,6,4,2,33,162289,50,13,60,95.23,10,100,1,1
2722,3853,59,0,5,2,0,34,169302,42,21,11,87.33,8.81,100,1,1
2723,7888,23,0,5,3,0,1,107981,42,7,58,85.1,7.39,72.58,2,1
2724,3016,27,1,1,5,2,1,110987,44,19,53,94.82,10,100,1,1
2725,6669,48,0,6,0,0,22,84937,58,3,75,80.31,6.33,70.96,2,0
2726,6451,22,1,3,2,0,1,40240,59,5,67,78.05,4.37,62.94,0,0
2727,8782,36,1,1,3,0,15,79830,36,9,28,73.89,9.79,82.41,2,1
2728,8300,33,1,5,3,2,10,78703,60,12,9,94.2,6.43,69.15,0,0
2729,8389,29,1,3,0,1,3,169686,36,13,40,86.43,10,94.72,1,1
2730,3922,59,1,6,3,1,35,137659,38,13,48,75.13,10,100,1,1
2731,3404,28,1,5,4,3,4,134337,57,23,73,78.22,9.39,100,1,1
2732,3700,26,1,4,4,3,1,130874,35,21,16,84.98,9.36,95.51,1,1
2733,7211,55,0,0,3,0,30,141765,51,18,64,84.54,7.37,100,1,1
2734,3777,59,1,4,0,2,39,147198,36,23,74,87.15,10,100,1,1
2735,1292,29,0,4,0,2,7,76479,56,4,65,93.8,7.82,83.67,2,1
2736,7780,22,0,2,3,2,1,66493,36,15,3,88.58,9.31,80.11,2,1
2737,8714,37,0,1,1,0,12,172418,34,12,68,84.03,9.29,93.43,1,1
2738,5716,47,0,5,2,1,23,143634,35,4,54,95.79,9.33,94.06,1,1
2739,8564,28,1,0,5,0,1,65446,40,6,35,91.92,5.43,73.74,2,0
2740,5887,52,1,2,5,3,25,132392,53,10,17,82.8,8.67,93.44,1,1
2741,7737,31,1,3,5,2,7,115588,48,12,7,86.25,8.85,76.87,2,1
2742,8962,49,1,1,2,0,22,105854,54,2,77,82.8,7.09,82.05,2,0
2743,3291,34,1,1,1,0,11,131239,47,10,75,93.95,8.71,100,1,1
2744,4868,46,0,5,1,3,24,131968,57,12,32,75.94,6.75,92.12,1,1
2745,4476,47,1,6,4,2,27,166993,33,15,2,79.61,10,100,1,1
2746,2756,47,1,2,2,2,21,71019,55,6,4,80.02,6.07,67.91,0,1
2747,1576,35,0,6,2,0,10,147029,40,9,69,99.11,10,96.95,1,1
2748,3798,25,0,1,3,0,2,75498,58,12,62,88.21,9.37,78.62,2,1
2749,7097,40,1,4,5,0,16,69528,37,5,59,92.3,7.94,83.02,2,0
2750,2435,41,0,1,1,0,20,160077,58,14,68,87.9,10,100,1,1
2751,7652,44,0,6,2,1,24,156455,35,19,16,94.79,8.72,100,1,1
2752,2140,40,0,6,2,2,14,32297,32,1,55,82.36,4.51,53.29,3,0
2753,2258,41,0,6,1,0,19,106154,44,12,16,78.73,9.94,100,1,1
2754,8512,33,0,2,2,2,10,109030,47,10,49,90.61,7.53,81.84,2,1
2755,8517,22,1,1,5,3,1,53786,58,8,68,95.28,5.66,69.86,0,1
2756,1436,48,0,3,0,0,25,110509,58,6,70,90.29,10,100,1,1
2757,5822,44,1,3,2,3,20,156562,46,13,79,78.82,10,100,1,1
2758,4670,45,1,4,1,1,25,109588,57,11,9,76.3,6.95,71.68,2,1
2759,3902,31,0,1,5,1,8,154005,55,24,75,79.18,10,100,1,1
2760,521,22,1,1,3,0,1,169077,56,23,2,86.13,9.06,87.51,1,1
2761,2853,41,1,4,0,2,15,144142,43,17,60,77.75,9.55,100,1,1
2762,3574,24,0,6,4,0,1,99872,47,5,65,88.49,7.23,73.35,2,0
2763,1688,23,1,0,5,0,1,77862,48,9,2,91.48,6.29,72.78,2,1
2764,9029,46,1,4,4,1,25,131142,37,21,40,78.95,9.96,100,1,1
2765,7654,53,1,5,1,0,31,153328,49,22,49,90.23,10,100,1,1
2766,8153,44,0,0,1,0,22,156004,43,23,0,80.75,10,100,1,1
2767,510,22,0,0,1,3,1,59505,30,16,26,75.52,5.89,55.57,0,0
2768,5407,48,1,0,1,1,25,73241,50,1,0,85.24,9.64,76.89,2,0
2769,5012,51,1,6,3,2,24,107593,36,14,17,78.01,10,100,1,1
2770,6932,46,1,4,2,2,26,141787,31,15,19,81.64,8.96,100,1,1
2771,279,52,0,4,4,1,28,142100,31,12,76,77.97,10,100,1,1
2772,2557,53,0,4,2,2,28,94520,39,24,5,92.71,8.76,100,1,1
2773,1217,51,0,6,2,0,27,166999,60,7,58,78.5,8.73,86.22,1,1
2774,354,49,1,6,3,0,22,135386,34,21,54,96.97,8.63,100,1,1
2775,1420,29,0,1,5,1,6,94886,60,9,77,97.08,10,100,1,1
2776,377,29,1,6,5,2,9,108469,59,11,66,83.67,7.87,79.95,2,1
2777,9281,39,0,5,4,1,13,144353,40,10,45,82.66,7.81,86.25,1,1
2778,9133,37,0,0,4,0,15,113830,54,2,79,87.17,8.23,88.21,1,1
2779,7653,41,1,5,0,0,19,166039,41,10,36,86.14,8.45,87.5,1,1
2780,8208,53,1,6,3,2,30,115695,52,3,38,97.94,9.37,90.52,1,1
2781,9064,23,0,4,0,0,1,159611,45,21,38,86.59,10,100,1,1
2782,2352,22,1,5,1,2,1,101529,48,11,65,80.88,8.33,79.97,2,1
2783,576,45,0,1,4,2,24,142996,57,4,33,77.58,9.24,91.12,1,1
2784,2149,32,1,3,2,0,8,76855,50,2,53,77.42,6.49,56.59,0,0
2785,1484,36,0,6,5,0,9,67620,58,14,0,77.4,6.14,61.35,0,0
2786,5646,41,0,6,2,0,14,86162,35,10,38,75.07,8.1,77.64,2,1
2787,492,49,1,2,4,3,22,171242,57,7,64,70.43,10,98.55,1,1
2788,3304,50,1,0,2,2,24,144490,60,22,55,95.68,10,100,1,1
2789,964,30,0,5,3,0,5,126984,50,11,48,85.95,9.09,85.75,1,1
2790,4599,32,0,4,2,2,6,92472,42,14,46,96.86,8.14,90.47,1,1
2791,9362,26,0,0,2,2,1,66868,36,7,38,87.94,7.36,75.46,2,1
2792,3648,30,1,5,4,0,6,108134,43,16,73,98.23,10,100,1,1
2793,5899,40,0,5,2,0,15,93552,54,9,30,88.65,9.63,100,1,1
2794,2628,52,1,2,4,0,26,85619,48,6,26,73.2,6.81,79.07,2,1
2795,4191,36,0,2,4,3,15,157837,48,12,59,87.26,8.01,100,1,1
2796,4084,53,1,0,0,0,32,158231,43,19,57,82.39,10,100,1,1
2797,216,23,0,4,5,2,1,42631,33,3,65,79.61,5.95,69.13,0,0
2798,1586,26,1,5,3,3,2,100581,49,16,61,88.44,10,98.93,1,1
2799,5184,32,0,2,3,2,11,62461,34,15,38,78.62,8.52,80.9,2,1
2800,8505,32,0,5,3,0,8,93884,46,6,43,87.04,7.64,78.51,2,1
2801,4941,33,1,4,0,3,11,57787,51,1,53,71.64,7.78,65.59,0,0
2802,2897,59,0,0,3,2,38,176842,56,24,24,76.76,9.02,100,1,1
2803,5053,59,1,1,1,0,34,150623,59,11,78,85.32,10,100,1,1
2804,549,43,1,6,2,2,16,145733,35,22,29,93.22,9.78,100,1,1
2805,6802,30,0,6,2,0,6,168000,48,15,46,79.37,7.7,94.83,1,1
2806,930,46,0,5,3,1,26,116025,57,14,29,85.55,9.9,100,1,1
2807,1307,22,0,4,2,0,1,73608,49,2,62,88.19,8.25,75.66,2,1
2808,3495,37,1,3,4,1,16,148389,37,20,5,94.49,10,100,1,1
2809,1268,54,0,6,1,0,32,143934,41,8,23,97.87,10,100,1,1
2810,7698,34,1,6,0,3,10,141557,37,14,60,95.17,10,100,1,1
2811,7971,37,1,3,4,2,11,101264,50,2,54,81.22,8.9,89.37,1,1
2812,639,59,1,4,0,2,36,97074,38,15,55,84.91,9.95,100,1,1
2813,7231,22,0,3,3,0,2,152055,40,14,47,96.96,9.56,95.32,1,1
2814,8089,32,1,3,0,1,12,109184,52,11,73,77.84,9.56,100,1,1
2815,5068,52,1,0,1,0,28,127031,48,13,49,78.73,9.86,100,1,1
2816,1835,33,1,3,2,0,13,99260,36,7,64,90.37,7.28,80.9,2,1
2817,4703,36,1,4,3,3,13,166962,46,7,37,82.72,9.1,88.92,1,1
2818,6977,42,1,4,1,0,22,65557,60,6,54,74.03,6.88,77.76,2,1
2819,3635,59,1,6,5,0,36,91732,32,18,15,79.78,9.58,100,1,1
2820,3462,35,1,4,3,0,15,174694,51,16,37,92.81,10,100,1,1
2821,945,57,1,5,2,0,32,103555,38,24,62,93.57,10,100,1,1
2822,5690,25,0,2,5,1,1,127430,50,14,25,75.12,8.65,87.73,1,1
2823,9184,29,1,2,4,2,4,71431,31,17,5,77.29,6.35,79.1,2,1
2824,239,36,1,1,2,0,9,88215,42,11,38,74.71,9.62,75.03,2,1
2825,6825,25,1,6,2,2,5,154167,46,24,61,78.26,10,100,1,1
2826,7154,40,0,5,5,0,19,91757,48,22,16,75.1,10,100,1,1
2827,5084,43,0,5,4,0,17,137376,34,10,8,95.07,9.6,93.44,1,1
2828,4417,57,0,1,5,0,32,101722,34,19,70,84.25,9.55,100,1,1
2829,8927,24,0,4,2,0,1,118582,54,11,71,76.47,7.63,74.62,2,0
2830,4309,56,1,2,0,2,29,138275,59,5,16,99,9.81,85.44,1,1
2831,8887,43,1,5,0,0,18,90575,43,7,28,73.66,8.12,73.38,2,0
2832,6994,28,0,0,1,0,2,166281,44,21,63,88.86,9.12,100,1,1
2833,7287,52,0,0,3,0,32,94596,34,17,30,72.58,8.04,100,1,1
2834,4376,34,0,5,2,0,11,52744,30,6,12,76.57,7.57,68.41,0,1
2835,922,39,1,6,5,0,19,103733,35,18,0,77.57,9.86,100,1,1
2836,7396,29,1,0,5,0,8,125472,38,17,15,85.51,9.52,100,1,1
2837,3108,56,1,0,4,2,31,133190,51,11,61,99.58,9.96,100,1,1
2838,6735,31,1,2,1,1,8,177372,40,10,23,94.62,9.02,93.47,1,1
2839,1839,58,1,2,5,1,31,140105,55,3,48,70.81,9.68,90.97,1,1
2840,4729,44,1,6,1,3,22,101682,45,6,34,93.99,7.84,89.7,1,1
2841,9103,37,0,2,4,0,11,117254,35,14,28,97.88,8.99,94.05,1,1
2842,8192,59,0,4,3,3,39,172017,45,5,35,92.41,10,100,1,1
2843,4866,40,1,3,0,1,17,130583,56,20,72,97.55,10,100,1,1
2844,514,34,0,5,4,0,13,172269,31,24,41,99.19,9.62,100,1,1
2845,8065,56,1,4,5,0,35,90220,40,19,17,81.07,8.39,100,1,1
2846,5021,38,0,5,3,0,17,114940,53,24,74,93.91,8.67,100,1,1
2847,5925,54,0,4,3,1,30,126942,34,21,73,97.53,9.74,100,1,1
2848,1008,45,1,4,5,0,21,129009,34,5,40,91.58,8.46,92.81,1,1
2849,3310,47,0,3,1,2,27,124289,48,16,3,95.8,9.85,100,1,1
2850,8601,27,0,2,0,0,7,71717,50,10,22,85.94,8.29,82.06,2,1
2851,9056,26,0,4,2,0,1,43602,60,13,50,80.64,5.08,59.91,0,0
2852,3813,52,1,3,4,1,32,124574,34,17,58,75.39,9.17,100,1,1
2853,5687,28,1,1,1,0,2,163274,41,10,18,93.54,8.04,93.55,1,1
2854,3093,35,0,1,5,0,10,65788,58,11,6,83.56,6.28,69.92,0,0
2855,3350,41,0,4,5,0,16,64662,38,2,7,70.42,5.41,67.99,0,0
2856,8711,40,1,5,3,0,18,173670,47,5,17,96.08,9.72,95.57,1,1
2857,1979,23,0,3,3,0,3,119852,49,18,38,70.19,7.73,100,1,1
2858,3422,31,1,0,3,1,10,36119,60,6,26,90.37,5.66,53.03,3,0
2859,6912,47,0,2,2,2,25,109232,58,6,58,98.63,8.63,97.4,1,1
2860,1888,47,1,2,4,1,22,148098,39,14,6,85.16,8.12,94.9,1,1
2861,7798,53,1,2,1,2,29,90740,37,4,7,79.89,7.64,87.99,1,1
2862,7805,28,1,3,4,3,4,139061,35,14,72,75.01,9.07,88.56,1,1
2863,1275,36,0,0,1,0,14,47832,53,5,56,72.31,6.3,67.83,0,0
2864,2946,23,1,2,0,0,2,47398,51,1,69,84.01,6.71,63.17,0,0
2865,3344,47,1,3,3,2,20,49231,31,2,23,74.68,3.77,51.67,3,0
2866,1204,51,0,4,5,0,31,144026,31,3,21,86.69,8.7,88.15,1,1
2867,1526,40,1,4,5,0,19,139790,35,13,25,90.12,9.58,91.44,1,1
2868,2791,51,0,3,4,1,30,177363,41,22,63,84.31,9.33,100,1,1
2869,5641,50,1,4,4,2,27,149337,49,13,22,92.34,10,96.02,1,1
2870,5960,31,0,2,1,2,8,36642,30,2,48,77.57,5.88,52.69,3,0
2871,1480,35,1,4,5,0,12,143796,51,18,34,97.72,10,100,1,1
2872,3738,27,1,1,5,1,1,72093,59,11,23,97.66,7.75,72.08,2,1
2873,5836,40,0,0,5,0,16,93583,35,13,48,78.68,9.28,100,1,1
2874,8641,22,1,3,3,0,1,96336,49,5,38,86.28,7.75,71.89,2,1
2875,231,36,1,5,0,1,14,46346,55,9,2,71.81,6.46,67.46,0,1
2876,7967,22,1,3,0,0,2,52020,54,11,11,92.9,8.01,63.16,0,0
2877,839,24,1,1,0,2,2,179599,37,19,31,80.45,9.76,97.28,1,1
2878,4220,40,0,0,4,1,20,99491,44,21,77,91.16,10,100,1,1
2879,2152,22,1,0,1,1,2,114875,58,15,40,84.2,7.09,70.79,2,0
2880,7928,56,1,6,3,0,31,93950,33,8,39,70.5,10,89.22,1,1
2881,168,56,0,3,5,0,31,153440,45,6,27,97.62,10,100,1,1
2882,5892,56,1,3,3,0,32,101556,52,18,53,71.98,9.72,100,1,1
2883,2690,56,1,5,5,2,36,128316,57,24,11,76.89,10,100,1,1
2884,8557,52,1,1,0,0,31,151129,58,8,28,78.07,9.61,96.09,1,1
2885,2902,35,1,1,4,0,12,153869,34,16,38,96.32,9.5,100,1,1
2886,1753,53,0,1,1,1,30,178577,37,20,48,86.19,9.98,100,1,1
2887,4835,47,0,6,0,2,21,91329,47,21,25,79.01,9.92,100,1,1
2888,2507,25,1,2,0,2,3,113577,47,16,57,93.49,10,100,1,1
2889,1063,35,1,6,1,2,14,97849,57,23,11,92.64,10,100,1,1
2890,3490,33,0,2,3,0,9,73849,33,4,28,87.42,6.59,56.68,0,0
2891,1905,25,0,0,1,0,1,97671,50,6,71,89.76,8.93,81.74,2,0
2892,6385,45,1,0,2,0,21,159672,32,23,64,79.58,10,100,1,1
2893,4341,41,0,0,5,2,21,119011,47,18,62,83.33,10,100,1,1
2894,7547,29,0,2,2,0,4,100111,35,17,3,78.84,10,85.67,1,1
2895,8826,27,0,6,1,0,2,37977,43,10,21,72.65,6.64,52.72,3,0
2896,1783,32,1,4,1,0,11,129407,57,13,29,78.21,9.28,91.69,1,1
2897,7522,47,1,6,3,0,27,66142,60,9,43,70.85,7.07,77.16,2,0
2898,8862,27,0,6,1,1,1,116481,46,7,58,73.16,7.19,70.97,2,0
2899,4858,35,1,0,5,2,14,155459,33,16,77,81.65,8.77,100,1,1
2900,7240,53,1,1,1,1,33,90209,39,12,38,98.59,10,100,1,1
2901,4785,30,1,6,2,0,5,141007,53,13,47,99.53,9,95.67,1,1
2902,869,27,0,1,2,2,1,69552,46,10,18,87.94,7.15,74.7,2,0
2903,6228,26,0,4,4,2,5,172722,51,15,65,76.73,9.33,96.92,1,1
2904,8944,36,1,6,2,0,10,96305,52,19,17,88.03,9.49,100,1,1
2905,7891,45,0,0,5,1,24,92413,38,6,37,72.68,8.7,99.5,1,1
2906,2943,25,0,5,2,2,1,64807,37,16,10,81.96,8.4,82.08,2,0
2907,2185,23,0,0,2,0,1,71178,45,1,63,92.32,8.26,69.58,0,0
2908,8659,42,1,2,5,0,22,169140,42,20,72,92.82,10,100,1,1
2909,8691,59,0,5,3,0,39,108484,43,13,30,72.36,10,100,1,1
2910,4881,39,1,2,3,1,17,171204,30,19,5,84.13,10,94.91,1,1
2911,7660,46,1,3,3,2,24,127676,34,17,68,74.39,9.24,100,1,1
2912,8949,51,1,0,0,0,24,117933,38,13,34,81.6,9.88,100,1,1
2913,9227,47,1,4,4,0,21,155635,38,15,75,77.43,10,100,1,1
2914,4921,23,0,1,5,0,1,91386,57,8,71,82.21,6.87,74.99,2,1
2915,4843,49,0,4,2,0,27,179145,48,22,23,77.01,9.6,100,1,1
2916,1596,36,1,6,1,2,9,68412,32,9,47,71.99,7.25,61.06,0,1
2917,7288,29,1,5,1,2,3,53056,39,4,24,85.26,5.82,60.63,0,0
2918,5266,57,0,6,4,0,35,147230,54,4,69,73.41,10,96.04,1,1
2919,8383,24,0,1,5,1,1,119527,52,18,34,95.38,9.18,91.2,1,1
2920,3300,29,0,2,0,0,4,72985,33,2,56,96.82,7.79,72.91,2,1
2921,9291,52,0,3,5,2,30,150773,31,20,12,87.71,10,100,1,1
2922,3198,38,1,2,0,3,18,101309,37,4,54,88.48,6.03,83.55,2,1
2923,6552,52,1,4,3,0,25,91962,52,5,58,77.73,9.54,87.22,1,1
2924,3379,31,0,0,5,0,7,102451,31,14,70,85.01,7.9,100,1,1
2925,6529,26,1,2,1,0,2,62070,54,3,52,93.59,6.59,61.02,0,1
2926,2543,22,0,4,0,3,1,35321,47,4,7,75.85,5.19,43.33,3,0
2927,7882,32,0,0,4,0,11,130544,46,12,30,80.97,10,86.44,1,1
2928,516,48,1,2,5,2,25,129467,36,18,53,83.14,8.29,100,1,1
2929,7289,33,1,0,0,0,8,177028,43,20,58,81.35,10,100,1,1
2930,9285,41,1,6,3,0,15,136096,54,13,43,72.66,8.49,99.74,1,1
2931,2162,26,1,4,0,0,2,70290,54,6,29,88.94,7.06,65.16,0,0
2932,9097,57,0,0,0,2,31,121849,42,24,79,78.99,8.32,100,1,1
2933,6600,48,1,1,2,0,28,99110,44,16,16,93.13,8.44,100,1,1
2934,5986,26,1,5,2,1,6,64660,45,8,65,77.64,5.13,64.66,0,0
2935,4315,33,0,4,1,2,6,139207,49,15,71,81.81,10,100,1,1
2936,6305,56,1,6,4,0,33,116654,31,8,66,87.97,9.44,100,1,1
2937,6207,31,1,3,2,1,6,111114,38,11,46,92.11,7.76,88.78,1,1
2938,341,30,0,4,0,0,9,112013,55,18,40,72.33,9.43,100,1,1
2939,7190,31,1,1,0,0,8,111726,31,22,13,85.9,9.61,99.95,1,1
2940,2737,27,0,5,0,0,4,35425,36,1,5,76.72,4.59,42.79,3,0
2941,1523,57,0,4,2,2,31,119899,52,24,67,83.16,10,100,1,1
2942,7277,45,0,2,5,1,19,133520,56,10,1,84.86,9.11,89.64,1,1
2943,5491,52,0,0,4,2,27,176593,47,12,26,91.15,8.63,94.65,1,1
2944,1791,46,1,3,1,0,21,103025,48,20,63,96.53,9.47,100,1,1
2945,3465,26,0,3,1,0,2,47688,33,12,9,99.48,7.95,64.71,0,0
2946,8788,52,1,2,0,2,25,102793,41,10,9,70.62,9.46,100,1,1
2947,5548,34,1,6,0,1,9,123014,57,20,64,94.65,10,100,1,1
2948,7189,25,0,2,3,0,5,97374,51,13,37,98.49,8.68,86.54,1,1
2949,2616,32,0,2,0,0,11,40710,52,2,32,70.87,7.49,65.63,0,0
2950,969,47,0,2,5,2,20,123462,41,16,16,97.14,8.93,100,1,1
2951,5166,51,1,2,4,0,30,120465,41,13,15,91.04,10,100,1,1
2952,151,33,1,2,3,0,12,128071,49,10,17,96.96,10,100,1,1
2953,3178,46,0,6,3,2,24,170121,50,15,65,92.11,10,100,1,1
2954,1981,59,1,3,4,2,36,100261,36,12,62,82.82,8.46,100,1,1
2955,3204,57,1,0,3,2,36,126892,33,19,14,92.68,8.7,100,1,1
2956,939,43,1,0,0,2,21,60218,43,1,70,71.52,7.91,79.86,2,1
2957,1864,27,1,5,5,0,5,116389,31,7,22,96.47,7.92,74.36,2,0
2958,1328,24,1,1,1,0,1,54186,60,8,25,94.7,5.69,63.29,0,0
2959,2458,28,0,0,0,2,2,178233,41,21,74,72.98,10,100,1,1
2960,3733,23,0,4,1,2,1,64437,58,12,1,92.3,8.01,66.26,0,0
2961,6959,47,1,2,5,0,24,104823,40,12,14,97.79,10,100,1,1
2962,5896,46,0,5,5,2,20,87493,55,1,57,78.89,7.27,81.47,2,0
2963,4403,39,1,6,1,0,15,113989,39,16,27,99.49,10,100,1,1
2964,6421,47,1,0,4,0,27,119500,51,7,43,96.54,10,100,1,1
2965,4245,51,0,2,1,0,29,120961,54,16,65,88.07,10,100,1,1
2966,5114,51,0,2,4,2,25,150943,30,8,51,82.68,9.54,91.6,1,1
2967,157,37,0,4,0,3,14,97589,60,20,46,99.92,8.61,100,1,1
2968,76,38,0,6,3,0,18,118540,31,11,61,72.79,8.78,97.54,1,1
2969,4260,54,1,2,4,1,33,151236,41,24,2,80.91,9.67,100,1,1
2970,8360,37,0,0,3,0,15,63933,56,15,2,75.86,7.18,61.02,0,0
2971,7338,37,0,1,5,3,17,40768,42,1,13,97.61,6.86,69.72,0,0
2972,7228,26,0,2,3,0,1,156270,38,20,56,94.46,10,100,1,1
2973,6698,47,0,4,3,2,27,141814,36,4,39,90.15,8.27,87.51,1,1
2974,1499,32,1,2,5,1,8,30301,34,7,41,74.6,4.88,49,3,0
2975,6864,46,0,3,1,2,19,174541,35,7,12,99.55,8.86,94.91,1,1
2976,7608,41,1,1,4,2,15,146377,59,17,38,95.51,10,100,1,1
2977,399,40,1,5,5,2,17,66885,50,6,29,72.14,6.87,77.37,2,1
2978,1357,22,0,6,0,0,1,75292,35,5,61,87.39,5.36,58.55,0,0
2979,9337,38,0,2,1,1,15,146121,39,18,63,77.36,10,94.72,1,1
2980,7529,40,0,6,2,1,15,130344,49,16,10,95.94,10,95.58,1,1
2981,5123,36,0,5,2,2,14,113539,56,6,74,72.6,6.93,75.63,2,1
2982,6860,40,0,0,4,0,15,137323,41,2,72,99.21,9.42,94.98,1,1
2983,4668,58,1,1,1,2,32,115101,35,21,9,85.58,9.11,100,1,1
2984,8420,44,1,5,5,2,18,102315,59,21,10,84.72,9.44,100,1,1
2985,9226,37,0,4,2,0,11,142995,52,21,44,86.91,10,100,1,1
2986,2679,47,1,2,3,0,22,130839,46,9,7,84.13,7.6,90.24,1,1
2987,5485,26,1,6,0,1,2,172793,56,8,75,80.14,8.68,85.29,1,1
2988,176,24,1,3,3,1,3,51109,33,6,41,92.32,5.44,57.15,0,0
2989,761,27,0,5,1,2,7,163658,39,24,11,91.02,10,100,1,1
2990,7004,37,1,4,3,2,13,131845,39,7,77,89.67,10,97.94,1,1
2991,9002,50,1,3,2,0,28,157905,48,20,60,81.21,9.18,100,1,1
2992,1836,57,1,3,5,1,36,175656,51,8,10,75,9.9,91.23,1,1
2993,4667,30,1,3,0,2,3,179133,56,17,7,81.79,7.22,85.87,1,1
2994,750,42,0,6,1,0,21,150894,42,21,21,87.69,8.76,100,1,1
2995,5562,34,0,6,1,0,9,151909,38,18,32,93.25,8.57,99.71,1,1
2996,2443,56,1,3,2,0,36,109788,42,15,75,93.16,9.47,100,1,1
2997,3483,38,0,5,1,1,14,163227,40,14,52,73.3,9.09,91.27,1,1
2998,9131,39,1,0,1,3,13,115547,39,8,54,82.55,6.45,80.11,2,0
2999,8434,54,0,3,4,2,31,113185,46,3,67,87.38,9.47,93.89,1,1
3000,1971,41,1,0,4,0,19,99862,38,20,27,75.18,10,100,1,1
3001,7789,58,0,2,0,0,38,172680,34,17,59,92.09,8.73,100,1,1
3002,622,44,1,2,4,0,19,104414,44,19,67,80.96,10,100,1,1
3003,2703,26,1,5,3,1,2,34517,43,2,40,84.61,2.98,43.33,3,0
3004,1928,26,1,4,1,2,4,64901,47,2,40,90.19,7.18,70.49,2,0
3005,8515,35,1,4,2,1,15,117108,49,8,7,94.7,8.52,93.97,1,1
3006,3256,55,1,5,4,0,31,160943,50,15,22,78.21,10,100,1,1
3007,4054,49,0,0,3,0,28,169208,57,9,61,86.98,9.78,100,1,1
3008,2964,22,0,3,3,2,2,130198,42,21,68,99.08,9.2,100,1,1
3009,7859,58,0,3,1,0,37,99376,45,22,41,84.21,8.4,100,1,1
3010,6821,31,1,2,4,0,6,35822,30,2,1,94.74,4.9,46.27,3,0
3011,1617,46,1,5,0,0,24,170694,49,18,33,98.93,10,100,1,1
3012,4909,57,1,4,1,0,37,142854,35,15,22,87.69,9.48,100,1,1
3013,2366,30,0,4,3,0,7,48599,37,10,16,80.36,4.04,51.49,3,0
3014,3852,28,0,4,4,3,2,31823,51,4,18,72.28,6.86,44.14,3,0
3015,8210,38,0,4,5,0,14,140464,57,20,65,75.98,10,90.97,1,1
3016,1114,22,0,6,3,1,2,44776,59,6,6,98.7,4.86,53.69,3,0
3017,3155,34,0,6,2,2,10,92115,40,5,32,86.27,6.07,70.93,2,0
3018,6404,44,1,1,3,0,19,87309,57,14,29,71.39,9.18,84.46,2,0
3019,6285,29,1,5,2,2,3,49949,44,4,34,86.45,6.25,58.3,0,0
3020,2735,43,1,6,4,2,22,131942,48,7,12,88.79,10,94,1,1
3021,1287,44,1,6,1,0,17,124730,49,8,77,86.14,8.18,95.24,1,1
3022,4314,54,1,6,0,0,28,92342,57,20,71,97.14,7.97,100,1,1
3023,4258,23,0,4,4,0,3,108589,31,16,66,90.88,8.79,91.61,1,1
3024,5534,26,1,0,0,1,3,77597,39,4,59,92.47,7.41,74.9,2,1
3025,3658,35,0,5,4,0,13,97039,53,19,9,93.12,10,100,1,1
3026,5419,30,1,4,1,1,9,90002,44,17,45,95.22,10,100,1,1
3027,8139,24,0,6,3,0,2,103369,52,23,50,87.45,10,100,1,1
3028,4780,36,1,2,4,2,10,147668,41,11,59,78.17,9,92.46,1,1
3029,4377,22,1,3,4,0,1,65416,45,11,7,95.38,5.03,68.07,0,0
3030,7910,30,1,5,0,2,8,92760,53,22,61,91.12,10,100,1,1
3031,6419,43,0,3,2,0,23,177258,30,18,35,82.73,8.35,100,1,1
3032,1602,36,0,3,3,0,13,162296,52,18,38,75.26,8.43,100,1,1
3033,6380,28,0,3,5,3,6,67277,44,2,19,95.84,6.08,62.7,0,0
3034,8224,26,1,6,4,0,3,96274,36,12,26,84.03,9.79,81.71,2,0
3035,7514,48,1,4,5,3,28,165923,57,23,63,76.51,10,100,1,1
3036,960,30,1,6,4,0,6,76123,58,11,25,83.74,7.11,55.57,0,0
3037,3985,55,1,6,5,0,32,137620,31,12,15,71.71,8.67,89.42,1,1
3038,5146,24,0,0,5,0,1,150787,33,21,77,88.72,10,100,1,1
3039,5974,51,1,3,0,0,31,157028,37,13,61,94.03,9.79,100,1,1
3040,6904,59,1,1,2,0,33,144040,42,9,16,81.41,9.88,100,1,1
3041,6424,50,0,4,2,1,26,126256,52,12,54,96.21,10,100,1,1
3042,4624,38,1,2,4,2,11,142739,38,10,25,81.68,8.01,91.19,1,1
3043,7674,41,1,2,2,0,14,42039,30,7,4,83.28,5.84,64.8,0,0
3044,3915,49,0,5,2,0,25,93763,36,14,52,75.22,10,98.78,1,1
3045,6784,47,1,0,4,0,21,115000,60,4,24,99.93,7.32,83.15,2,0
3046,6250,32,1,2,3,2,10,34009,42,2,16,84.59,3.68,46.49,3,0
3047,8045,30,0,6,0,2,8,98692,39,15,68,71.62,10,100,1,1
3048,2104,38,0,5,1,0,12,166245,30,14,15,92.64,9.29,89.9,1,1
3049,6126,51,1,5,4,0,25,145578,46,24,36,79.42,10,100,1,1
3050,5253,28,0,6,0,1,3,38411,37,4,21,70.73,3.46,40,3,0
3051,4195,33,0,1,5,0,11,98143,36,20,69,73.94,8.51,100,1,1
3052,5198,22,0,3,0,2,1,53612,50,9,47,94.64,6.68,68.36,0,1
3053,6719,34,1,0,0,0,12,159309,41,6,41,97.25,7.73,89.56,1,1
3054,587,59,0,3,4,2,37,115875,31,7,37,81.16,9.22,93.07,1,1
3055,1541,40,0,2,4,2,15,118353,52,10,64,87.38,9.17,99.11,1,1
3056,1354,46,0,2,4,0,24,119980,56,15,22,97.39,9.07,100,1,1
3057,4674,56,1,5,1,0,35,156192,36,23,63,94.01,8.5,100,1,1
3058,4362,37,1,2,1,0,13,91396,30,13,37,79.91,8.28,93.81,1,1
3059,3052,26,1,5,5,0,5,103638,30,13,59,81.44,8.19,75.01,2,0
3060,272,59,1,6,1,0,38,94167,34,19,51,89.57,10,100,1,1
3061,5487,52,1,1,1,2,29,178631,47,24,44,88.06,8.97,100,1,1
3062,5720,33,1,6,0,0,9,113851,38,14,6,88.03,7.78,79.27,2,0
3063,7112,27,0,1,1,0,3,140483,48,23,26,99.52,10,100,1,1
3064,5285,35,1,3,2,0,13,103591,34,8,67,91.42,8.05,82.68,2,1
3065,5373,32,0,6,0,0,6,77738,54,8,53,70.22,8.62,70.79,2,0
3066,1112,22,0,5,4,1,2,40687,33,5,13,71.8,4.95,40,3,0
3067,7637,29,0,1,3,0,7,90140,47,8,31,95.98,7.65,79.1,2,1
3068,4575,48,1,0,1,0,28,71246,56,4,29,79.47,6.59,75.33,2,1
3069,6716,27,0,1,5,2,4,83281,47,16,12,82.29,9.5,84.73,2,1
3070,7450,38,1,5,2,1,11,129468,59,20,23,71.31,8.95,86.57,1,1
3071,6292,37,0,4,3,2,12,106888,57,15,72,92.32,9.55,100,1,1
3072,7126,50,0,0,4,0,29,155675,41,20,69,72.9,10,100,1,1
3073,6852,33,0,5,0,2,11,62849,58,6,48,72.43,6.49,55.12,0,1
3074,4830,52,1,1,5,0,29,90372,57,14,11,93.16,9.52,99.09,1,1
3075,2456,31,0,1,2,0,10,74100,46,6,11,84.38,6.74,69.84,0,0
3076,5514,47,1,5,1,1,20,78577,34,2,1,75.48,5.99,61.55,0,1
3077,7244,48,0,0,1,2,21,82615,40,4,39,79.89,7.93,74.14,2,0
3078,2865,48,0,3,2,0,27,130564,49,19,56,80.48,9.99,100,1,1
3079,665,49,1,3,3,0,25,107503,35,10,8,87.29,7.92,97.3,1,1
3080,7237,44,0,3,3,2,18,108622,55,15,34,83.78,10,100,1,1
3081,991,42,0,5,5,0,19,148546,39,22,43,98.08,9.31,100,1,1
3082,5622,22,0,5,1,0,1,112927,43,7,67,79.51,5.86,71.86,2,0
3083,8734,34,0,3,4,1,10,126902,45,12,55,75.12,10,100,1,1
3084,4493,44,0,4,0,2,21,163436,45,16,6,86.79,8.91,100,1,1
3085,6681,41,0,1,1,1,20,161499,38,21,71,74.06,10,100,1,1
3086,3043,49,0,2,2,0,22,107673,42,2,64,98.53,9.82,92.24,1,1
3087,4920,28,1,5,3,0,4,40580,58,13,26,72.4,6.45,61.99,0,0
3088,6294,59,0,3,0,0,33,143546,40,21,44,91,9.32,100,1,1
3089,2442,54,1,3,0,0,27,159472,31,18,38,81.3,9.53,100,1,1
3090,1074,39,0,3,0,0,13,116619,59,22,39,90.76,8.84,100,1,1
3091,6315,47,0,2,4,1,27,108919,50,20,32,84.29,9.28,100,1,1
3092,5751,54,1,2,5,3,27,125172,44,7,58,92.67,9.44,100,1,1
3093,4122,50,1,1,0,1,23,70827,58,1,73,98.42,8.09,84.29,2,1
3094,6163,27,0,5,0,2,3,99060,39,6,15,96.49,7.14,74.66,2,1
3095,2815,55,0,2,4,0,30,138119,58,21,43,83.85,10,100,1,1
3096,8056,54,0,5,1,2,34,142068,48,5,39,90.56,8.15,100,1,1
3097,7518,33,1,4,0,0,12,153247,56,11,78,98.46,8.72,100,1,1
3098,8713,59,0,3,1,0,34,152919,54,13,59,85.59,10,100,1,1
3099,1959,50,1,6,0,2,25,166668,60,23,20,72.28,10,100,1,1
3100,8903,48,1,3,4,2,26,101638,53,6,61,77.14,9.7,98.61,1,1
3101,4207,30,1,1,1,1,8,79423,58,2,19,96.43,2.73,59.58,0,0
3102,3769,49,0,4,5,0,27,89591,56,3,38,70.25,8.26,75.99,2,0
3103,1113,30,1,5,1,1,9,177878,50,12,62,74.85,8.73,94.45,1,1
3104,7727,47,0,0,2,0,20,114290,51,16,78,94.61,9.75,100,1,1
3105,6613,25,0,4,2,0,4,175605,38,17,66,80.56,10,96.26,1,1
3106,5442,32,0,6,3,0,9,75937,52,3,31,72.31,6.15,67.96,0,1
3107,9293,32,0,5,2,0,11,40733,44,3,1,70.57,7.11,59.92,0,0
3108,1206,23,0,0,3,2,2,66373,52,3,22,94.85,5.97,58.14,0,0
3109,3861,52,0,2,4,1,31,178054,35,8,76,93.44,10,100,1,1
3110,7653,41,1,5,0,1,16,40275,31,2,29,83.21,3.83,51.96,3,0
3111,8729,29,1,5,5,2,4,97218,32,6,31,88.62,7.68,73.58,2,0
3112,2956,44,1,6,0,0,19,63486,32,3,62,77.34,8.33,75.43,2,1
3113,482,58,0,1,1,0,36,167934,38,23,8,75.88,10,100,1,1
3114,6732,30,0,0,5,0,8,151889,34,18,64,85.84,9.73,100,1,1
3115,4895,33,0,3,1,1,11,76417,44,7,38,85.23,8.51,79.83,2,0
3116,738,30,1,4,0,0,3,97247,51,18,45,94.3,9.17,100,1,1
3117,2046,43,1,3,4,0,20,150901,49,1,76,83.01,5.6,92.12,1,1
3118,2468,43,1,2,5,0,17,127432,38,14,46,91.85,8.65,100,1,1
3119,8357,25,0,1,4,1,3,46160,54,8,16,91.21,6.19,63.53,0,1
3120,9186,54,1,4,3,0,27,176002,36,10,79,76.32,9.2,100,1,1
3121,27,41,1,4,0,0,15,109411,47,9,58,89.63,10,100,1,1
3122,1469,58,1,5,1,0,32,158407,42,7,65,83.5,9.78,100,1,1
3123,7254,30,0,2,4,1,8,121856,48,10,68,92.6,10,100,1,1
3124,903,24,0,2,4,1,1,69813,53,2,51,98,7.18,61.91,0,1
3125,2290,50,0,1,3,2,29,161797,45,23,69,95.2,10,100,1,1
3126,895,32,0,2,2,0,12,64241,38,10,35,80.42,8.18,70.73,2,1
3127,2211,27,1,2,3,2,2,117737,44,15,72,85.11,9.47,100,1,1
3128,8565,44,0,4,0,0,22,127040,59,15,17,86.03,8.68,100,1,1
3129,606,51,0,3,5,0,28,89941,57,4,45,78.7,7.13,73.94,2,0
3130,9025,42,0,6,0,2,15,100861,47,9,5,80.7,8.61,78.55,2,0
3131,8461,29,1,2,1,2,8,89597,30,13,6,94.05,10,80.17,2,0
3132,3547,29,0,1,1,0,5,131303,47,23,2,77.08,9,94.86,1,1
3133,4052,47,1,6,4,0,26,145861,33,11,25,82.26,9.32,98.02,1,1
3134,9120,52,1,5,3,2,27,117486,33,4,49,87.24,9.91,83.33,2,1
3135,7411,26,1,1,5,1,4,118279,47,17,30,96.64,10,99.53,1,1
3136,4381,44,0,4,3,2,18,43820,59,4,8,71.29,5.56,66.96,0,1
3137,5551,52,1,1,2,0,27,148527,54,14,45,81.7,10,100,1,1
3138,842,47,0,4,3,3,27,119354,57,1,24,80.47,6.23,72.4,2,1
3139,569,36,1,2,2,0,14,104641,42,3,76,81.24,8.14,83.3,2,1
3140,6098,58,0,1,2,0,38,158211,42,9,49,99.66,9.01,100,1,1
3141,1675,26,0,3,2,0,3,37599,33,1,28,82.51,4.98,47.94,3,0
3142,2129,25,1,6,0,2,5,45452,30,2,9,97.49,3.35,47.44,3,0
3143,2174,59,0,0,4,0,38,139838,46,5,26,70.77,9.8,100,1,1
3144,156,32,0,1,1,0,11,80561,31,1,71,93.91,7.97,77.2,2,1
3145,196,26,0,0,3,1,1,117800,53,16,13,80.16,7.1,75.55,2,1
3146,4291,33,0,3,0,1,11,61433,59,1,62,99.56,7.55,67.28,0,0
3147,318,47,1,0,2,0,23,115485,35,4,31,88.95,6.76,73.24,2,1
3148,5738,44,0,2,5,2,23,62969,56,6,10,73.3,8.12,64.38,0,0
3149,6067,25,1,4,2,0,1,113804,31,11,40,85.88,7.84,74.52,2,1
3150,1972,42,0,0,0,1,18,113049,50,4,42,86.15,8.22,82.41,2,0
3151,6128,49,0,1,2,0,27,148526,59,14,63,95.64,10,100,1,1
3152,5396,33,0,4,0,0,13,157617,46,19,31,79.45,10,100,1,1
3153,6361,22,0,4,1,0,1,127397,36,18,40,98.03,10,100,1,1
3154,8354,32,1,0,4,0,12,128086,50,11,7,83.06,9.83,95.86,1,1
3155,8325,53,1,0,5,2,29,105641,39,4,36,84.51,10,100,1,1
3156,6924,38,1,3,1,0,11,113897,47,5,5,90.42,7.71,84.76,2,0
3157,2483,25,0,0,1,0,1,61157,59,9,45,99.65,7.34,78.31,2,1
3158,599,36,1,3,2,1,16,94071,52,20,1,91.05,10,100,1,1
3159,1242,39,0,1,5,0,12,106300,45,11,35,79.54,5.9,83.16,2,1
3160,8039,22,1,5,1,0,2,33449,58,9,1,79.44,2.91,40,3,0
3161,6687,39,0,1,4,0,14,63442,33,3,3,97.96,5.19,61.1,0,0
3162,7178,51,0,1,2,2,28,99440,32,15,73,86.02,9.99,100,1,1
3163,5613,37,1,4,0,2,14,164447,42,8,24,73.99,8.89,91.67,1,1
3164,3449,34,1,6,4,2,12,115117,50,19,52,91.25,10,100,1,1
3165,5314,24,1,0,4,0,1,83088,54,7,61,88.88,5.32,75.81,2,0
3166,8877,39,0,0,4,2,14,95459,51,24,23,85.11,9.63,100,1,1
3167,9278,39,1,1,5,2,18,140416,54,13,46,86.66,10,100,1,1
3168,1620,41,1,3,3,0,19,175321,38,17,23,90.43,10,100,1,1
3169,7750,45,1,6,1,2,24,94048,33,9,8,86.41,7.87,81.56,2,1
3170,7415,30,0,5,5,0,4,70952,51,9,41,96.74,7.74,79.32,2,0
3171,835,23,1,1,4,0,1,97918,40,22,79,78.74,10,100,1,1
3172,4036,29,0,2,2,0,3,99276,32,11,37,87.77,8.12,77.48,2,0
3173,2818,31,1,5,3,0,8,149288,43,12,54,75.37,10,95.27,1,1
3174,741,23,0,0,3,1,1,75263,37,10,72,75.12,6.32,67.51,0,0
3175,309,59,0,0,2,2,38,156251,48,3,13,90.64,8.87,93.49,1,1
3176,9100,47,0,3,1,2,26,132083,52,13,54,82.83,10,100,1,1
3177,5963,33,0,4,0,0,12,92397,39,16,63,96.93,9.05,100,1,1
3178,3568,40,0,1,1,0,14,150162,52,24,11,92.59,10,100,1,1
3179,6462,29,0,6,2,0,3,81308,34,12,57,95.93,7.41,72.03,2,1
3180,9061,58,0,0,0,2,38,132262,35,17,45,84.94,10,100,1,1
3181,3881,57,0,6,2,1,31,91707,59,4,67,84.91,10,100,1,1
3182,1356,34,1,1,5,0,9,88232,34,6,42,70,6.04,71.94,2,1
3183,4067,24,1,4,1,0,2,154870,33,12,75,80.38,8.74,85.97,1,1
3184,1133,51,1,5,0,1,31,108013,47,18,33,77.72,8.2,100,1,1
3185,7681,57,0,5,2,0,34,152960,60,24,35,82.7,10,100,1,1
3186,6544,51,0,3,2,0,31,101780,48,21,38,70.2,9.79,100,1,1
3187,1787,33,0,5,2,2,10,115699,44,13,74,99.46,9.2,100,1,1
3188,7552,40,0,5,5,0,19,67120,58,2,52,77.76,6.91,67.28,0,0
3189,7879,25,1,1,0,0,2,64445,45,19,0,75.97,8.39,76.09,2,1
3190,8,23,1,0,2,0,1,100125,31,17,54,98.06,9.59,96.04,1,1
3191,3917,52,1,6,0,2,27,93612,46,6,35,82.71,9.56,99.18,1,1
3192,5997,44,0,2,2,0,22,173400,51,7,71,91.13,10,100,1,1
3193,2356,32,1,4,1,0,11,120836,47,16,71,74.76,9.22,100,1,1
3194,8260,42,1,6,1,2,16,158438,49,12,30,77.84,8.34,90.59,1,1
3195,3940,24,1,6,0,2,1,119393,58,17,70,87.03,9.66,98.48,1,1
3196,7835,49,0,6,1,0,27,151242,59,24,44,96.67,9.46,100,1,1
3197,6486,33,1,5,0,0,10,77064,59,4,24,81.92,5.63,61.26,0,0
3198,8688,55,1,6,4,2,29,90257,48,22,55,79.35,10,100,1,1
3199,128,55,1,1,3,0,31,107031,40,20,57,79.14,10,100,1,1
3200,5289,33,1,5,3,0,12,109910,56,3,26,96.2,6.88,74.03,2,1
3201,18,22,0,3,0,2,1,64849,60,7,14,98.84,4.3,68.62,0,0
3202,8340,27,0,4,5,0,3,94585,50,21,7,97.51,9.76,100,1,1
3203,4616,22,1,5,4,0,1,163624,43,19,58,81.6,7.72,99.47,1,1
3204,1294,45,0,6,3,2,25,155509,48,23,13,82.52,9.91,100,1,1
3205,2739,31,1,4,4,0,9,174065,35,16,21,74.76,9.23,85.44,1,1
3206,6386,41,1,4,2,1,17,71736,38,5,36,71.69,6.6,74.61,2,0
3207,6412,41,1,3,4,0,20,98234,40,13,24,73.36,8.99,87.49,1,1
3208,4787,30,0,1,5,2,3,59174,41,5,24,85.19,6.34,62.55,0,0
3209,3188,29,1,4,4,0,5,149130,57,24,13,75.47,10,98.57,1,1
3210,4831,26,1,5,0,0,4,163360,32,15,52,90.02,8.73,94.66,1,1
3211,3172,37,1,0,1,3,17,118552,43,3,37,86.54,10,84.53,2,1
3212,1281,24,0,3,0,0,1,126512,31,14,44,97.79,9.19,89.92,1,1
3213,4321,59,1,0,3,2,39,90163,33,17,41,72.34,9.64,100,1,1
3214,380,37,0,1,5,0,15,90866,49,5,26,96.22,9.39,76.07,2,1
3215,6504,43,0,2,4,2,20,134558,47,16,18,92.71,9.52,100,1,1
3216,9182,52,1,1,3,2,29,134592,52,4,73,98.18,10,100,1,1
3217,7477,48,1,0,2,1,26,105586,45,4,13,87.79,8.81,92.83,1,1
3218,2416,57,1,4,4,0,33,129358,49,10,55,90.4,9.3,100,1,1
3219,2282,28,0,1,0,1,3,115416,57,14,75,99.25,8.65,96.4,1,1
3220,7550,39,1,1,0,0,17,171210,57,20,57,73.37,10,96.09,1,1
3221,6710,22,0,4,1,0,1,67130,44,1,49,89.06,5.63,62.97,0,0
3222,2928,41,0,3,3,2,18,138809,41,12,39,94.52,9.38,100,1,1
3223,4232,51,0,1,4,0,30,178562,47,10,21,72.15,9.29,100,1,1
3224,8667,29,1,0,5,2,9,149890,49,23,8,75.89,9.46,100,1,1
3225,4465,58,0,3,4,0,36,114234,32,21,56,96.47,9.3,100,1,1
3226,6979,52,1,5,2,0,31,123857,56,14,67,73.03,9.37,100,1,1
3227,5788,56,0,3,2,2,32,124125,43,21,7,76.17,8.69,100,1,1
3228,4218,40,0,3,5,0,18,155858,39,13,11,90.45,10,93.03,1,1
3229,1045,50,0,0,3,1,29,166003,54,14,37,78.46,9.87,99.29,1,1
3230,2348,54,0,4,0,0,27,98946,39,17,50,73.9,8.1,100,1,1
3231,4102,52,0,4,3,3,25,138951,36,9,36,81.92,6.76,85.34,1,1
3232,2854,26,0,2,5,0,6,48484,51,11,5,74.01,5.51,54.48,3,0
3233,6112,57,0,5,2,0,32,152629,30,22,52,80.62,9.63,100,1,1
3234,2772,46,1,0,0,0,24,63539,55,10,11,77.79,8.27,79.41,2,0
3235,7582,40,1,5,5,0,18,141754,32,16,53,94.31,8.96,100,1,1
3236,5120,38,0,3,5,3,12,105941,53,18,77,72.14,9.95,100,1,1
3237,283,30,1,5,0,0,7,63529,37,12,64,85.72,8.7,84.68,2,1
3238,1593,57,0,6,5,2,37,100390,55,4,52,94.75,8.51,100,1,1
3239,3614,45,0,6,2,2,19,78164,31,6,48,75.11,8.78,76.98,2,1
3240,3412,28,0,6,3,0,7,110571,60,17,26,76.15,10,83.36,2,0
3241,1216,43,1,1,2,0,16,149257,55,14,78,83.71,8.38,100,1,1
3242,6371,28,1,0,1,3,2,163824,36,22,9,95.54,10,95.97,1,1
3243,2764,56,0,0,1,0,34,82608,30,3,33,71.66,9.03,82.48,2,1
3244,1951,59,1,6,2,0,35,119339,33,3,45,96.26,8.88,98.28,1,1
3245,8414,44,0,6,4,1,23,105234,57,24,3,71.21,9.61,100,1,1
3246,338,23,0,6,1,2,2,90111,56,24,75,88.8,10,100,1,1
3247,6345,36,1,1,0,0,10,44857,48,5,3,81.66,6.41,66.61,0,0
3248,806,43,1,3,3,0,21,157538,42,20,7,71.81,10,86.56,1,1
3249,2556,45,0,4,2,2,24,164954,58,22,29,87.78,10,100,1,1
3250,8825,41,0,3,4,0,19,169261,50,17,17,72.25,9.51,93.61,1,1
3251,8416,41,1,0,0,0,18,111684,53,4,79,73.16,9.52,83.96,2,0
3252,7972,28,1,0,3,2,6,94697,49,20,31,85.36,9.82,100,1,1
3253,7194,57,0,1,0,2,33,176750,53,14,2,84.97,8.87,100,1,1
3254,2144,34,0,5,0,1,10,77235,60,10,25,82.78,8.72,75.81,2,1
3255,2846,39,1,6,1,0,19,178114,42,6,64,94.04,8.56,92.14,1,1
3256,1197,41,0,1,4,2,19,106881,47,2,77,83.7,10,86.18,1,1
3257,1518,26,1,2,2,2,1,45235,32,1,70,97.48,5.26,56.9,0,1
3258,2191,41,1,1,3,0,18,107827,38,20,1,81.65,10,100,1,1
3259,596,49,0,5,0,0,28,108609,51,12,29,94.53,9.63,100,1,1
3260,3706,22,1,3,1,2,2,30047,33,7,29,75.52,3.5,44.2,3,0
3261,7715,27,1,5,1,1,1,175442,51,16,60,74.43,10,98.19,1,1
3262,5246,23,0,6,0,1,1,106954,54,15,49,73.5,6.19,70.11,2,0
3263,1006,31,0,0,5,2,5,122381,50,11,64,85.34,9.25,86.55,1,1
3264,7128,41,0,1,3,1,14,127357,48,11,13,97.72,8.49,100,1,1
3265,6320,33,1,0,5,1,9,44671,47,2,19,95.71,3.84,61.82,0,0
3266,7080,33,1,0,1,0,13,93835,52,11,12,84.81,7.16,79.87,2,0
3267,233,56,0,5,2,2,32,147623,45,20,62,98.92,10,100,1,1
3268,2357,38,1,1,3,2,18,106176,39,6,78,75.35,9.07,85.18,1,1
3269,834,33,0,6,1,3,7,79064,32,8,28,87.37,6.58,64.6,0,0
3270,2803,58,0,3,5,1,36,140210,54,15,78,71.79,10,100,1,1
3271,2099,52,1,2,3,0,28,139711,41,2,37,93.3,9.48,96.45,1,1
3272,4942,38,0,1,2,0,17,110867,48,12,57,79.72,9.38,100,1,1
3273,7296,53,0,3,4,0,29,120291,37,13,3,70.2,9.42,100,1,1
3274,6181,22,0,5,3,2,2,150207,49,6,68,82.01,10,88.4,1,1
3275,7649,54,1,3,5,0,34,142480,57,20,32,94.55,10,100,1,1
3276,805,37,1,5,0,2,15,144582,59,23,1,85.09,10,100,1,1
3277,8998,46,1,5,1,2,26,168758,49,15,35,80.06,10,100,1,1
3278,5205,33,1,1,1,1,11,105115,37,11,52,87.05,6.8,88.89,1,1
3279,8402,24,0,3,1,2,1,157203,45,22,73,94.34,8.77,100,1,1
3280,7003,55,0,1,0,0,28,163993,37,10,41,78.13,10,100,1,1
3281,1214,28,0,6,3,0,3,163134,56,13,50,97.03,10,100,1,1
3282,4301,47,1,4,4,2,22,137792,53,21,18,70.9,9.05,100,1,1
3283,6431,52,1,3,3,0,27,164441,37,20,21,95.77,9.37,100,1,1
3284,4501,49,0,0,2,0,27,101805,34,11,70,94.87,9.97,100,1,1
3285,7768,36,1,5,3,0,12,164971,41,17,9,90.28,10,100,1,1
3286,6832,41,0,4,5,2,18,178898,39,19,4,82.7,10,100,1,1
3287,8880,42,0,0,1,0,15,170476,45,13,2,94.76,9.16,100,1,1
3288,548,24,1,4,2,2,1,138162,54,18,8,86.47,8.85,88.35,1,1
3289,6822,34,1,6,5,2,7,30412,45,1,49,92.28,3.91,45.27,3,0
3290,8025,46,0,3,4,0,22,94677,38,20,54,99.59,10,100,1,1
3291,1811,43,1,6,0,2,19,130636,36,17,68,96.99,10,100,1,1
3292,3930,49,1,5,4,0,28,119665,54,3,0,79.81,7.23,82.19,2,1
3293,3133,36,1,1,0,0,9,162873,37,22,15,84.06,10,100,1,1
3294,5820,45,1,5,2,3,20,142885,42,15,71,78.51,10,100,1,1
3295,2573,43,1,0,3,1,18,140175,56,7,71,75.4,9.91,89.83,1,1
3296,844,40,0,6,3,1,18,144090,52,14,22,82.94,10,100,1,1
3297,5033,26,0,5,4,0,4,49689,59,6,37,81.96,4.89,54.7,3,0
3298,1095,30,0,1,3,0,3,103893,40,12,23,90.12,9.52,87.27,1,1
3299,3119,38,1,0,1,0,12,106151,39,12,79,78.1,10,99.55,1,1
3300,2848,39,1,0,0,2,13,175143,47,16,73,99.64,8.61,100,1,1
3301,2475,34,1,6,0,0,10,68001,57,18,10,84.55,8.74,84.33,2,0
3302,5482,30,1,0,5,0,5,152393,33,22,37,95.13,10,100,1,1
3303,142,56,1,0,2,0,34,127426,59,24,62,92.64,9.36,100,1,1
3304,5580,59,0,0,3,2,33,116622,38,16,11,75.35,10,100,1,1
3305,4864,32,1,6,1,2,5,111095,59,14,61,75.91,7.3,73.42,2,0
3306,4519,50,0,5,1,0,24,91693,44,14,56,77.25,8.47,100,1,1
3307,4344,53,0,5,1,1,29,140106,57,23,60,75.34,9.47,100,1,1
3308,7645,55,0,3,3,0,31,171726,56,16,1,78.37,9.4,100,1,1
3309,7598,47,1,3,4,0,20,161124,58,6,74,83.55,7.76,93.34,1,1
3310,6177,47,0,4,4,0,25,70687,56,1,10,89.52,7.88,70.9,2,1
3311,3807,22,1,2,1,0,1,30190,55,10,32,74.82,3.98,50.7,3,0
3312,5217,39,0,1,3,0,13,108796,56,16,62,89.6,10,100,1,1
3313,8586,45,0,1,1,0,23,157653,54,22,43,78.28,9.61,100,1,1
3314,4406,42,0,3,4,0,16,89722,46,3,44,72.82,8.39,78.55,2,1
3315,1049,25,1,4,3,2,3,162934,39,22,35,93.93,10,100,1,1
3316,5407,42,1,1,0,2,17,125305,59,12,55,71.94,8.24,91.39,1,1
3317,3227,44,0,6,1,1,18,106059,38,15,72,89.37,8.58,100,1,1
3318,5669,44,0,0,1,0,24,137153,40,7,69,88.45,10,100,1,1
3319,8488,55,0,6,5,0,32,98000,60,3,6,84.17,7.36,78.42,2,1
3320,5378,43,0,0,5,2,22,64188,54,6,7,89.4,7.54,72.5,2,1
3321,8562,53,1,3,1,0,28,131753,60,19,54,89.74,10,100,1,1
3322,5701,22,1,0,3,0,1,36874,31,2,44,92.73,4.44,42.22,3,0
3323,1926,59,1,3,2,2,38,166864,59,8,0,88.52,9.47,99.6,1,1
3324,1185,36,1,5,0,0,12,80410,35,9,30,79.62,8.47,76.69,2,1
3325,4434,36,0,6,1,2,11,122749,49,19,3,98.6,10,100,1,1
3326,3335,34,1,3,5,0,14,107275,40,6,64,87.63,7.65,76.21,2,1
3327,7871,22,0,3,4,0,2,66385,38,12,59,97.38,8.94,79.97,2,0
3328,7225,54,0,5,2,2,28,114232,57,4,25,76.31,7.86,90.93,1,1
3329,2546,29,0,6,3,0,6,111828,30,24,29,86.48,10,100,1,1
3330,63,46,1,1,1,0,23,118302,41,5,33,87.65,7.14,80.06,2,0
3331,4680,39,0,0,3,0,16,128365,47,22,49,81.22,10,100,1,1
3332,3207,42,1,4,4,0,17,31613,30,2,3,74.05,4.12,53,3,0
3333,4322,30,1,1,4,2,3,68493,51,10,3,98.18,7.41,62.85,0,0
3334,4531,48,1,4,3,2,21,97109,36,19,12,83.11,10,100,1,1
3335,5227,41,0,3,2,0,16,139647,51,22,57,84.84,10,100,1,1
3336,1257,23,0,6,5,2,1,144730,41,22,1,99.9,10,100,1,1
3337,1120,38,1,4,3,0,13,174517,49,23,28,70.07,9.98,100,1,1
3338,7916,24,1,4,1,1,4,94214,39,9,68,97.5,8.62,88.68,1,1
3339,6095,59,1,0,0,0,35,139349,33,14,3,82.6,8.95,100,1,1
3340,8684,37,0,3,5,0,17,97747,33,13,38,94.78,10,100,1,1
3341,6414,22,0,1,3,0,1,57963,33,11,13,86.28,7.35,62.62,0,0
3342,682,46,0,3,5,0,26,149024,55,4,16,95.38,9.62,86.87,1,1
3343,7854,43,0,0,4,0,17,117980,34,19,28,77.14,10,100,1,1
3344,2417,37,0,4,2,2,13,92420,44,21,45,84.7,10,100,1,1
3345,1452,40,0,4,1,3,17,135231,56,15,55,73.26,9.54,100,1,1
3346,1285,48,0,6,4,2,26,86012,60,4,30,87.82,8.18,72.47,2,1
3347,8903,43,1,1,0,2,22,162111,44,22,14,84.51,10,100,1,1
3348,5376,23,0,0,5,0,3,65060,30,6,42,74.23,6.61,60.49,0,0
3349,9138,45,1,4,2,2,23,129735,35,13,38,93.37,8.78,100,1,1
3350,4274,37,1,0,3,3,15,138362,50,22,78,71.37,9.82,100,1,1
3351,8271,22,0,6,5,0,1,79195,52,16,16,75.22,6.51,70.67,2,1
3352,8258,56,0,5,2,2,34,112016,43,2,56,78.97,7.17,87.18,1,1
3353,6701,43,0,1,0,2,16,116965,55,21,6,78.34,9.35,100,1,1
3354,8132,55,0,0,3,1,30,113165,57,19,36,98.24,10,100,1,1
3355,1616,53,1,0,2,1,29,82298,30,7,66,78.84,7.5,77.28,2,1
3356,3764,57,0,2,3,1,33,96777,46,9,25,83.78,10,100,1,1
3357,9040,31,1,1,4,2,5,89062,56,6,57,74.45,7.07,70.37,2,1
3358,5190,34,1,1,3,2,9,63361,40,4,41,75.17,4.84,65.8,0,0
3359,9325,43,1,2,4,2,20,98301,46,16,74,79.25,9.77,100,1,1
3360,1340,39,1,4,4,0,14,106536,37,6,28,97.67,7.86,80.67,2,0
3361,4514,45,0,5,5,1,21,166642,37,18,21,74.63,9.92,100,1,1
3362,831,52,1,3,5,0,29,95993,43,10,49,71.97,8.37,100,1,1
3363,8202,58,1,6,5,0,37,143696,49,12,54,79.31,10,100,1,1
3364,49,50,1,5,5,0,29,97150,33,9,62,93.74,10,100,1,1
3365,5241,28,1,0,2,1,2,61577,53,10,47,77.49,6.89,65.14,0,0
3366,8103,52,1,5,3,0,25,162820,35,8,42,97.03,9.96,100,1,1
3367,378,44,0,4,4,2,22,48759,35,8,28,71.04,6.04,67.65,0,0
3368,4852,52,1,5,2,2,26,122639,59,14,0,80.03,8.11,86.34,1,1
3369,2933,36,1,2,2,1,14,84107,34,10,30,70.28,9.24,73.89,2,1
3370,6553,25,0,0,0,1,1,32525,57,2,76,73.03,6.67,54.82,3,0
3371,990,47,1,4,2,2,26,99216,57,1,25,72.8,6.68,72.8,2,1
3372,4614,29,1,1,2,3,3,106238,49,14,19,86.2,5.52,72.46,2,0
3373,218,51,1,2,1,1,24,107770,40,18,59,91.34,9.82,100,1,1
3374,4159,56,0,4,0,2,33,170236,37,12,4,98.66,10,100,1,1
3375,4337,59,0,0,0,0,35,115848,39,13,59,71.7,10,100,1,1
3376,1451,58,1,0,5,1,36,146746,53,13,15,72.59,10,100,1,1
3377,3280,36,0,6,5,0,9,40682,33,4,79,77.99,7.8,69.27,0,0
3378,7823,38,1,2,2,1,16,164046,35,14,59,80.5,10,100,1,1
3379,328,51,1,4,3,0,31,161210,50,24,70,91.91,8.09,100,1,1
3380,1709,33,0,1,3,2,8,104327,53,3,58,70.79,8.22,81.93,2,1
3381,4644,30,0,6,5,0,6,167716,59,21,60,72.76,8.42,100,1,1
3382,7500,29,1,1,4,0,9,167745,56,18,29,88.95,9.16,100,1,1
3383,4412,23,1,2,3,2,1,46432,60,2,1,86.18,5.79,40,3,0
3384,4641,36,0,6,5,0,11,137417,54,10,52,92.54,8.79,88.18,1,1
3385,3569,47,1,3,5,0,25,104265,37,12,24,76.56,9.13,95.49,1,1
3386,3600,54,0,5,4,0,32,139541,54,12,67,99.21,10,100,1,1
3387,7760,38,1,3,4,0,17,158041,60,19,0,74.01,10,98.46,1,1
3388,5758,24,0,6,4,0,1,160530,33,22,22,79.37,10,96.42,1,1
3389,641,40,1,2,2,2,19,81008,40,3,36,90.26,7.7,84.09,2,1
3390,270,23,0,4,0,2,3,109352,39,12,59,92.35,8.27,92.71,1,1
3391,6373,32,1,3,0,0,12,136278,58,9,78,70.95,8.68,90.17,1,1
3392,5598,22,0,2,0,2,1,170608,35,14,62,95.06,10,97.55,1,1
3393,2526,29,1,2,5,1,4,74359,54,6,0,97.08,6.15,59.5,0,0
3394,3758,50,1,3,1,2,28,116636,40,10,26,93.44,9.8,98.07,1,1
3395,3663,24,0,5,1,3,1,39295,31,8,4,98.37,3.61,48.68,3,0
3396,5375,39,0,3,3,1,19,151763,45,21,74,93.09,9.96,100,1,1
3397,811,35,1,0,1,0,13,106041,34,6,40,95.75,8.5,90.37,1,1
3398,1244,32,0,4,1,0,10,146758,55,6,75,91.33,9.67,93.62,1,1
3399,1801,47,1,2,1,2,26,156397,58,7,17,96.75,10,100,1,1
3400,4461,25,0,4,3,2,3,147369,40,14,73,97.72,10,100,1,1
3401,3808,27,1,6,0,0,3,60217,48,8,46,79.02,7.23,78.71,2,1
3402,3398,39,1,2,4,0,16,93482,48,7,25,93.49,8.9,79.78,2,1
3403,1812,34,0,1,2,2,7,124495,44,21,17,72.7,9.79,100,1,1
3404,6242,37,0,2,0,1,16,153866,56,22,43,80.67,10,100,1,1
3405,5291,46,0,6,2,3,22,141790,47,16,59,82.47,10,100,1,1
3406,4552,59,1,1,3,3,34,169639,32,23,51,98.4,9.55,100,1,1
3407,1995,36,1,4,0,0,12,74772,42,4,37,79.07,7.53,65.4,0,1
3408,5273,25,1,1,0,0,1,65928,46,6,15,89.61,6.03,58.36,0,1
3409,5926,49,0,3,4,0,22,119913,39,18,49,75.93,9.04,100,1,1
3410,8022,44,1,6,4,0,19,177521,39,9,70,93.03,9.04,100,1,1
3411,5891,48,0,4,1,2,24,129414,57,16,79,95.93,8.14,100,1,1
3412,4024,57,1,0,5,2,32,132075,60,3,37,95.35,6.86,85.48,1,1
3413,8744,30,1,0,5,0,6,45427,57,3,70,76.1,4.07,49.17,3,0
3414,5522,47,0,5,4,1,21,156573,55,6,66,87.04,8.14,90.42,1,1
3415,1957,27,0,2,4,0,2,45788,33,2,0,85.15,5.15,47.63,3,0
3416,7138,58,0,6,3,0,38,174181,56,13,68,96.1,10,100,1,1
3417,7216,45,1,2,4,2,21,117007,47,23,79,99.84,9.69,100,1,1
3418,8188,36,1,4,1,2,12,94501,53,13,73,93.12,10,100,1,1
3419,2079,54,1,2,3,0,34,98976,34,6,51,97.83,9.07,100,1,1
3420,5286,37,0,3,0,1,14,74271,49,9,35,95.31,8.49,78.38,2,0
3421,3288,58,1,0,2,2,34,109990,56,15,55,94.87,10,100,1,1
3422,7035,35,1,3,0,2,10,97865,32,21,50,90.06,10,100,1,1
3423,3042,55,0,0,4,0,31,171043,44,3,77,75.07,9.97,100,1,1
3424,3666,50,0,2,5,2,23,122947,46,21,27,74.61,8.8,100,1,1
3425,8827,34,0,2,5,2,7,63968,36,4,25,97.83,7.12,67.41,0,0
3426,3017,39,0,6,0,0,19,64576,32,4,34,73.88,7.45,70.3,2,0
3427,7093,27,0,6,3,0,1,64989,30,12,26,77.42,5.84,62.8,0,0
3428,47,43,0,6,4,2,19,134279,60,19,49,89.84,8.46,100,1,1
3429,1779,50,1,5,5,1,24,89877,60,3,51,93.63,7.65,80.13,2,1
3430,8453,43,1,3,1,0,19,128291,46,24,52,70.79,9.73,100,1,1
3431,3303,34,0,1,5,2,11,117679,53,15,67,89.59,8.7,100,1,1
3432,7071,53,0,1,4,2,28,108689,58,7,71,86.82,8.1,100,1,1
3433,572,43,1,0,4,0,16,65472,31,13,57,70.54,7.85,82.91,2,0
3434,2436,54,0,3,3,0,30,130496,45,8,46,83.53,9.79,100,1,1
3435,1809,35,0,2,5,0,9,67988,53,15,3,75.29,8.63,82.49,2,1
3436,6611,43,0,6,4,2,21,132369,45,17,64,76.87,10,100,1,1
3437,7127,49,0,0,4,0,26,105190,60,15,6,70.46,7.77,80.75,2,0
3438,5310,51,0,5,1,2,24,167674,37,14,1,87.3,10,100,1,1
3439,7606,55,0,1,2,0,30,130593,33,14,36,77.9,9.33,100,1,1
3440,2018,52,0,1,1,0,26,156159,57,21,14,85.79,8.44,100,1,1
3441,1832,54,0,5,4,1,32,121782,49,13,19,83.8,10,100,1,1
3442,2464,28,0,2,2,0,8,170656,59,16,8,92.16,9.32,94.88,1,1
3443,2067,43,1,6,2,2,21,105765,47,12,59,75.17,8.85,100,1,1
3444,4545,32,1,3,4,1,6,178635,59,21,7,81.62,9.34,87.41,1,1
3445,1615,24,1,1,3,1,1,48647,59,17,21,77.42,7,66.94,0,0
3446,1954,35,1,4,4,2,10,147924,57,22,30,70.91,9.21,98.57,1,1
3447,6982,28,0,4,4,2,1,167634,50,21,3,85.54,10,95.42,1,1
3448,889,26,1,6,3,2,1,39679,56,13,5,70.19,4.69,42.82,3,0
3449,3039,36,0,6,4,2,12,93577,45,22,54,87.03,10,100,1,1
3450,4499,23,1,4,1,2,1,56146,46,3,41,90.48,5.85,65.42,0,0
3451,6951,28,0,1,2,2,2,117163,53,11,39,84.43,8.08,81.03,2,1
3452,8854,58,0,3,3,0,32,119027,31,16,64,83.7,10,100,1,1
3453,6733,24,1,1,3,2,3,79735,47,5,24,93.35,6.17,69.09,0,0
3454,431,49,0,4,4,0,27,99285,41,12,68,76.84,10,100,1,1
3455,9327,59,0,4,1,0,34,72810,56,3,60,73.09,7.96,84.25,2,1
3456,3012,27,0,2,1,1,1,64282,57,2,72,95.66,7.39,68.46,0,0
3457,676,58,1,0,5,0,37,161776,51,4,45,95.27,9.46,100,1,1
3458,2307,31,0,5,4,0,8,34226,49,6,7,76.53,5.05,50.05,3,0
3459,4323,57,1,4,1,3,32,174191,33,19,46,98.6,10,100,1,1
3460,4603,46,0,1,5,2,25,62404,43,3,8,82.72,7.75,68.38,0,0
3461,2323,53,0,4,2,0,29,129709,44,8,3,92.05,8.61,96.48,1,1
3462,7619,51,0,6,5,0,31,147056,31,5,28,77.13,9.14,94.09,1,1
3463,1784,40,0,1,3,0,18,170789,30,20,4,81,10,100,1,1
3464,9108,23,1,3,1,0,1,97184,40,16,15,97.45,9.86,87.15,1,1
3465,6256,22,0,4,1,2,1,94693,46,23,0,84.79,10,100,1,1
3466,9093,39,1,6,1,0,13,67484,34,1,47,96.29,6.95,62.21,0,0
3467,5985,39,1,3,2,0,19,167137,49,19,79,96.59,9.14,100,1,1
3468,5700,58,0,1,4,0,35,173169,58,24,77,72.04,9.62,100,1,1
3469,2100,59,0,3,2,1,34,91628,50,23,32,90.32,10,100,1,1
3470,1251,36,1,3,3,2,10,96381,41,20,43,72.57,9.8,90.89,1,1
3471,2691,49,0,5,1,0,22,49145,31,3,13,82.78,6.38,63.71,0,0
3472,2378,35,0,6,3,0,8,151194,46,17,23,72.66,10,100,1,1
3473,3000,44,0,4,1,3,19,70987,52,13,12,70.04,8.52,83.98,2,1
3474,6950,32,0,3,2,0,9,92996,39,15,44,84.25,6.69,79.18,2,1
3475,8011,48,1,5,5,0,28,107507,59,18,2,97.27,9.59,100,1,1
3476,6414,42,1,4,1,0,15,37176,60,2,9,95.43,4.01,54.21,3,0
3477,1175,53,0,1,2,0,29,163519,49,19,0,94.28,8.16,100,1,1
3478,6325,39,1,6,2,2,12,111227,45,4,69,77.49,7.28,83.83,2,0
3479,4336,49,0,4,2,0,24,154660,54,11,42,89.12,9.3,100,1,1
3480,8950,31,0,3,5,0,10,111251,46,21,65,89.05,10,100,1,1
3481,8561,24,0,1,0,1,1,108045,33,17,26,99.18,8.67,78.06,2,0
3482,1747,56,0,6,4,2,30,95647,31,11,58,91.75,9.07,100,1,1
3483,8845,57,1,3,4,0,34,121649,54,9,10,76.13,8.19,86.86,1,1
3484,4179,34,0,6,4,0,10,140387,34,20,38,97,9.43,100,1,1
3485,2353,22,0,4,1,0,1,63042,30,7,61,73.16,5.53,57.78,0,1
3486,8052,36,0,3,3,2,13,128433,44,7,50,88.06,10,89.39,1,1
3487,2371,40,0,5,0,0,18,178797,56,14,33,72.35,7.5,88.34,1,1
3488,7442,39,1,3,5,0,19,163658,51,18,62,82.93,10,100,1,1
3489,127,38,1,1,4,1,17,154407,42,13,72,85.46,10,100,1,1
3490,9073,50,1,0,5,0,26,151779,33,10,38,94.62,8.59,100,1,1
3491,6282,31,0,6,0,2,7,154388,43,22,72,97.43,8.21,100,1,1
3492,3110,39,1,6,4,2,14,74174,53,5,27,77.91,4.63,55.26,0,1
3493,8679,54,1,6,5,2,33,161071,37,1,16,75.06,8.47,85.36,1,1
3494,8157,28,1,2,0,2,4,118341,49,21,4,72.37,9.32,100,1,1
3495,8016,35,0,2,0,0,15,78514,55,4,20,71.58,6.34,61.72,0,0
3496,4583,48,1,0,0,1,23,178198,42,12,28,89.24,10,100,1,1
3497,3767,38,0,6,2,0,16,101569,60,12,27,84.27,10,83.76,2,0
3498,4341,44,1,4,3,2,17,51261,58,8,20,78.21,8.48,69.46,0,1
3499,7019,40,1,0,4,0,13,125917,53,10,25,83.35,10,95.51,1,1
3500,6387,41,1,6,1,0,20,144721,45,15,38,83.17,9.49,100,1,1
3501,3553,49,1,2,4,0,23,100428,51,5,59,72.06,8.02,83.86,2,1
3502,9000,48,1,5,0,2,26,98632,53,16,57,84.82,9.74,100,1,1
3503,6565,50,0,6,4,2,23,94055,57,5,22,97.13,10,99.36,1,1
3504,4145,53,0,3,2,2,29,138108,56,23,79,78.64,10,100,1,1
3505,952,45,0,5,1,1,19,149371,41,16,31,92.8,8.98,100,1,1
3506,8555,23,0,4,0,2,1,71285,40,2,35,86.16,5.44,60.71,0,0
3507,617,32,0,5,3,1,10,43245,58,1,48,82.9,5.2,58.16,0,0
3508,3297,30,1,0,5,0,3,45094,53,2,16,97.59,3.97,52.64,3,0
3509,7734,33,0,4,5,0,9,153160,35,13,10,94.51,10,100,1,1
3510,5032,47,1,1,2,1,26,126927,38,10,67,90.46,10,100,1,1
3511,3493,53,0,3,2,2,32,153568,52,7,68,92.88,7.89,100,1,1
3512,1988,42,0,2,1,1,18,38447,39,3,5,82.19,5.91,54.21,3,0
3513,8570,51,0,5,2,1,29,66903,32,4,26,70.99,4.37,61.85,0,0
3514,5989,35,0,0,0,2,11,127820,44,23,27,95.49,9.3,100,1,1
3515,2346,47,1,5,3,0,21,161446,36,16,51,76.02,8.78,100,1,1
3516,2476,29,0,2,3,0,9,177197,52,10,49,80.43,8.61,87.95,1,1
3517,6774,55,0,2,1,0,31,179553,50,7,4,90.14,10,100,1,1
3518,3549,24,0,2,0,2,1,43180,52,1,22,85.82,4.53,48.09,3,0
3519,7573,31,1,6,4,0,7,100535,42,19,75,91.19,10,100,1,1
3520,3261,42,0,3,4,0,22,178810,31,17,13,92.76,10,100,1,1
3521,8391,22,0,1,5,2,1,87727,48,5,54,90.87,6.33,73.52,2,0
3522,7947,27,0,3,4,0,1,109854,51,6,61,78.14,6.11,72.48,2,1
3523,4215,37,0,3,0,2,12,135427,35,24,67,76.23,10,100,1,1
3524,4538,53,0,2,1,0,28,136414,43,19,10,79.89,10,100,1,1
3525,258,23,1,6,5,0,1,164240,54,22,9,94.61,7.51,92.27,1,1
3526,6694,58,0,2,5,0,34,100134,42,11,43,95.16,8.32,100,1,1
3527,6202,30,1,4,3,0,3,33021,56,10,11,94.75,4.95,47.5,3,0
3528,4423,25,0,6,1,0,1,99785,38,24,73,88.84,9.61,100,1,1
3529,7622,24,0,3,2,2,4,141107,39,17,48,82.32,10,97.31,1,1
3530,1816,50,0,1,5,0,28,125340,33,16,45,85.01,10,100,1,1
3531,6554,33,1,3,0,0,7,73408,48,7,49,87.69,7.34,72.62,2,0
3532,4404,28,0,2,3,0,3,156611,34,21,45,92.33,10,100,1,1
3533,8249,51,1,4,4,2,24,108083,56,21,76,87.86,9.82,100,1,1
3534,7938,47,0,1,3,0,24,64040,33,2,2,97.94,7.45,71.52,2,0
3535,5335,25,1,1,2,0,5,44770,30,10,2,92.37,8.13,60.96,0,0
3536,1720,27,1,0,2,0,5,95184,42,13,38,89.34,8.58,91.38,1,1
3537,730,30,0,0,2,0,10,122349,45,8,68,77.41,8.96,85.31,1,1
3538,3868,58,1,5,1,0,32,160876,34,22,78,98.86,10,100,1,1
3539,9163,38,0,2,5,2,12,144326,52,20,29,79.71,9.35,100,1,1
3540,5969,52,0,1,4,2,30,132765,42,20,73,80.4,9.51,100,1,1
3541,8943,57,1,2,0,0,30,130039,59,14,48,80.72,10,100,1,1
3542,2147,58,1,2,1,1,31,96876,38,3,66,87.56,10,100,1,1
3543,8086,30,0,4,5,0,7,108567,44,18,6,86.32,8.39,81.7,2,0
3544,8738,57,1,3,4,2,36,169414,45,14,12,91.56,10,100,1,1
3545,1362,49,0,0,2,1,24,118943,51,15,29,95.15,10,100,1,1
3546,5222,57,0,6,4,0,30,105218,55,19,55,88.15,10,100,1,1
3547,4511,55,0,3,2,0,35,130329,47,21,59,72.57,10,100,1,1
3548,278,47,1,1,4,2,26,90290,30,24,49,85.55,9.8,100,1,1
3549,325,38,1,3,5,2,17,147991,52,6,75,85.35,10,95.51,1,1
3550,1618,44,1,3,3,0,17,123875,34,12,73,77.3,10,100,1,1
3551,1474,31,1,5,1,1,10,81586,46,2,56,76.94,9.22,71.16,2,1
3552,4650,43,0,4,2,0,21,121171,46,9,62,78.14,10,100,1,1
3553,9135,35,0,1,4,2,14,71557,30,3,38,94.08,8.88,79.28,2,1
3554,5623,55,0,0,1,1,34,173271,44,16,76,73.26,10,100,1,1
3555,7940,59,1,3,2,2,34,109782,36,16,22,97.88,8.53,100,1,1
3556,375,45,0,0,0,0,20,158905,42,22,57,94.39,9.39,100,1,1
3557,2041,47,0,6,3,1,25,139515,47,18,75,77.45,9.36,100,1,1
3558,4294,55,0,4,1,0,30,154412,37,10,17,96.7,10,100,1,1
3559,7730,40,1,2,5,0,15,149816,48,5,66,76.26,9.3,87.89,1,1
3560,5625,38,1,5,4,2,16,156185,47,12,27,94.07,8.27,93.22,1,1
3561,7630,59,0,3,2,0,39,135216,49,21,56,93.62,9.91,100,1,1
3562,5977,38,1,2,0,2,12,164361,45,18,56,74.55,8.66,100,1,1
3563,2793,44,1,3,4,2,20,83377,60,7,1,93.47,8.81,74.9,2,1
3564,2356,52,1,3,5,0,27,116360,37,12,63,98.72,10,100,1,1
3565,1438,59,0,0,4,3,34,110746,31,18,38,83.03,9.91,100,1,1
3566,8265,54,1,3,2,1,34,101405,56,8,20,71.12,6.73,72.8,2,1
3567,5561,29,0,5,5,1,7,51399,36,10,20,97.15,6.15,63.95,0,0
3568,2562,25,1,5,4,1,1,135050,48,19,30,91.56,9.02,100,1,1
3569,6370,41,1,1,1,0,20,90440,45,2,73,88.65,10,100,1,1
3570,5433,57,0,5,5,2,30,98714,33,19,30,81.59,9.44,100,1,1
3571,2388,23,0,2,3,0,1,48450,32,19,28,72.25,6.97,66.02,0,0
3572,7317,44,0,2,1,0,24,173511,53,11,49,94.92,9.38,100,1,1
3573,4475,23,0,6,4,0,1,97404,47,15,7,72.14,7.53,78.29,2,1
3574,1535,22,0,6,0,1,1,158354,44,22,10,70.64,6.12,87.92,1,1
3575,4025,31,1,6,5,0,8,144741,54,15,59,89.58,8.82,100,1,1
3576,3332,49,1,0,2,2,24,138200,50,4,15,92.94,10,97.07,1,1
3577,6359,48,0,0,1,0,24,108773,31,9,55,82.08,8.95,90.55,1,1
3578,4034,47,1,1,3,0,21,105856,48,23,16,70.75,10,100,1,1
3579,6590,52,0,3,0,2,27,132760,37,8,46,86.42,7.9,91.52,1,1
3580,6310,46,1,0,1,0,26,94158,57,13,55,76.44,8.87,100,1,1
3581,5449,32,1,4,3,0,8,109330,38,20,18,81,9.13,87.03,1,1
3582,8396,45,0,5,3,0,22,108920,33,14,43,84.57,10,100,1,1
3583,7874,47,1,3,4,0,26,161898,31,16,47,98.42,8.51,100,1,1
3584,9021,53,0,0,0,2,31,103138,30,6,70,97.17,10,100,1,1
3585,8647,22,0,2,5,0,1,36917,50,8,10,77.74,4.94,47.74,3,0
3586,2400,23,0,6,2,0,2,103642,33,8,72,90.03,9.7,89.22,1,1
3587,2539,46,1,3,1,2,23,108283,40,5,19,84.27,8.46,89.85,1,1
3588,5807,25,0,3,2,1,1,124587,52,12,40,71.09,8.72,88.72,1,1
3589,1279,40,1,3,5,0,17,150157,50,2,69,82.77,9.29,85.39,1,1
3590,6032,30,1,3,4,0,9,37242,49,2,21,85.65,4.43,49.15,3,0
3591,7989,27,0,0,5,2,7,112866,60,21,37,95.37,8.76,100,1,1
3592,4566,23,0,4,2,0,1,41752,40,9,62,72.36,6.77,66.63,0,0
3593,3325,56,0,6,1,2,35,143227,56,7,11,90.86,8.84,92.64,1,1
3594,4602,44,1,4,1,0,17,62897,31,8,21,88.97,8.46,78.39,2,0
3595,3191,39,1,5,2,1,12,65078,52,13,6,91.12,9.18,83.88,2,1
3596,4175,25,0,0,1,0,1,137328,54,10,77,87.74,9.54,97.26,1,1
3597,9342,29,0,2,4,2,7,51254,33,11,29,75.29,6.61,65.36,0,1
3598,5814,55,0,0,4,0,30,177414,56,22,16,94.87,10,100,1,1
3599,192,45,0,1,5,0,19,138898,39,21,5,77.07,10,100,1,1
3600,4208,47,1,2,3,2,26,106238,39,21,3,90.24,9.13,100,1,1
3601,3801,56,0,3,0,0,33,98704,56,14,17,73.49,10,100,1,1
3602,3689,40,1,4,0,0,14,131684,49,22,78,88.45,9.07,100,1,1
3603,237,48,0,0,1,1,21,103628,48,2,56,70.79,8.82,73.57,2,1
3604,225,53,0,3,5,1,28,99697,39,3,5,99.53,7.04,84.54,2,1
3605,7930,58,0,4,0,2,36,154259,59,24,41,85.93,10,100,1,1
3606,2266,24,0,2,4,2,4,169398,41,17,12,89.98,10,100,1,1
3607,481,29,1,6,5,0,9,96157,51,17,59,82.14,9.4,100,1,1
3608,2029,47,0,0,5,0,21,127223,33,9,65,99.53,10,100,1,1
3609,5991,50,1,2,2,3,26,171725,48,22,43,99.07,10,100,1,1
3610,684,35,0,1,1,3,15,133435,42,21,34,80.52,8.98,97.22,1,1
3611,6225,44,0,6,5,0,23,97181,43,14,50,98.77,8.11,100,1,1
3612,4974,32,1,4,5,2,10,98583,52,21,69,93.31,10,100,1,1
3613,1427,34,1,5,1,0,14,43556,40,2,0,77.84,6.21,51.97,3,0
3614,3824,49,1,0,0,0,29,152974,43,5,5,91.36,9.79,90.3,1,1
3615,8759,46,1,2,5,2,25,123445,45,19,48,71.91,7.54,100,1,1
3616,691,36,1,1,5,1,13,72967,44,1,56,71.97,7.11,69.41,0,0
3617,2523,34,0,5,2,1,10,118975,30,22,61,91.44,10,100,1,1
3618,6642,48,0,5,3,2,27,127843,51,3,58,88.47,6.84,95.49,1,1
3619,1978,44,1,4,1,2,18,101429,31,10,19,98.32,8.23,84.22,2,1
3620,6531,35,0,6,4,2,15,176642,34,21,19,93.15,10,100,1,1
3621,2454,31,0,1,2,0,4,103902,60,12,19,88.13,6.83,70.5,2,1
3622,9355,38,0,4,2,3,17,125445,53,22,56,70.02,10,100,1,1
3623,3729,59,1,2,4,2,35,133457,36,13,65,90.01,9.72,100,1,1
3624,1327,46,1,6,3,0,22,100694,37,17,77,83.42,9.31,100,1,1
3625,7217,47,0,4,0,0,20,83965,56,1,37,77.8,7.44,72.56,2,1
3626,7471,27,1,0,3,1,3,57506,49,6,20,71.06,5.72,58.7,0,0
3627,1833,48,0,1,2,2,27,91758,57,20,34,84.35,8.71,100,1,1
3628,7159,36,0,6,2,0,15,53127,32,2,12,72.74,5.43,55.78,0,1
3629,1519,39,1,3,3,0,14,133307,32,8,53,87.17,8.24,92.69,1,1
3630,9280,42,0,2,4,2,19,90595,30,5,56,79.6,6.04,71.82,2,0
3631,2423,31,0,3,5,0,7,112565,30,5,31,79.51,8.29,76.51,2,1
3632,424,55,0,1,4,0,30,135836,48,13,69,72.13,9.68,100,1,1
3633,5773,44,1,4,2,2,24,142025,41,12,10,96.89,8.67,100,1,1
3634,8511,26,1,3,5,1,3,176744,37,16,14,92.66,8.77,87.61,1,1
3635,1634,52,1,3,5,0,29,129352,58,22,35,99.32,9.97,100,1,1
3636,5105,34,1,2,0,0,8,91819,60,20,1,85.4,9.25,85.56,1,1
3637,4213,46,0,2,3,3,23,159795,53,17,41,74.12,10,100,1,1
3638,4128,52,0,1,2,0,26,150263,42,12,56,78.08,10,100,1,1
3639,8506,24,1,0,2,0,4,96583,53,17,38,76.91,8.38,91.29,1,1
3640,1205,58,1,5,3,0,34,127590,31,4,9,85.42,10,97.1,1,1
3641,7330,48,1,0,5,1,22,91324,47,10,1,73.91,7.95,89.48,1,1
3642,3390,31,1,6,2,0,5,52616,31,11,34,81.9,5.73,63.39,0,0
3643,771,41,1,6,3,0,16,125950,39,3,51,95.5,9.83,86.38,1,1
3644,1360,52,0,3,5,1,28,135196,40,9,15,96.88,9.04,100,1,1
3645,9003,54,1,2,0,2,28,125497,39,13,76,72.42,9.61,100,1,1
3646,2294,41,1,6,5,0,15,113801,42,11,7,85.39,9,95.74,1,1
3647,5191,42,1,5,0,2,17,128328,54,24,8,71.21,9.17,100,1,1
3648,9295,36,1,6,1,2,12,105308,54,20,73,90.87,10,100,1,1
3649,942,35,1,2,3,2,15,175477,45,12,4,93.12,8.5,98.98,1,1
3650,4691,31,1,5,4,2,5,157802,53,16,44,73.58,10,94.76,1,1
3651,9188,33,0,3,3,0,7,137777,46,24,25,99.39,8.91,100,1,1
3652,7455,32,0,5,2,2,5,111965,47,15,22,84.25,8.87,89.43,1,1
3653,21,29,0,0,2,2,3,144571,58,17,48,97.56,9.4,97.14,1,1
3654,1391,53,0,3,0,3,27,76833,31,3,36,74.95,7.98,73.79,2,0
3655,2111,39,0,5,4,3,16,131144,37,22,6,88.92,10,100,1,1
3656,5532,44,1,3,0,2,20,115373,58,7,45,89.53,6,71.13,2,0
3657,7809,30,0,6,4,0,6,99942,33,20,12,81.04,8.63,86.87,1,1
3658,4923,44,0,5,4,2,19,135406,37,17,62,90.25,9.48,100,1,1
3659,7903,33,0,1,0,2,8,104583,31,15,72,88.06,10,99.2,1,1
3660,3755,24,0,0,1,0,1,61804,41,11,65,91.2,7.4,84.74,2,1
3661,1974,54,0,5,5,0,28,127681,45,14,23,78.74,9.1,100,1,1
3662,9019,46,0,3,4,1,20,110905,58,3,49,79.82,9.49,72.64,2,0
3663,3195,27,1,4,4,1,7,161660,39,11,43,93.49,9.81,96.17,1,1
3664,8058,40,1,5,4,0,13,149140,51,20,27,82.04,9.58,94.1,1,1
3665,2985,30,1,2,0,0,6,48685,30,4,21,73.81,5.37,56.1,0,0
3666,5183,26,1,0,2,0,1,47697,51,2,54,84.64,6.33,50.16,3,0
3667,5187,32,0,3,2,1,10,61147,47,1,65,78.08,8.29,79.13,2,1
3668,5139,51,1,3,5,0,29,117004,59,6,16,84.49,7.93,97.59,1,1
3669,317,53,1,4,5,2,28,148157,43,3,48,85.84,9.26,96.66,1,1
3670,5065,57,1,1,0,0,30,127309,31,8,6,88.5,9.26,89.1,1,1
3671,9264,36,0,4,5,2,15,170404,42,4,60,96.02,10,100,1,1
3672,7103,44,1,2,5,0,19,97388,31,14,21,82.18,10,90.22,1,1
3673,631,38,0,0,0,0,13,55711,41,5,27,77.69,6.96,64.83,0,1
3674,3311,42,0,2,3,2,18,105870,32,11,73,86.39,9.66,100,1,1
3675,8513,53,0,2,0,0,29,120671,43,5,21,98.02,10,99.89,1,1
3676,8926,53,1,3,4,0,30,119278,53,14,23,72.32,9.14,100,1,1
3677,2761,49,0,6,2,0,28,127834,50,19,67,87.03,10,100,1,1
3678,5317,51,0,4,1,1,24,179646,47,6,37,98.36,10,96.4,1,1
3679,2299,56,0,4,3,0,32,116610,50,9,10,80.24,8.78,99.51,1,1
3680,1419,56,0,0,3,0,34,149101,50,4,77,76.08,10,100,1,1
3681,7205,33,1,0,0,0,12,106025,37,8,34,81.67,8.53,77.16,2,1
3682,4233,22,1,4,3,2,1,55636,54,10,4,74.85,7.14,56.52,0,0
3683,533,26,1,5,5,1,2,43956,33,8,5,99.77,4.71,54.15,3,0
3684,5674,47,1,0,5,2,21,130668,32,10,79,92.7,10,100,1,1
3685,5067,44,1,4,0,0,18,94421,39,2,47,97.2,9.84,76.12,2,1
3686,4908,46,1,2,2,0,20,154981,39,14,60,85.23,9.16,100,1,1
3687,3431,57,1,1,3,0,31,117009,36,8,10,87.76,8.88,94.51,1,1
3688,7403,37,0,4,3,1,15,106484,52,19,28,96.37,9.04,100,1,1
3689,5579,38,0,5,5,1,12,143932,43,14,77,83.55,8.84,100,1,1
3690,6393,46,1,1,4,2,20,167863,43,12,12,86.37,9.13,98.9,1,1
3691,7675,37,0,6,2,0,12,47114,53,2,10,88.04,3.47,46.05,3,0
3692,3721,45,1,2,0,0,18,98735,44,1,53,71.46,8.5,87.22,1,1
3693,1378,48,0,6,4,1,25,92293,48,23,7,88.31,10,100,1,1
3694,227,53,1,6,5,2,32,98455,54,9,15,84.81,10,99.32,1,1
3695,1380,54,1,3,3,1,29,165640,56,20,54,71.73,9.53,100,1,1
3696,1565,53,0,5,1,0,28,67670,58,8,2,87.85,6.58,80.82,2,1
3697,8716,28,0,2,0,0,6,110735,59,17,53,92.38,8.19,89.13,1,1
3698,5113,27,0,0,3,2,3,49003,38,5,42,93.85,7.12,67.51,0,0
3699,8677,34,1,0,0,2,12,92790,50,17,64,77.07,9.8,100,1,1
3700,846,51,1,2,4,2,30,172131,41,14,74,80.58,10,100,1,1
3701,4927,31,1,1,5,2,10,121106,43,5,66,78.55,7.46,87.04,1,1
3702,2915,44,0,5,5,0,24,91302,55,12,12,79.17,10,97.57,1,1
3703,8801,52,0,6,3,0,28,146696,33,4,28,96.81,8.63,85.41,1,1
3704,1861,32,0,0,1,2,7,41012,50,1,55,86.94,6.44,59.61,0,0
3705,4447,27,0,4,1,0,1,128310,52,21,50,80.1,10,100,1,1
3706,2432,34,1,2,1,0,7,121361,36,12,39,89.15,8.12,97.26,1,1
3707,7577,50,0,5,4,1,26,153187,36,23,55,88.57,9.84,100,1,1
3708,2792,26,0,2,1,3,1,44062,53,1,21,84.66,5.23,48.53,3,0
3709,6782,51,0,4,5,0,26,101659,32,15,1,76.36,8.01,90.9,1,1
3710,870,44,0,6,3,2,17,114004,60,23,59,70.39,9.19,100,1,1
3711,3048,53,0,6,4,2,29,172463,35,13,1,96.6,10,100,1,1
3712,3545,29,1,5,5,2,2,33457,49,1,20,89.96,4.74,42.48,3,0
3713,4926,40,0,5,3,0,17,111279,39,1,25,97.87,7.62,78.53,2,1
3714,2709,25,0,5,1,0,1,41320,54,3,43,80.09,3.36,46.46,3,0
3715,7223,36,1,0,1,2,9,44025,36,1,70,83.75,4.04,55.08,0,0
3716,2249,52,0,6,1,0,27,143223,38,13,63,97.66,9.98,100,1,1
3717,3296,38,1,5,0,3,14,158983,48,23,31,77.61,10,100,1,1
3718,1424,42,0,2,0,2,16,103698,39,16,54,87.07,9.52,97.56,1,1
3719,3151,56,1,3,1,1,35,91924,58,4,57,88.31,8.07,91.95,1,1
3720,8010,30,0,2,0,2,7,132043,44,15,77,70.67,10,99.89,1,1
3721,8140,57,1,3,2,2,31,165992,38,22,16,76.35,9.97,100,1,1
3722,7959,44,0,6,5,0,19,110705,35,16,43,89.98,10,100,1,1
3723,8253,51,0,1,2,3,28,178014,41,4,54,81.1,10,96.11,1,1
3724,4875,29,1,0,4,0,8,70883,51,9,9,84.77,8.48,72.2,2,0
3725,5366,53,1,5,2,0,32,131280,33,19,76,75.84,10,100,1,1
3726,9070,25,0,3,1,3,1,44111,58,5,19,86.64,6.61,52.62,3,0
3727,5444,45,1,1,0,0,25,165919,51,13,47,73.3,10,100,1,1
3728,4957,32,1,0,4,1,12,92537,34,22,52,87.35,9.91,100,1,1
3729,5190,57,0,6,4,0,34,171221,40,3,26,90.01,9.96,100,1,1
3730,306,55,0,6,4,1,29,166394,44,19,79,90.65,10,100,1,1
3731,6028,56,1,1,2,1,36,158176,40,3,68,99.43,10,100,1,1
3732,757,23,0,5,3,2,3,70748,33,9,68,71.73,6.34,65.98,0,0
3733,2715,57,0,5,3,2,34,97403,32,8,5,83.02,8.78,92.1,1,1
3734,8035,43,1,6,3,2,19,118618,40,19,17,97.95,9.73,100,1,1
3735,5496,42,1,3,3,3,18,77726,40,5,39,70.7,7.87,70.88,2,0
3736,9315,54,0,1,5,0,29,161978,46,22,38,70.81,9.37,100,1,1
3737,632,42,1,5,4,0,15,171518,37,14,54,91.74,9.64,100,1,1
3738,8016,51,1,6,5,0,25,134084,54,9,60,97.36,7.85,100,1,1
3739,5665,54,0,3,3,0,31,134023,58,19,78,77.96,9.88,100,1,1
3740,5994,55,1,3,5,0,31,137664,31,19,36,77.26,9.22,100,1,1
3741,2188,51,0,2,0,0,29,139277,52,9,16,71.1,10,96.08,1,1
3742,1372,44,1,3,2,0,23,118293,50,21,7,84.73,8.65,100,1,1
3743,8938,38,0,3,3,1,11,160239,54,15,22,82.4,9.4,97.23,1,1
3744,185,38,1,4,5,1,18,84313,33,11,16,96.7,8.35,78.67,2,0
3745,1786,31,1,1,3,2,8,77634,53,6,26,94.28,7.35,84.71,2,1
3746,5001,36,0,1,1,0,13,127052,57,17,19,76.61,10,94.19,1,1
3747,827,22,0,4,5,0,1,117694,50,16,73,74.57,10,92.56,1,1
3748,1303,52,1,2,0,0,25,101497,60,7,41,96.75,9.52,81.71,2,1
3749,343,54,0,3,1,0,34,127903,57,18,46,97.1,9.91,100,1,1
3750,3691,48,0,0,0,1,24,57261,38,1,58,75.07,4.34,55.83,0,0
3751,1423,30,1,2,4,0,4,90622,33,15,20,82.48,6.9,81.7,2,1
3752,4506,36,1,4,0,0,15,110207,49,22,13,89.66,9.77,100,1,1
3753,1370,37,0,1,1,2,10,121983,37,18,45,83.99,8.95,91.31,1,1
3754,8929,39,0,2,3,2,13,121608,30,16,78,73.21,7.34,100,1,1
3755,270,53,0,1,0,2,27,134437,42,23,19,87.08,8.7,100,1,1
3756,7334,38,1,3,1,2,12,141807,60,23,28,88.25,9.62,100,1,1
3757,4011,42,1,2,5,0,22,135384,47,6,34,81.68,9.95,92.39,1,1
3758,9136,52,1,1,5,1,26,136784,56,24,61,93.59,10,100,1,1
3759,6746,51,1,1,0,1,28,141335,40,16,53,89.91,10,100,1,1
3760,1702,27,1,4,1,2,1,153285,54,20,63,88.34,10,100,1,1
3761,1379,40,1,4,2,1,18,65516,59,1,31,82.36,7.7,65,0,0
3762,5137,22,1,5,4,0,1,114169,35,9,73,76.65,6.54,70.83,2,1
3763,5226,34,0,3,3,1,9,85235,30,6,54,87.39,8.13,72.08,2,1
3764,6857,29,0,0,4,0,4,46170,38,3,25,89.01,6.54,60.92,0,0
3765,810,29,0,0,4,0,9,111531,42,22,66,83.44,9.98,100,1,1
3766,6827,30,1,0,5,0,8,97138,58,20,16,73.42,9.76,89.72,1,1
3767,4437,23,1,4,0,2,1,105084,51,16,42,77.75,8.16,89.18,1,1
3768,7603,38,0,2,0,0,14,134778,46,7,65,85,10,100,1,1
3769,8985,53,0,5,2,0,31,158475,43,3,70,74.08,10,100,1,1
3770,2662,44,0,6,3,0,18,127980,37,14,20,99.23,10,100,1,1
3771,1640,28,1,3,1,0,3,117517,55,19,12,72.07,7.69,90.08,1,1
3772,5380,29,1,0,3,2,9,165705,47,19,41,90.41,9.95,100,1,1
3773,4352,39,0,3,5,0,13,139146,52,20,6,92.94,8.35,100,1,1
3774,3800,42,1,5,1,0,22,84406,35,2,15,90.47,7.78,77.71,2,0
3775,1105,36,0,5,1,2,14,112009,43,13,9,83,8.5,82.36,2,0
3776,5009,50,0,6,2,1,28,146499,39,5,65,72.63,10,100,1,1
3777,8413,25,1,6,5,0,3,47927,31,7,40,73.23,3.6,40,3,0
3778,3326,30,0,5,1,1,3,120426,45,18,38,72.29,9.32,100,1,1
3779,8225,55,0,4,1,2,28,166610,41,15,38,97.58,9,100,1,1
3780,2339,22,0,5,4,3,1,147570,31,23,55,91.73,10,100,1,1
3781,1298,28,0,2,5,2,2,68226,34,21,12,74.41,9.1,77.81,2,0
3782,4823,25,1,0,5,0,1,87634,32,19,51,79.04,7.66,78.56,2,1
3783,7301,52,0,1,4,0,26,68564,48,3,11,81.16,6.39,66.97,0,0
3784,7596,47,0,3,0,1,22,134398,58,9,77,81.39,10,98.49,1,1
3785,1178,39,1,2,2,2,15,162586,55,16,48,76.42,8.56,95.13,1,1
3786,9370,30,0,2,3,1,5,34731,55,5,8,76.84,5.15,54.25,3,0
3787,3033,37,1,6,5,1,13,135015,46,12,41,94.53,10,100,1,1
3788,7639,46,0,2,0,0,22,128155,48,3,38,96.65,9.86,92.73,1,1
3789,4597,23,0,0,4,1,1,84761,49,16,24,97.41,7.64,78.95,2,1
3790,3720,53,1,1,5,0,28,138793,58,11,23,70.59,7.64,85.36,1,1
3791,8591,44,0,2,1,0,21,149466,31,9,53,79.12,8.75,87.06,1,1
3792,1795,42,0,1,1,0,17,153275,31,21,58,82.5,10,100,1,1
3793,9068,28,1,1,5,1,5,123410,35,19,17,73.8,10,86.59,1,1
3794,7587,31,0,1,3,2,9,126830,41,12,7,80,10,89.99,1,1
3795,4673,40,0,6,3,2,16,135135,41,21,34,88.74,9.69,100,1,1
3796,3452,53,0,2,2,1,27,103823,46,18,76,72.49,10,100,1,1
3797,9084,29,0,6,3,2,8,175558,39,24,50,96.9,10,100,1,1
3798,9099,39,1,2,1,2,16,106445,55,15,20,78.16,8.02,94.09,1,1
3799,4595,47,1,5,0,2,26,123348,33,24,78,81.86,10,100,1,1
3800,404,53,0,6,1,0,27,134889,33,18,16,95.31,8.99,100,1,1
3801,6734,38,1,6,2,2,14,107786,48,8,57,96.61,10,100,1,1
3802,4659,46,0,0,1,0,22,117685,47,15,23,70.19,9.89,100,1,1
3803,3619,51,0,6,2,0,27,135678,42,15,48,79.66,10,100,1,1
3804,2672,24,0,4,5,3,1,145574,37,19,44,86.77,10,87.79,1,1
3805,6833,52,1,4,1,2,31,130632,51,9,5,70.71,9.49,88.32,1,1
3806,86,29,1,0,4,0,3,78317,48,12,0,99.55,9.3,78.54,2,1
3807,1368,54,0,6,2,2,29,154597,57,24,62,97.15,10,100,1,1
3808,8472,54,1,1,0,0,31,129802,36,12,73,76.64,10,100,1,1
3809,5524,24,1,1,5,0,1,167641,42,24,2,79.14,10,99.41,1,1
3810,2068,31,0,2,2,0,7,178607,40,13,16,79.29,10,93.14,1,1
3811,7327,27,1,6,5,0,2,146662,54,20,79,92.65,9.06,99.83,1,1
3812,1770,52,1,0,2,2,31,147560,40,21,78,87.92,10,100,1,1
3813,832,51,1,3,4,2,25,133882,44,18,58,94.81,10,100,1,1
3814,4134,46,1,5,1,1,26,94847,35,20,18,99.1,10,100,1,1
3815,6052,22,0,1,0,0,2,44567,51,6,26,81.37,6.99,53.96,3,0
3816,1956,40,0,0,5,1,14,37080,39,1,43,81.42,5.09,51.74,3,0
3817,2908,31,1,0,5,2,7,64940,57,14,18,98.38,7.11,66.68,0,0
3818,8580,30,0,0,0,0,3,107910,48,16,34,92.93,8.94,95.87,1,1
3819,8277,27,1,4,3,0,3,159191,52,23,18,91.68,8.23,100,1,1
3820,8750,58,1,4,4,0,33,93305,33,16,0,94.44,10,100,1,1
3821,6233,47,1,0,0,1,27,175992,38,17,63,89.65,10,100,1,1
3822,5727,59,0,5,4,2,39,148918,33,8,53,90.54,9.52,100,1,1
3823,6022,28,0,5,5,3,6,92013,58,24,6,80.03,9.62,90.98,1,1
3824,3344,49,0,2,1,0,28,177138,49,14,22,92.7,10,100,1,1
3825,5606,22,1,2,5,0,1,132734,34,20,42,80.03,7.98,86.56,1,1
3826,6967,26,0,3,2,0,1,131892,54,23,70,71.04,9.37,99.76,1,1
3827,8861,36,0,5,3,0,14,31350,59,1,24,96.46,4.11,52.24,3,0
3828,3717,36,0,6,1,0,10,33256,56,2,0,87.11,6.29,45.28,3,0
3829,423,41,1,6,1,2,19,149094,59,19,33,82.57,9.21,100,1,1
3830,7693,59,1,4,2,2,37,119638,44,16,7,87.57,10,100,1,1
3831,7212,59,1,0,1,0,38,143901,39,23,15,92.29,8.39,100,1,1
3832,7404,51,0,0,2,0,25,163513,39,16,23,84.34,8.01,100,1,1
3833,3684,44,1,2,2,0,20,171573,52,21,3,70.87,8.1,100,1,1
3834,8005,37,1,0,3,2,12,170801,50,15,60,94.9,10,100,1,1
3835,4577,55,0,1,4,1,29,175980,38,20,38,79.83,10,100,1,1
3836,8548,53,1,3,3,0,33,104707,38,24,15,85.44,10,100,1,1
3837,924,28,1,5,4,1,1,61003,39,2,77,95.57,8.23,64.27,0,1
3838,7149,57,0,0,2,0,33,127073,48,18,74,85.72,9.28,100,1,1
3839,8863,41,1,5,0,2,21,116834,31,3,73,86.94,9.34,81.41,2,1
3840,8973,44,1,4,0,0,19,90066,46,8,72,79.13,9.86,100,1,1
3841,8165,40,0,3,0,0,19,124656,49,10,59,77.52,9.66,100,1,1
3842,700,43,1,1,4,2,23,79224,32,12,15,77.6,7.9,83.93,2,1
3843,3811,27,0,1,5,0,2,34465,30,3,51,74.48,4.59,47.54,3,0
3844,1044,40,1,5,1,1,18,96828,59,11,44,85.57,6.97,81.58,2,1
3845,4112,32,1,2,5,1,6,46374,31,4,28,79.97,6.85,52.15,3,0
3846,7819,43,1,0,4,0,19,111241,31,20,74,81.98,9.47,100,1,1
3847,2775,32,0,2,2,2,5,125775,33,20,12,97.49,8.4,88.13,1,1
3848,2895,36,0,6,5,0,13,94590,47,15,67,82.63,10,100,1,1
3849,8353,39,0,2,1,2,17,147904,45,14,40,74.54,9.93,100,1,1
3850,4904,27,0,6,5,2,4,143196,32,19,54,91.92,10,98.91,1,1
3851,7302,55,0,6,1,0,30,94592,35,16,60,93.86,9.79,100,1,1
3852,2674,39,1,3,1,0,17,105410,45,10,29,79.23,9.31,95.24,1,1
3853,5356,44,1,1,1,0,17,174028,47,22,3,75.45,8.93,100,1,1
3854,4393,40,1,2,5,0,16,103096,36,8,16,87.87,7.62,75.32,2,0
3855,5930,31,1,3,1,0,9,147512,34,13,53,83.67,9.1,93.42,1,1
3856,906,51,1,5,3,0,24,100634,37,19,63,88.83,9.29,100,1,1
3857,7160,42,1,6,1,2,22,167145,40,23,50,92.29,8.96,100,1,1
3858,5767,30,1,0,1,2,8,71435,43,7,35,71.42,5.98,64.28,0,0
3859,5589,44,0,5,3,2,22,67774,48,4,14,78.11,7.03,83.63,2,0
3860,1288,57,1,1,0,0,33,129005,33,24,26,99.6,8.95,100,1,1
3861,3019,56,0,4,1,2,32,145671,54,6,77,73.68,10,100,1,1
3862,9020,44,1,1,5,0,17,70585,37,1,68,93.54,7.26,68.21,0,0
3863,2857,57,1,0,1,2,35,157066,34,9,46,93.5,9.45,100,1,1
3864,4704,28,0,6,3,0,3,121143,38,5,69,91.1,8.16,92.41,1,1
3865,7836,32,0,1,2,2,5,164747,51,24,71,94.78,10,100,1,1
3866,2095,44,0,1,2,2,18,98434,54,2,44,84.17,7.05,79.02,2,1
3867,199,34,1,4,0,0,8,157764,56,17,50,84.02,9.08,100,1,1
3868,4585,46,1,3,4,0,22,123313,30,7,68,84.7,7.5,92.33,1,1
3869,7296,29,1,4,3,0,5,116029,59,22,32,84.64,8.79,100,1,1
3870,6118,31,0,2,3,2,5,153529,34,18,74,83.87,9.74,100,1,1
3871,2223,54,0,0,1,1,27,167075,53,11,26,83.46,10,100,1,1
3872,7251,36,1,4,0,2,16,68397,46,10,36,72.07,9.62,82.17,2,1
3873,2356,31,1,6,3,1,4,99250,37,22,4,99.16,10,100,1,1
3874,2655,41,1,5,1,0,19,163938,53,18,17,73.19,8.9,100,1,1
3875,3827,53,0,1,2,1,26,139412,41,10,61,94.48,8.28,100,1,1
3876,1150,27,0,5,4,2,1,109130,34,15,48,73,9.05,75.86,2,1
3877,2544,23,0,0,4,0,1,106749,39,24,11,72.26,8.96,96.09,1,1
3878,874,57,1,3,4,2,35,155344,38,24,11,82.98,10,100,1,1
3879,268,49,1,0,3,1,22,158815,54,12,51,81.37,9.95,100,1,1
3880,9305,59,0,3,1,0,33,92004,59,23,15,79.83,9.98,100,1,1
3881,2353,22,1,0,2,2,1,79535,52,14,39,74.7,8.15,72.8,2,1
3882,5331,56,1,4,3,1,33,127573,42,22,6,70.3,10,100,1,1
3883,1236,24,0,0,1,1,2,130851,33,22,8,87.7,10,88.15,1,1
3884,2402,52,0,5,4,2,27,118985,34,7,68,85.06,10,100,1,1
3885,6526,38,0,2,1,0,17,131725,45,24,20,78.09,9.4,100,1,1
3886,5315,49,1,1,1,2,24,167912,40,10,78,78.27,10,100,1,1
3887,2480,33,0,3,1,2,13,134435,56,11,69,88.87,9.65,92.35,1,1
3888,2746,40,1,3,4,3,20,98735,57,20,27,72.42,10,100,1,1
3889,4505,30,1,0,0,1,10,139755,52,23,41,89.97,10,100,1,1
3890,5908,33,1,1,5,0,7,139157,47,23,8,99.59,8.88,100,1,1
3891,979,30,0,5,3,2,8,98186,56,15,48,81.28,7.13,77.89,2,1
3892,1410,22,0,0,1,2,1,97581,47,10,37,98.33,6.98,76.93,2,1
3893,6418,42,0,3,0,0,17,107963,50,17,50,93.64,10,100,1,1
3894,1234,32,0,1,0,0,5,153039,35,22,4,78.9,7.69,96.91,1,1
3895,1767,52,1,1,4,2,32,155379,34,14,58,86.29,10,100,1,1
3896,5299,59,1,5,4,1,39,148880,55,6,34,97.98,9.29,100,1,1
3897,7685,49,1,5,3,2,29,68846,31,4,12,92.8,5.82,77.9,2,0
3898,5509,42,0,5,0,0,19,136422,31,8,53,98.28,9.54,85.08,1,1
3899,8220,36,0,6,0,1,9,118076,34,5,39,81.31,6.47,75.93,2,1
3900,2862,30,1,1,0,2,7,49058,55,2,39,85.56,5.25,50.68,3,0
3901,2333,42,0,2,5,0,21,134373,47,10,51,99.74,9.76,100,1,1
3902,3176,22,1,2,3,0,1,126660,42,17,73,74.18,10,99.5,1,1
3903,7824,54,1,5,5,3,34,117278,40,8,70,79.66,9.21,100,1,1
3904,710,33,1,5,2,1,13,58872,30,13,6,78.92,6.53,58.42,0,0
3905,7826,57,0,1,0,0,30,168685,52,8,17,93.75,10,100,1,1
3906,7495,59,0,6,3,0,33,99353,30,18,63,74.63,9.33,100,1,1
3907,8693,23,1,2,2,2,1,177645,53,24,63,71.82,8.9,100,1,1
3908,7612,47,1,3,3,2,25,129906,46,8,73,99.8,10,100,1,1
3909,7617,24,0,5,3,0,1,111302,39,22,20,70.78,8.66,92.6,1,1
3910,8345,22,1,6,5,1,1,113364,52,22,76,72.49,10,100,1,1
3911,369,44,0,0,5,0,21,128654,51,10,30,84.75,8.07,93.86,1,1
3912,5474,22,0,0,0,0,1,48498,53,5,17,81.4,4.85,40.35,3,0
3913,1915,56,0,5,0,0,31,145998,56,2,39,71.22,8.11,97.09,1,1
3914,715,49,1,0,0,1,25,135275,55,15,49,72.6,9.28,100,1,1
3915,2527,24,0,6,4,0,4,138046,59,7,78,74.69,10,90.04,1,1
3916,6956,27,0,2,2,0,6,148322,49,16,47,86.96,10,100,1,1
3917,6562,43,1,5,0,0,22,171806,58,15,38,73.05,10,100,1,1
3918,5649,47,0,4,1,0,27,169628,34,22,13,96.13,10,100,1,1
3919,739,48,1,5,5,0,25,154567,53,8,72,75.31,10,91.49,1,1
3920,5859,53,1,1,1,0,32,145255,33,5,57,82.99,10,100,1,1
3921,2629,56,1,1,1,0,29,161974,56,22,30,77.32,7.71,100,1,1
3922,4465,25,1,0,4,0,1,53932,42,1,62,77.89,4.6,65.97,0,0
3923,5988,23,0,3,4,2,1,77589,51,9,16,97.36,6.29,80.54,2,1
3924,2626,49,1,5,5,2,22,64008,51,6,5,84.51,5.97,76.68,2,0
3925,2157,36,0,1,0,0,15,125542,31,21,75,89.34,10,100,1,1
3926,1403,49,0,5,4,0,25,173268,38,17,44,76.61,8.98,100,1,1
3927,3334,59,0,2,3,2,39,100428,30,22,14,70.64,9.04,100,1,1
3928,2271,44,1,1,1,0,21,162598,44,20,23,89.18,10,100,1,1
3929,7591,52,1,3,0,0,28,132330,39,7,55,79.18,9.38,100,1,1
3930,5259,59,1,1,4,0,35,132693,44,13,19,74.81,9.82,100,1,1
3931,7530,37,1,3,0,2,12,179191,37,21,36,94.13,10,100,1,1
3932,6144,40,1,4,3,0,20,128060,47,14,1,81.11,10,97.72,1,1
3933,6626,45,0,2,5,2,19,98700,34,7,3,96.55,6.56,74.45,2,1
3934,210,30,0,0,5,0,10,109512,58,14,71,81.8,8.77,98.18,1,1
3935,725,30,0,5,2,0,8,101760,43,7,11,95.59,7.93,88.26,1,1
3936,9004,55,1,1,4,1,29,110428,36,18,41,95.28,10,100,1,1
3937,4399,38,1,2,0,0,15,47179,35,2,40,87.65,6.09,67.85,0,0
3938,7214,55,0,0,5,2,33,176208,60,10,4,72.23,9.31,86.82,1,1
3939,6909,23,1,1,4,2,1,61563,37,5,16,87.95,6.18,55.08,0,0
3940,6777,40,0,2,2,3,16,93576,42,13,16,98.82,10,100,1,1
3941,8090,24,1,0,0,0,1,153852,32,22,28,80.41,10,99.78,1,1
3942,5913,22,1,1,5,0,1,120620,49,20,50,92.73,10,100,1,1
3943,8276,50,1,5,2,0,26,158518,48,22,3,72.59,10,100,1,1
3944,6251,41,1,4,3,0,18,164118,35,7,57,83.5,9.65,95.48,1,1
3945,189,51,0,4,2,0,24,71047,32,3,8,72.53,5.86,56.56,0,0
3946,6471,24,0,4,4,0,2,149959,43,23,76,95.84,10,100,1,1
3947,1845,47,0,6,5,0,23,119548,53,1,34,75.97,6.16,71.31,2,1
3948,9287,49,1,0,3,0,28,127512,36,12,59,92.43,10,100,1,1
3949,1201,55,1,3,1,1,34,94667,44,3,5,78.21,9.3,89.17,1,1
3950,7607,32,0,6,5,3,9,160955,40,24,10,73.69,8.21,97.49,1,1
3951,8910,26,0,2,4,2,4,61314,54,12,28,89.88,7.37,77.57,2,1
3952,2138,25,0,1,5,3,4,43242,32,2,35,86.85,3.92,40,3,0
3953,3429,58,1,1,4,2,32,112303,45,1,35,97.98,8.72,100,1,1
3954,8658,39,0,5,0,1,15,176654,43,15,25,94.35,8.69,99.59,1,1
3955,3920,22,0,1,3,2,1,63671,35,13,10,74.83,7.22,73.7,2,1
3956,3799,38,1,4,1,0,14,146973,38,14,9,78.02,9.42,89.34,1,1
3957,6394,56,0,0,1,3,30,101487,42,22,33,84.02,10,100,1,1
3958,951,59,1,5,2,3,36,90232,57,11,23,70.81,9.06,96.44,1,1
3959,166,56,0,4,2,2,31,169152,37,13,4,86.87,10,100,1,1
3960,6215,29,0,4,5,2,5,91127,41,13,22,91.39,5.37,70.64,2,1
3961,7906,28,1,3,2,0,1,121720,37,18,63,93.59,10,100,1,1
3962,5966,58,0,6,1,0,35,120740,40,20,76,88.16,10,100,1,1
3963,9357,38,1,4,5,1,14,167177,51,14,1,88.49,9.41,90.51,1,1
3964,6985,28,0,6,4,1,1,86606,43,11,2,88.81,7.57,72.82,2,1
3965,802,41,0,0,3,2,17,72002,54,7,61,70.73,8.27,79.55,2,1
3966,6828,46,1,3,4,0,22,120666,42,15,27,91.97,9.56,100,1,1
3967,2961,25,0,0,4,2,4,65543,40,7,40,84.63,7.6,72.97,2,1
3968,6534,25,0,6,1,0,3,77261,35,15,12,73.34,5.81,71.39,2,1
3969,5085,50,1,6,4,2,26,72894,57,6,8,80.53,9.55,84.15,2,1
3970,7513,26,1,4,0,0,3,82087,47,11,38,72.62,8.42,70.63,2,0
3971,1129,50,1,6,4,1,25,92480,59,21,45,71.81,9.44,100,1,1
3972,3323,36,1,0,1,0,10,135610,40,20,12,87.34,10,100,1,1
3973,693,59,0,1,5,1,32,136358,41,24,63,88.29,8.82,100,1,1
3974,1641,25,1,3,2,0,4,32600,60,2,48,70.8,4.86,53.92,3,0
3975,8316,22,1,1,2,0,1,41003,45,1,30,79.23,5.44,48.92,3,0
3976,3003,24,0,4,5,2,1,167528,44,19,13,79.88,8.4,85.28,1,1
3977,8736,34,0,0,0,0,7,75783,37,7,21,98.07,9.12,80.08,2,1
3978,8377,58,0,1,3,0,37,130704,50,1,62,84.64,9.84,100,1,1
3979,4350,54,1,5,1,0,31,108004,56,17,44,76.76,9.97,100,1,1
3980,4470,37,1,3,0,0,14,99536,30,18,1,91.94,8.86,91.22,1,1
3981,7975,29,0,0,5,0,9,74599,31,4,55,95.02,8.11,82.56,2,1
3982,5692,37,0,3,0,1,11,121571,41,15,67,75.4,9.5,100,1,1
3983,5643,39,0,1,2,0,13,64588,54,9,15,99.65,8.2,80.44,2,0
3984,101,40,1,5,5,1,16,131930,36,14,14,93.03,8.76,86.86,1,1
3985,1254,24,1,6,1,1,1,47211,35,6,57,79.31,7.77,52.99,3,0
3986,5386,27,0,3,5,3,2,51368,38,13,7,94.66,7.64,69.52,0,1
3987,4527,54,1,2,4,2,32,106251,33,12,27,78.21,10,100,1,1
3988,3348,22,0,6,5,0,2,37809,58,9,5,98.93,5.13,54.31,3,0
3989,6648,57,0,4,3,2,37,115443,58,9,64,78.23,9.75,100,1,1
3990,1567,52,0,2,1,1,32,134774,60,5,74,97.74,10,98.28,1,1
3991,452,36,1,1,2,2,9,44043,59,1,61,91.75,8.12,65.49,0,0
3992,1030,25,1,6,5,0,1,84261,36,12,9,94.14,8.74,74.29,2,1
3993,4666,45,1,0,4,2,18,104446,30,21,43,85.29,10,100,1,1
3994,8889,40,1,0,2,2,14,99164,57,8,35,93.47,7.27,78.72,2,1
3995,1404,56,1,3,4,0,33,168901,59,18,18,79.24,10,100,1,1
3996,904,50,1,5,3,0,28,145308,34,21,44,97.39,10,100,1,1
3997,1921,47,1,6,3,0,27,174346,57,8,77,76.02,8.54,89.44,1,1
3998,2155,55,0,5,1,0,32,141931,42,17,14,88.7,10,100,1,1
3999,8000,29,1,6,5,0,3,144491,54,18,56,77.12,10,100,1,1
4000,5249,50,1,5,1,1,28,111998,33,8,57,94.04,8.71,97.73,1,1
4001,2166,49,0,3,2,2,24,158173,44,13,44,86.8,10,100,1,1
4002,1028,43,0,4,0,0,21,137369,53,21,48,98.72,10,100,1,1
4003,5931,58,1,5,5,1,31,118332,50,4,9,96.41,9.01,96.12,1,1
4004,2877,33,1,4,0,2,9,43754,30,9,2,96.91,6.25,60.61,0,0
4005,4547,25,1,1,2,1,4,94651,50,18,38,83.62,9.9,100,1,1
4006,6429,34,0,1,1,0,9,75040,43,5,19,80.01,6.25,55.96,0,0
4007,261,48,0,4,4,0,22,48173,43,1,12,70.62,6.07,56.37,0,0
4008,3285,56,0,4,4,0,29,144292,47,17,38,93.02,9.63,100,1,1
4009,4958,45,1,0,1,2,20,68115,56,6,16,84.15,6.75,66.37,0,0
4010,8763,56,0,1,1,0,29,165959,46,5,16,99.84,7.81,94.59,1,1
4011,108,40,0,5,0,0,18,95816,59,13,74,74.53,8.95,100,1,1
4012,8209,40,1,3,2,0,19,167499,51,24,3,91.96,10,100,1,1
4013,8358,46,0,1,0,0,19,76173,51,10,3,84.2,6.75,77.55,2,0
4014,8428,34,0,1,1,2,14,94931,59,1,58,86.56,8.3,74.59,2,0
4015,4572,42,1,3,4,0,15,139340,37,22,40,91.01,9.46,100,1,1
4016,3324,54,1,3,4,1,30,128878,43,7,51,74.67,10,100,1,1
4017,3231,57,0,6,4,2,32,136659,42,22,41,78.89,9.07,100,1,1
4018,6520,54,0,4,0,0,29,117981,53,11,52,90.04,10,100,1,1
4019,4695,22,0,1,5,1,1,155272,51,14,71,84.82,9.76,100,1,1
4020,5796,25,1,2,5,0,1,138332,59,20,76,90.15,8.89,96.6,1,1
4021,7259,49,1,6,4,0,24,133437,60,24,31,86.08,10,100,1,1
4022,928,23,1,3,3,0,1,157698,43,24,55,98.67,9.92,100,1,1
4023,3637,56,0,4,3,0,30,128914,50,11,31,98.22,8.66,100,1,1
4024,4204,27,0,5,4,1,1,164907,35,20,13,99.32,10,100,1,1
4025,9277,33,0,3,4,0,6,63300,31,9,2,80.57,6.55,66.61,0,0
4026,2052,22,0,0,0,0,1,87908,31,14,4,74.06,8.62,70.63,2,0
4027,7452,26,0,0,1,2,2,101376,34,21,79,94.63,10,100,1,1
4028,1730,58,1,2,2,2,37,167358,35,11,26,90.25,8.36,100,1,1
4029,892,26,1,6,4,2,1,112608,39,7,73,90.79,6.85,75.97,2,1
4030,5325,56,1,3,4,0,29,155453,49,10,46,78.34,10,100,1,1
4031,1396,34,1,2,2,1,7,93001,44,11,18,87.77,7.77,82.87,2,0
4032,9268,56,1,3,4,0,33,169868,47,19,77,78.91,10,100,1,1
4033,5845,32,0,5,2,0,11,156604,50,17,24,70.62,9.79,91.22,1,1
4034,8657,58,1,3,2,3,36,147076,40,3,60,87.4,10,100,1,1
4035,1017,38,0,6,4,0,17,134178,45,7,5,88.77,8.23,87.86,1,1
4036,782,33,0,0,3,0,13,117379,59,14,34,75.7,6.99,71.74,2,0
4037,8898,51,0,1,5,1,26,143752,36,21,34,91.16,7.82,100,1,1
4038,3608,54,0,1,5,2,28,65404,51,3,23,73.04,7.48,70.15,2,1
4039,4247,31,0,5,3,0,10,64954,47,2,24,94.79,8.66,79.3,2,1
4040,814,48,0,3,3,2,27,104352,59,1,42,89.78,6.12,72.82,2,1
4041,6485,27,1,1,5,0,1,56543,40,5,24,99.57,7.91,59.55,0,0
4042,8597,22,1,1,1,0,1,44967,41,9,27,74.22,6.59,65.11,0,0
4043,8368,28,1,4,4,0,2,141189,55,16,46,72.14,8.36,85.55,1,1
4044,8257,31,1,1,0,2,5,108617,58,8,37,91.87,8.3,72.8,2,1
4045,5307,46,1,0,2,1,25,94275,56,8,56,71.66,8.54,95.46,1,1
4046,4079,51,1,6,1,0,28,127087,35,20,69,79.01,10,100,1,1
4047,4282,35,0,3,5,0,14,104491,35,20,20,74.57,9.28,98.66,1,1
4048,2028,52,1,5,0,0,32,148325,34,13,69,74.63,10,100,1,1
4049,4700,39,0,1,3,0,16,91106,34,18,21,86.19,9.52,91.06,1,1
4050,69,58,0,5,2,2,33,131574,42,4,55,87.75,9.21,98.39,1,1
4051,9010,26,0,5,5,0,1,64401,60,10,73,76.67,5.85,66.71,0,0
4052,4669,43,1,0,4,2,21,114921,53,17,18,70.9,9.47,100,1,1
4053,6868,46,0,1,2,0,24,163913,33,4,60,90.85,10,96.89,1,1
4054,7851,56,0,4,3,1,29,55592,39,3,9,78.99,6.3,69.57,0,0
4055,1038,28,1,1,5,0,5,49761,32,1,12,96.7,6.23,40,3,0
4056,6992,30,1,1,0,0,4,46909,46,2,9,79.92,4.38,41.11,3,0
4057,6507,35,1,6,5,2,9,116539,44,20,20,79.93,9.3,100,1,1
4058,4042,55,1,3,1,2,29,130723,49,23,3,87.48,8.19,100,1,1
4059,8549,38,0,1,1,1,11,127770,41,22,25,83.79,9.64,100,1,1
4060,7256,40,0,4,2,1,14,100806,46,15,8,91.59,10,100,1,1
4061,449,37,0,6,2,0,15,130671,38,14,65,85.35,8.22,100,1,1
4062,2146,27,0,6,1,0,2,93404,43,20,70,75.71,10,100,1,1
4063,3596,31,1,6,0,1,6,158550,42,17,54,86.38,9.75,100,1,1
4064,6298,36,0,2,0,0,10,168761,31,18,31,94.57,9.67,93.83,1,1
4065,3752,23,1,2,4,0,3,107979,59,5,67,89.62,8.39,71.13,2,1
4066,3826,59,1,4,3,2,35,165014,35,5,64,70.86,8.96,93.58,1,1
4067,4620,43,1,2,4,0,22,92777,60,17,79,78.28,10,100,1,1
4068,8223,57,0,6,5,1,34,177772,55,19,79,97.85,10,100,1,1
4069,6249,42,1,6,5,3,19,151928,50,23,54,83.46,10,100,1,1
4070,9236,53,1,1,5,0,29,106348,51,5,51,78.56,9.53,90.33,1,1
4071,7300,38,1,6,5,1,11,149225,48,5,36,98.55,8.82,87.78,1,1
4072,7793,31,0,4,2,0,10,133837,41,12,6,83.1,8.8,90.36,1,1
4073,7145,31,0,0,2,2,4,53297,40,11,19,76.98,6.16,62.1,0,0
4074,5204,59,0,6,5,0,39,168134,60,10,64,85.41,9.94,100,1,1
4075,3486,26,0,3,1,2,5,105576,38,10,41,74.38,6.72,80.48,2,1
4076,5834,48,0,2,4,0,25,100050,51,23,60,75.56,9.16,100,1,1
4077,4004,51,0,1,5,1,29,153699,54,9,32,72.82,10,100,1,1
4078,7648,26,1,4,5,0,3,75516,47,4,13,82.64,6.11,62.01,0,1
4079,6051,38,0,2,2,2,15,75389,36,1,73,85.32,7.8,81.09,2,0
4080,3388,31,0,2,4,0,9,143249,41,22,75,73.57,10,100,1,1
4081,848,23,1,4,5,0,1,69735,52,9,27,76.38,8.7,57.19,0,0
4082,245,56,1,5,2,2,29,165232,34,1,60,77.13,8.19,89.64,1,1
4083,9251,25,1,6,5,1,5,173425,42,19,29,99.31,9.92,100,1,1
4084,2203,30,0,4,2,0,5,111345,41,17,75,84.15,10,99.53,1,1
4085,9276,30,0,2,3,1,3,178642,44,13,65,81.17,8.54,100,1,1
4086,4845,31,0,2,1,0,4,159748,40,16,62,95.26,10,100,1,1
4087,4968,59,0,3,3,2,37,112779,47,13,27,75.01,9.49,100,1,1
4088,1286,32,0,1,0,0,5,154731,60,23,39,95.73,9.15,100,1,1
4089,2328,35,0,1,3,0,14,48326,60,3,58,70.88,4.89,60.42,0,0
4090,93,27,1,5,0,0,7,169475,43,16,63,92.13,10,100,1,1
4091,1835,30,1,5,3,2,6,41308,53,3,29,85.54,5.02,60.15,0,1
4092,8692,41,1,6,0,2,20,92583,36,23,69,71.57,10,100,1,1
4093,3511,54,0,1,1,3,31,104432,34,14,47,92.9,10,100,1,1
4094,3376,43,1,6,0,2,21,149006,37,18,71,71.54,10,100,1,1
4095,5086,54,0,2,3,1,29,105626,32,10,10,70.2,8.37,74.97,2,1
4096,4660,49,1,5,1,2,28,114909,51,12,3,80.64,7.65,83.85,2,0
4097,7040,54,0,5,3,2,30,159751,34,21,12,71.77,9.46,100,1,1
4098,5362,51,1,5,1,2,27,141308,50,21,43,80.32,10,100,1,1
4099,5937,35,1,5,0,2,9,73051,45,1,32,93.39,6.45,71.19,2,0
4100,266,46,1,3,4,0,26,104332,52,16,74,74.08,7.63,100,1,1
4101,7754,59,1,5,4,0,32,156887,48,17,64,93.18,8.87,100,1,1
4102,549,55,0,5,4,0,34,136943,59,23,30,99.24,9.16,100,1,1
4103,6255,37,1,2,2,0,13,31890,60,1,20,82.15,5.63,54.43,3,0
4104,9171,56,1,5,4,0,31,99306,42,11,67,82.16,9.34,100,1,1
4105,8516,35,1,5,2,0,12,119446,36,16,27,82.37,8.24,85.2,1,1
4106,4214,59,1,4,1,0,32,172181,47,9,1,82.28,10,88.21,1,1
4107,9376,32,0,6,5,2,8,63698,33,7,50,90.71,7.73,66.71,0,0
4108,6595,22,1,0,0,3,1,40574,32,2,68,83.69,3.37,55.34,0,0
4109,864,53,1,5,4,0,31,144942,56,16,22,96.59,9.21,100,1,1
4110,265,24,0,6,3,0,1,112985,60,23,22,83.57,9.16,89.77,1,1
4111,3076,37,1,1,1,0,10,140678,32,7,78,73.74,10,85.46,1,1
4112,8870,26,0,1,3,0,1,34091,59,11,0,95.14,7.28,54.94,3,0
4113,2358,28,1,1,3,0,6,115872,47,16,70,74.83,10,100,1,1
4114,41,53,0,6,0,1,33,82091,49,3,4,71.7,8.42,78.19,2,0
4115,3544,28,0,0,2,1,1,46734,59,18,1,81.13,6.58,59.22,0,0
4116,5851,44,1,3,0,0,18,140694,46,10,52,75.38,10,100,1,1
4117,2061,45,1,2,4,0,23,150554,45,23,77,86.7,9.28,100,1,1
4118,6452,25,1,2,0,0,4,43423,53,2,66,88.21,5.27,64.6,0,0
4119,2981,52,0,4,0,3,28,108032,33,23,2,72.81,10,100,1,1
4120,9121,40,1,1,5,2,13,60021,36,16,25,71.16,7.76,83.07,2,1
4121,8621,42,1,6,0,0,22,82827,36,2,76,94.21,9.12,81.34,2,1
4122,4799,55,1,4,3,0,32,96926,47,23,29,78.7,9.11,100,1,1
4123,649,49,1,3,4,2,24,101454,44,2,74,94.46,9.98,100,1,1
4124,1124,23,1,6,4,0,1,138267,31,23,49,72.18,10,95.93,1,1
4125,1311,42,1,6,5,2,17,71551,40,9,7,99.84,8.27,75.61,2,1
4126,626,50,1,2,4,3,29,124727,40,6,3,81.57,10,96.02,1,1
4127,7322,23,1,1,5,0,1,93595,32,24,23,84.34,9.23,98.87,1,1
4128,1283,25,1,1,0,2,4,55823,54,2,0,91.61,6.41,57.48,0,1
4129,7075,35,1,2,4,1,13,178232,59,20,53,92.14,10,100,1,1
4130,3580,46,0,0,0,1,20,80067,50,10,49,76.4,9.54,81.22,2,0
4131,3347,56,1,1,5,0,31,109519,54,4,53,81.54,8.93,88.9,1,1
4132,1715,38,0,5,5,0,15,124839,43,8,42,99.09,9.73,92.29,1,1
4133,5328,33,0,1,3,2,7,77388,59,3,50,89.11,6.93,61.29,0,0
4134,6145,39,0,3,1,0,12,42292,47,6,10,72.05,4.33,62.8,0,0
4135,6192,39,0,6,3,3,18,153541,33,16,77,88.04,9.56,100,1,1
4136,5709,50,1,4,1,2,30,169975,57,8,67,87.26,10,100,1,1
4137,3216,39,0,4,5,1,16,108059,49,4,4,88.88,9.16,79.03,2,1
4138,8509,32,1,3,2,0,8,109434,55,5,73,80.02,6.35,70.65,2,1
4139,2538,39,1,2,0,2,13,109494,36,5,20,96.76,5.72,82.36,2,1
4140,9325,59,0,2,2,1,33,115990,54,10,70,73.48,8.94,100,1,1
4141,2879,43,1,6,1,0,22,112009,35,6,57,86.32,8.78,81.06,2,0
4142,3669,24,1,2,4,1,1,147019,34,21,50,89.34,8.4,100,1,1
4143,600,34,0,1,4,0,12,132399,35,11,26,86.31,8.52,88.78,1,1
4144,6129,46,0,4,1,0,19,96425,30,5,68,89.19,7.2,82.75,2,1
4145,1071,47,0,1,3,2,22,125829,58,12,66,72.14,8.37,85.68,1,1
4146,3200,27,1,4,4,2,1,40180,32,5,62,92.71,5.37,52.54,3,0
4147,6458,43,1,5,4,0,20,118430,45,13,1,71.77,7.35,100,1,1
4148,5200,54,1,1,5,2,29,65229,48,1,8,91.73,10,82.19,2,1
4149,9128,47,1,2,5,0,26,174343,40,11,68,98.2,9.25,100,1,1
4150,8195,57,0,3,2,0,32,127996,43,21,34,91.6,9.92,100,1,1
4151,3362,25,0,0,4,0,1,93906,50,9,18,75.43,8.94,74.39,2,1
4152,1111,32,1,1,3,2,6,67982,37,10,48,84.33,7.71,66.15,0,1
4153,7101,38,1,5,2,0,16,168648,32,8,60,89.84,6.72,95.05,1,1
4154,4871,27,1,3,0,0,1,85120,58,18,63,76.91,7.85,73.8,2,1
4155,133,31,1,6,3,0,11,119740,39,6,57,70.75,7.29,71.1,2,1
4156,7201,31,0,4,5,0,7,113585,30,22,60,72.59,8.52,93.87,1,1
4157,5884,36,0,0,3,2,13,71117,42,3,51,80.82,6.62,68.17,0,1
4158,1670,43,1,6,4,2,23,142824,46,15,76,90.67,9.63,100,1,1
4159,5889,53,0,4,2,0,26,156607,57,22,61,70,10,100,1,1
4160,7253,59,1,6,4,1,34,175611,30,10,71,73.12,9.1,98.4,1,1
4161,7883,33,0,0,3,2,13,126936,55,19,57,85.78,10,100,1,1
4162,9036,43,1,2,2,0,21,152652,42,14,76,98.81,9.13,100,1,1
4163,418,29,1,3,4,1,8,148622,59,24,19,85.46,9.49,97.49,1,1
4164,2099,34,1,4,0,0,10,161358,35,12,50,92.58,10,96.58,1,1
4165,8242,57,1,4,1,2,30,117710,31,9,63,89.23,8.22,100,1,1
4166,1559,28,0,6,3,0,5,100984,46,5,35,77.76,7.77,70.73,2,0
4167,7222,54,1,5,0,0,33,103460,44,18,35,87.19,10,100,1,1
4168,988,53,0,0,1,0,30,177619,44,17,28,94.71,9.98,100,1,1
4169,6903,46,1,3,4,2,22,110839,34,8,19,74.12,7.63,90.58,1,1
4170,5271,41,1,4,5,1,17,50127,38,5,9,83.68,5.5,65.51,0,0
4171,2305,47,0,4,3,0,22,50576,57,1,39,79.65,7.37,57.53,0,1
4172,902,24,0,4,4,2,1,98838,52,19,1,74.05,7.26,73.31,2,1
4173,8038,26,0,2,1,0,3,41165,49,3,21,72.34,5.35,40,3,0
4174,4840,28,1,1,2,0,8,139088,57,10,37,94.13,10,90.73,1,1
4175,7666,42,1,4,4,0,18,104405,58,4,28,81.36,9.68,77.15,2,1
4176,5846,28,0,4,0,0,6,177826,37,10,42,89.38,9.5,93.33,1,1
4177,6467,25,1,2,4,0,3,48015,55,3,51,95.68,4.4,56.88,0,0
4178,6683,55,0,6,1,0,29,94927,58,9,10,78.46,6.45,76.98,2,0
4179,6776,28,0,2,1,2,1,155709,49,13,44,86.46,9.15,87.46,1,1
4180,3735,57,1,0,1,2,32,151758,56,14,39,79.57,9.04,98.22,1,1
4181,645,46,0,0,5,2,21,89295,42,4,52,78.75,7.37,79.54,2,0
4182,8150,27,1,3,2,0,3,54148,35,6,36,83.69,6.35,64.71,0,1
4183,1714,38,0,4,5,0,12,165281,39,19,39,71.81,9.24,99.8,1,1
4184,4339,23,1,6,0,2,1,136274,38,22,13,74.74,10,98.88,1,1
4185,8308,23,0,5,0,1,1,100299,51,19,40,86.83,6.8,74.24,2,0
4186,8454,25,1,5,4,0,1,83376,43,14,9,79.3,9.08,83.01,2,0
4187,4626,45,0,6,2,2,23,119886,51,22,58,73.71,10,100,1,1
4188,6117,50,0,6,2,2,30,91360,46,22,22,80.23,10,100,1,1
4189,9176,51,0,0,0,0,24,140246,40,24,8,99.34,10,100,1,1
4190,8027,39,1,6,5,0,19,100310,44,1,10,86.26,8.09,74.51,2,1
4191,3106,46,0,5,0,1,20,153974,54,11,63,83.01,9.78,90.45,1,1
4192,3146,58,1,6,5,0,37,173771,46,7,69,70.36,10,100,1,1
4193,2855,32,1,0,4,0,10,129744,32,13,71,74.4,8.64,93.72,1,1
4194,8436,51,0,5,3,0,31,113098,32,8,1,85.13,9.6,100,1,1
4195,1301,24,0,3,0,0,4,44892,59,2,22,76.28,5.43,40,3,0
4196,74,33,0,3,2,0,11,139838,37,18,3,77.52,8.96,99.18,1,1
4197,6522,52,1,5,1,2,30,117504,39,11,77,82.24,10,100,1,1
4198,9015,55,0,3,3,0,30,161735,58,11,71,72.6,9.57,100,1,1
4199,9196,30,0,3,2,0,9,127958,32,24,26,87.1,9.55,100,1,1
4200,5805,48,0,5,3,0,23,106729,42,9,3,92.16,7.49,89.33,1,1
4201,488,32,1,5,0,0,11,82479,55,12,18,96.49,5.78,76.77,2,0
4202,5367,39,0,2,2,0,17,49488,57,6,6,95.01,6.25,67.29,0,0
4203,5765,33,1,4,4,2,12,102373,42,11,15,83.82,7.9,82.91,2,1
4204,7365,45,1,3,0,0,23,133887,57,18,44,96.57,9.58,100,1,1
4205,2003,30,0,2,5,0,10,137031,45,23,65,99.94,9.12,100,1,1
4206,5260,56,1,2,4,0,35,148999,41,11,46,82.83,9.95,100,1,1
4207,5461,48,1,6,2,0,26,151978,58,22,37,72.2,10,100,1,1
4208,6508,38,1,3,0,2,17,148491,37,8,74,80.19,10,99.91,1,1
4209,3686,59,0,0,0,0,36,128179,58,2,64,89.3,10,100,1,1
4210,3578,46,0,2,2,2,20,167733,55,12,75,83.36,8.18,100,1,1
4211,6560,27,0,3,0,2,5,110227,42,20,67,70.29,9.33,100,1,1
4212,82,30,0,0,3,2,6,131179,38,16,31,88.35,8.96,88.77,1,1
4213,169,24,1,2,1,0,3,172373,47,13,33,87.31,8.5,88.68,1,1
4214,6697,38,0,0,5,1,11,119821,48,8,56,95.52,8.12,85.38,1,1
4215,8182,33,0,4,2,2,9,37106,45,1,42,74.67,5.3,53.18,3,0
4216,1816,47,0,4,5,0,21,133971,31,22,59,90.29,10,100,1,1
4217,6136,55,1,2,3,0,31,166297,30,9,74,81.85,10,100,1,1
4218,5235,32,0,0,0,0,7,174565,58,13,32,99.41,10,93.55,1,1
4219,7393,58,0,4,2,2,33,127560,52,12,49,83.42,9.53,100,1,1
4220,6265,23,1,5,3,0,1,133838,30,16,6,95.99,8.43,92.89,1,1
4221,4027,37,0,2,1,2,14,155234,50,19,59,93.77,9.6,100,1,1
4222,4304,47,1,3,3,0,25,115499,34,11,28,73.39,9.47,89.84,1,1
4223,335,30,0,2,4,0,8,74874,51,7,61,86.7,7.68,79.06,2,0
4224,3759,35,0,3,2,1,9,72005,48,3,75,98.17,9.35,81.13,2,1
4225,1633,46,0,3,0,0,20,127844,55,14,61,90.32,9.8,100,1,1
4226,7401,35,1,4,0,2,11,126866,45,22,40,79.46,10,100,1,1
4227,1127,29,0,3,2,1,9,166056,47,21,33,91.6,9.93,100,1,1
4228,6620,37,1,0,4,2,11,145871,42,14,75,92.36,9.57,95.33,1,1
4229,6353,24,0,1,3,0,1,45331,32,5,5,95.14,5.87,54.03,3,0
4230,7964,50,0,2,5,0,28,96380,35,11,59,93.89,10,100,1,1
4231,8568,37,0,6,1,2,14,99869,56,5,22,93.61,8.01,77.73,2,1
4232,5713,33,1,0,4,0,6,86005,33,15,0,75.67,8.82,76.6,2,1
4233,388,47,0,6,1,2,25,159228,52,23,60,71.77,9.37,100,1,1
4234,9127,47,0,2,2,2,22,116675,33,9,55,96.47,9.04,100,1,1
4235,3796,51,1,3,5,0,27,157120,44,21,6,83.85,9.43,100,1,1
4236,3668,46,0,6,2,0,21,93428,44,8,78,83.36,10,100,1,1
4237,4792,26,1,6,4,0,5,103889,56,19,18,70.95,10,90.68,1,1
4238,4979,28,1,0,1,0,6,97814,39,17,58,76.89,8.56,85.86,1,1
4239,6344,26,1,0,5,2,1,32836,39,1,19,76.91,5.02,40,3,0
4240,5941,58,1,6,3,2,35,87457,57,4,45,72.04,9.26,79.42,2,1
4241,8290,43,0,4,1,0,21,71546,49,5,5,86.12,7.89,78.81,2,1
4242,535,55,0,3,0,0,35,99433,53,20,2,86.85,7.99,100,1,1
4243,405,37,0,2,3,0,17,162283,33,23,61,78.96,8.87,100,1,1
4244,2112,33,1,1,5,0,9,74187,50,5,31,86.27,4.74,58.27,0,1
4245,3569,35,1,5,0,0,8,174711,53,16,73,87.82,9.89,100,1,1
4246,485,42,0,6,3,2,21,130021,56,6,30,93.19,7.27,90.67,1,1
4247,8757,34,0,4,2,3,12,71108,46,3,37,99.75,5.95,73.05,2,1
4248,6318,28,1,4,0,1,5,66883,53,5,39,99.53,6.01,61.25,0,0
4249,2383,43,0,1,3,0,20,106388,33,16,37,75.28,8.44,100,1,1
4250,6347,45,0,4,0,0,21,55475,51,4,5,86,3.98,68.69,0,0
4251,8941,25,1,1,5,2,4,63728,35,7,44,85.01,5.97,74.02,2,1
4252,7825,22,0,3,0,1,1,39550,39,1,16,76.39,3.82,40,3,0
4253,2158,59,1,3,4,0,33,96964,31,21,2,72.5,10,100,1,1
4254,4285,33,0,1,3,3,10,158969,49,21,72,97,8.83,100,1,1
4255,5434,43,1,4,5,0,17,158766,45,11,71,71.58,10,100,1,1
4256,8525,36,0,0,4,0,15,77656,39,1,23,97.26,5.79,67.44,0,1
4257,704,46,0,5,2,2,20,97888,41,24,76,71.03,9.54,100,1,1
4258,2994,53,1,2,2,2,33,163120,57,12,8,96.31,10,100,1,1
4259,1506,24,0,4,5,0,3,113083,34,11,62,70.88,7.21,81.43,2,1
4260,8999,31,0,3,1,0,8,143768,48,20,51,84.43,7.93,100,1,1
4261,7321,30,0,5,0,3,6,70718,33,3,12,93.57,6.77,59.71,0,0
4262,934,55,1,0,4,2,35,106679,46,1,10,72.15,7.57,86.88,1,1
4263,4375,46,0,1,5,0,22,103833,47,8,74,77.31,10,100,1,1
4264,2708,27,1,2,0,1,3,91212,55,24,71,86.43,10,100,1,1
4265,8842,57,1,4,5,2,33,177512,35,5,78,79.85,10,100,1,1
4266,4121,49,1,6,2,2,29,164421,44,19,31,93.66,10,100,1,1
4267,1952,29,1,1,2,2,5,49686,55,4,65,78.1,8.6,64.07,0,1
4268,8316,49,1,4,4,2,24,129059,43,9,13,95.98,9.47,100,1,1
4269,1542,36,1,2,1,2,14,109209,47,9,17,74.49,9.49,72.32,2,1
4270,178,59,1,4,4,2,35,170286,43,6,19,83.97,10,100,1,1
4271,8029,46,0,4,4,0,20,93801,41,23,10,95.31,10,100,1,1
4272,5210,45,0,4,1,0,24,146312,58,24,54,93.45,9.51,100,1,1
4273,267,46,1,4,4,1,26,112444,60,23,51,80.44,9.59,100,1,1
4274,9191,49,1,2,0,0,28,105819,45,9,50,79.12,9.69,100,1,1
4275,1611,45,1,6,1,2,18,134588,41,15,29,97.68,10,100,1,1
4276,5760,43,0,0,4,0,17,101230,54,11,63,95.13,10,100,1,1
4277,4710,36,1,0,4,2,11,124912,49,18,20,87.49,8.92,100,1,1
4278,3029,57,0,5,1,0,37,105745,39,9,19,71.88,10,100,1,1
4279,3679,51,1,4,2,0,26,115640,48,8,40,77.76,10,100,1,1
4280,282,56,0,4,0,0,29,117275,52,2,19,75.22,8.58,73.15,2,1
4281,509,23,0,0,3,0,2,67440,30,7,64,82.42,5.35,55.61,0,0
4282,8731,28,1,2,1,0,2,58081,55,16,0,70.66,5.97,55.39,0,0
4283,129,40,0,4,5,0,18,167234,40,17,77,86.6,10,100,1,1
4284,6400,22,1,5,1,0,1,47205,53,8,65,73.49,5,64.01,0,0
4285,6838,28,1,1,1,0,1,48515,31,12,3,94.52,6.93,61.32,0,0
4286,490,48,1,5,5,0,25,105667,44,4,48,73.21,7.4,83.22,2,0
4287,6246,29,1,5,1,0,8,95956,57,14,55,92.45,7.62,94.32,1,1
4288,3862,55,0,4,1,0,35,142663,47,6,25,80.05,10,100,1,1
4289,4016,56,0,0,1,2,30,130541,56,8,71,82.53,9.51,91.86,1,1
4290,2399,54,0,3,3,0,30,150717,34,5,52,78.98,10,94.63,1,1
4291,9034,29,1,5,1,3,5,72189,58,9,42,98.47,6.94,81.25,2,1
4292,4669,59,0,4,2,0,35,163565,40,8,31,71.74,9.45,100,1,1
4293,4065,58,0,3,5,3,38,135741,37,9,63,87.25,10,100,1,1
4294,7957,27,0,6,2,2,1,55230,45,13,5,84.35,6.21,65.2,0,0
4295,9227,40,0,3,0,0,14,134837,38,12,74,78.3,9.33,100,1,1
4296,3454,54,0,6,4,0,28,96042,50,23,69,91.77,9.58,100,1,1
4297,3392,32,0,1,0,0,5,75892,57,2,58,84.29,5.88,57.25,0,0
4298,4590,37,1,5,2,0,17,119285,48,11,29,79.92,8.38,91.46,1,1
4299,5334,50,0,5,2,3,28,97795,49,1,13,85.43,8.11,74.2,2,1
4300,8494,57,1,0,1,0,35,150914,41,13,54,87.24,10,100,1,1
4301,3638,55,0,6,3,0,35,122765,58,11,61,72.8,10,100,1,1
4302,203,45,0,2,1,0,23,119257,37,4,42,92.16,7.47,88.24,1,1
4303,8243,44,0,4,5,0,20,173996,48,12,72,78.14,10,100,1,1
4304,1995,28,1,4,4,2,1,89142,53,9,52,77.48,6,72.91,2,1
4305,1543,43,0,6,3,2,21,159640,43,7,10,86,9.52,100,1,1
4306,764,42,0,6,5,1,18,76338,30,5,25,99.09,6.59,76.37,2,0
4307,7685,42,0,3,4,0,22,178796,58,13,60,70.5,10,99.85,1,1
4308,2539,34,1,6,3,0,8,97098,40,20,14,84.71,8.82,96.66,1,1
4309,7719,54,0,1,5,0,28,156383,55,1,74,87.59,10,92.38,1,1
4310,7791,39,0,3,0,0,14,152785,45,9,29,80.08,8.16,90.87,1,1
4311,8816,32,0,6,3,0,11,141754,42,16,32,79.22,9.18,95.69,1,1
4312,5467,39,0,1,1,2,12,149668,31,9,76,78.12,9.04,88.82,1,1
4313,7018,54,1,3,0,0,31,146732,42,6,24,89.39,8.99,100,1,1
4314,3699,54,1,0,3,0,27,178074,50,14,24,89.14,10,100,1,1
4315,2166,31,0,3,4,1,9,102288,34,16,66,96.98,9.43,100,1,1
4316,2270,48,1,6,0,0,22,176982,49,7,45,84.96,10,98.86,1,1
4317,4373,30,1,4,1,0,9,141973,40,10,48,81.3,9.54,100,1,1
4318,3372,59,1,5,1,3,35,114758,31,17,39,74.61,9.93,100,1,1
4319,186,31,1,5,1,2,11,145310,44,13,31,83.46,9.58,100,1,1
4320,8369,42,1,6,0,2,19,179560,46,5,12,93.48,9.24,85.54,1,1
4321,6132,49,1,4,1,2,28,111902,52,2,64,71.16,8.61,82.62,2,0
4322,8245,47,0,2,1,1,23,167357,57,12,36,95.53,9.64,100,1,1
4323,6708,26,0,5,2,2,1,69378,57,17,5,99.48,8.54,70.97,2,0
4324,3358,26,1,4,5,2,5,153823,47,16,65,89.62,9.57,100,1,1
4325,3485,47,0,0,4,0,25,160691,44,9,15,97.26,10,98.03,1,1
4326,6003,55,0,1,5,0,34,97359,36,15,50,80.49,10,100,1,1
4327,7258,55,1,2,1,0,29,172754,42,12,70,88.75,9.76,100,1,1
4328,6874,56,1,6,3,0,29,72081,44,7,11,73.17,9.72,84.75,2,1
4329,1970,48,0,0,3,0,27,129970,46,9,73,81.84,9.63,100,1,1
4330,3973,30,0,0,2,0,4,80439,43,8,3,76.09,8.1,78.15,2,0
4331,4596,53,1,0,0,2,32,158112,36,10,34,76.05,10,100,1,1
4332,6923,28,0,5,0,0,3,109118,33,11,8,82.1,8.24,79.21,2,1
4333,1080,40,1,3,1,0,13,118965,58,19,24,73.48,7.85,83.84,2,0
4334,4559,24,1,3,5,1,1,79946,53,8,5,97.33,7.49,67.58,0,0
4335,199,34,0,3,3,0,9,114137,55,18,75,77.75,9.61,99.62,1,1
4336,2031,56,0,2,2,0,31,129309,38,23,31,80.31,10,100,1,1
4337,8541,35,0,6,2,0,12,107291,35,16,13,77.68,8.18,88.92,1,1
4338,2419,32,0,2,0,2,6,48863,31,6,43,73.47,6.98,61.49,0,1
4339,7039,47,1,3,4,3,24,146225,46,18,31,80.62,9.89,100,1,1
4340,1923,25,0,3,3,0,1,115654,31,24,73,77.86,9.69,100,1,1
4341,15,43,1,5,2,0,18,141186,42,20,72,78.42,8.49,100,1,1
4342,1673,23,0,4,5,0,1,103963,49,15,0,81.06,6.81,76.86,2,1
4343,2624,46,1,0,4,0,23,115805,56,23,10,76.08,10,100,1,1
4344,7147,45,0,4,5,1,18,127098,59,22,1,74.3,10,93.12,1,1
4345,9048,47,1,5,5,2,22,150191,59,16,13,76.11,7.87,91.44,1,1
4346,2950,35,0,3,3,1,9,118656,44,11,40,70.07,8.36,84.14,2,0
4347,3060,41,0,5,4,0,21,76668,30,2,21,87.73,6.3,62.46,0,0
4348,8787,34,1,4,5,0,11,107013,47,12,40,82.34,8.35,100,1,1
4349,1394,55,0,1,2,2,33,154933,35,4,54,78.1,10,94.67,1,1
4350,7969,29,0,3,3,0,2,131966,43,20,24,81.3,9.01,88.77,1,1
4351,8902,52,0,3,4,0,27,125705,38,4,39,74.1,6.84,87.08,1,1
4352,3657,58,1,6,0,0,31,160086,44,4,78,90.87,10,100,1,1
4353,7482,25,1,6,0,1,1,73587,59,3,59,85.01,6.69,60.03,0,0
4354,8028,59,1,5,4,0,32,90006,32,19,29,84.88,8.05,100,1,1
4355,2415,35,0,6,5,0,8,112499,40,7,42,89.02,5.58,70.7,2,0
4356,9210,43,0,3,1,0,21,104543,35,1,67,84.43,6.68,80.59,2,0
4357,1346,55,1,4,4,2,34,94668,30,7,41,84.5,10,100,1,1
4358,6805,35,1,6,0,2,11,45029,40,6,56,78.48,7.07,68.65,0,0
4359,6415,24,0,4,5,2,1,148380,37,22,31,79.08,7.93,95.54,1,1
4360,1591,44,0,0,1,3,21,112905,55,10,37,96.4,10,100,1,1
4361,1409,47,0,2,5,2,25,115993,31,14,2,78.51,7.94,88.18,1,1
4362,2083,59,0,0,2,2,35,165200,49,4,67,88.73,10,100,1,1
4363,8179,47,0,2,2,0,22,158152,48,16,79,79.91,8.33,100,1,1
4364,9269,45,0,0,0,2,21,162451,53,12,75,86.94,10,100,1,1
4365,7298,33,1,5,1,2,13,118611,57,8,19,82.08,7.05,81.86,2,1
4366,8367,23,0,3,4,2,1,41833,47,7,20,77.96,4.9,58.95,0,0
4367,8493,59,1,4,3,0,37,107893,41,14,29,79.87,10,100,1,1
4368,4576,39,0,3,5,2,12,167178,48,10,57,83.44,9.03,85.72,1,1
4369,7391,48,0,6,5,0,24,149917,38,12,46,93.23,10,100,1,1
4370,7320,44,1,0,3,1,23,91222,49,21,39,93.74,10,100,1,1
4371,1319,54,1,1,3,0,32,128673,49,19,70,98.72,10,100,1,1
4372,6652,29,0,3,3,1,3,119181,40,8,8,80.51,5.77,70.94,2,1
4373,6866,52,0,0,4,1,29,151622,41,9,17,73.17,9.51,100,1,1
4374,8186,47,0,3,2,2,25,60420,33,12,33,82.73,9.75,82.37,2,1
4375,2726,54,1,6,0,2,31,79952,33,4,16,96.81,7.6,71.83,2,1
4376,6928,58,1,3,2,0,36,136352,57,19,10,73.51,10,100,1,1
4377,3670,42,0,3,4,2,19,105110,54,6,42,79.21,6.61,81.22,2,1
4378,4534,50,0,0,2,1,30,111232,37,5,42,73.47,8.9,100,1,1
4379,7584,44,0,6,0,0,22,176582,45,8,72,81.42,10,100,1,1
4380,3021,53,0,5,2,0,30,172011,39,21,74,84.71,10,100,1,1
4381,3414,31,1,2,2,1,10,68714,34,8,64,75.35,6.93,65.38,0,0
4382,7164,35,1,3,3,0,13,50578,54,6,36,82.63,8.02,68.16,0,0
4383,300,47,1,2,1,1,27,156951,56,19,64,94.69,8.64,100,1,1
4384,3109,51,0,1,5,1,25,120513,56,22,40,73.84,10,100,1,1
4385,3322,38,0,6,2,2,14,118886,35,12,21,92.08,9.36,100,1,1
4386,8203,26,1,5,3,0,2,93106,51,24,20,97.23,9.79,100,1,1
4387,8663,59,1,3,3,0,32,87898,33,1,21,77.92,8.12,75.02,2,1
4388,1770,58,0,0,4,1,31,139059,31,2,66,73.92,10,93.16,1,1
4389,2929,56,0,2,1,0,36,116009,49,8,22,95.27,8.47,100,1,1
4390,6885,48,0,3,4,0,24,121619,30,14,62,95.69,10,100,1,1
4391,8706,28,1,6,0,0,4,113807,35,24,24,95.81,10,98.2,1,1
4392,4311,41,0,4,0,0,20,113668,31,16,1,98.46,9.05,100,1,1
4393,6431,49,0,5,4,1,25,137949,35,4,57,93.11,9.57,93.89,1,1
4394,7672,55,0,0,1,2,31,126183,41,21,75,93.58,10,100,1,1
4395,5094,51,0,1,3,0,25,66410,39,3,74,74.5,8.01,82.59,2,0
4396,8120,28,0,3,1,2,5,167979,48,14,35,79.95,8.93,88.82,1,1
4397,3069,46,1,3,4,2,19,80057,56,1,68,89.35,8.04,83.15,2,1
4398,748,24,1,4,5,2,1,117934,51,12,64,78.99,7.93,72.39,2,1
4399,6671,38,0,5,4,0,12,121725,48,24,53,91.6,10,100,1,1
4400,5639,44,1,3,1,2,20,162283,50,21,40,82.68,10,100,1,1
4401,450,39,1,3,5,0,17,151239,32,18,51,87.13,9.5,100,1,1
4402,3836,47,1,6,0,2,21,46204,51,1,22,70.66,5.12,50.12,3,0
4403,5654,34,0,5,0,0,12,95294,43,24,38,97.93,10,100,1,1
4404,3312,22,0,0,4,1,1,85258,59,17,35,76.61,7.67,77.23,2,1
4405,2096,28,0,3,5,0,8,38568,32,3,32,94.7,4.61,44.99,3,0
4406,3972,39,0,4,2,0,17,159133,38,17,59,87.64,10,100,1,1
4407,5817,50,1,1,3,1,28,104446,41,21,78,74.89,9.63,100,1,1
4408,366,30,0,1,5,0,3,64384,53,6,20,90.16,5.72,60.56,0,0
4409,7682,35,1,2,2,2,15,133740,38,24,47,95.27,9.62,100,1,1
4410,368,25,0,5,5,2,4,100410,46,12,67,75.31,10,94.35,1,1
4411,6936,41,0,2,5,0,21,107462,46,21,19,73.84,10,100,1,1
4412,4770,33,1,1,5,0,12,102598,30,23,0,90.16,10,100,1,1
4413,6492,49,0,4,0,2,24,134604,40,17,1,85.68,9.28,100,1,1
4414,6916,43,0,1,4,0,22,132982,45,21,8,91.5,10,100,1,1
4415,1699,32,0,4,0,0,12,145221,49,17,39,89.47,10,100,1,1
4416,6287,36,1,4,5,2,9,111804,57,20,40,72.27,7.55,89.59,1,1
4417,505,47,1,0,5,1,22,91699,37,4,70,84.75,7.85,96.29,1,1
4418,3736,52,0,1,1,0,30,97898,46,5,30,78.78,9.05,100,1,1
4419,3368,49,0,5,5,0,27,147642,31,23,17,79.1,9.21,100,1,1
4420,547,38,0,0,3,0,12,100467,32,8,55,93.04,7.64,83.95,2,0
4421,6960,59,1,4,0,1,33,167371,33,16,48,88.63,7.9,100,1,1
4422,3382,58,1,4,3,2,38,146627,32,22,52,76.32,8.66,100,1,1
4423,6279,55,1,0,2,1,28,103791,55,6,12,78.69,9.63,81.12,2,1
4424,5388,33,0,1,0,2,10,117062,46,23,63,70.94,10,100,1,1
4425,615,35,0,1,5,0,15,123316,46,16,73,73.9,10,100,1,1
4426,5745,26,1,2,5,0,1,36466,60,3,33,98.8,4.25,46.28,3,0
4427,6182,50,0,6,5,2,28,170002,48,5,57,94.71,10,100,1,1
4428,2324,35,0,2,2,0,11,118786,35,16,58,99.71,8.39,100,1,1
4429,3632,28,1,1,1,0,2,163448,48,21,15,92.27,9.03,100,1,1
4430,4371,22,1,3,0,0,2,106632,45,6,47,96.48,7.38,82.95,2,1
4431,6035,24,1,4,3,2,1,164063,45,7,34,91.04,8.03,86.1,1,1
4432,4745,25,0,5,3,2,3,150600,41,21,14,76.15,9.89,100,1,1
4433,92,37,1,2,1,2,11,149404,52,23,79,83.21,10,100,1,1
4434,9130,25,0,3,3,0,1,37966,39,5,35,81.01,6.2,46.36,3,0
4435,4806,57,1,5,5,2,37,157203,41,23,11,75.76,9.17,100,1,1
4436,2359,46,0,5,4,2,22,82924,57,1,33,93.7,8.85,79.34,2,1
4437,5756,45,0,4,2,0,20,158463,56,22,70,70.29,8.92,100,1,1
4438,7368,45,1,1,4,2,18,107260,51,2,20,73.03,8.15,84.83,2,1
4439,6368,25,1,5,0,0,5,48691,36,10,43,80.99,8.37,68.75,0,1
4440,8125,24,0,3,2,2,1,61524,48,10,28,85.44,8.9,80.22,2,1
4441,963,37,0,4,3,0,16,113240,42,3,67,70.27,7.26,80.66,2,1
4442,612,51,0,0,5,2,30,124670,49,4,18,83.85,8.8,86.1,1,1
4443,6482,40,1,5,1,3,15,89749,39,5,40,94.05,8.03,79.64,2,0
4444,9240,37,1,5,5,0,13,71428,46,3,37,72.19,7.35,61.62,0,1
4445,6166,41,1,1,2,0,16,118552,32,12,54,95.56,10,100,1,1
4446,3275,28,0,0,4,0,8,165880,45,13,49,90.84,10,100,1,1
4447,8170,35,0,4,1,0,11,49565,37,1,8,81.45,5.1,64.29,0,1
4448,5705,40,0,4,4,0,16,103818,39,11,42,94.57,10,100,1,1
4449,982,47,1,5,4,0,22,162285,51,22,24,75.55,10,100,1,1
4450,7446,39,1,3,0,3,16,161502,49,18,7,85.32,9.64,100,1,1
4451,3065,47,0,6,5,0,22,105358,48,11,2,81.89,9.34,95.45,1,1
4452,7729,41,0,0,5,0,19,44518,35,5,7,93.28,4.51,52.96,3,0
4453,7463,56,1,2,4,2,36,114255,43,22,43,70.07,9.76,100,1,1
4454,7867,52,0,6,4,2,28,172653,52,18,35,81.72,8.31,100,1,1
4455,6846,26,0,4,0,0,2,101633,51,10,29,96.42,6.08,85.42,1,1
4456,9165,57,0,1,4,2,32,130806,60,2,61,97.1,10,91.09,1,1
4457,3611,37,0,4,0,3,12,61427,59,9,8,77.26,8.55,69.72,0,0
4458,3751,43,1,5,3,0,17,68190,58,3,0,96.78,4.95,58.4,0,0
4459,2595,36,1,2,5,0,10,164139,54,20,70,95.81,8.85,100,1,1
4460,6692,55,1,2,2,0,28,154666,33,7,53,95.9,10,100,1,1
4461,8324,55,0,1,2,2,31,108578,31,2,21,81.9,10,87.94,1,1
4462,5806,40,1,4,5,2,20,73277,40,1,64,79.9,6.62,68.38,0,0
4463,7813,53,0,6,4,1,30,96565,55,7,56,84.31,9.14,100,1,1
4464,7358,50,0,4,3,0,30,132362,57,8,41,74.06,10,100,1,1
4465,6203,57,0,1,5,1,37,149693,50,22,57,85.9,10,100,1,1
4466,6829,41,1,6,5,0,14,93905,59,15,33,78.73,8.59,79.7,2,0
4467,7762,35,1,6,1,0,9,128540,48,21,18,95.25,8.22,100,1,1
4468,5445,57,0,5,0,2,37,111100,54,18,10,81.89,10,100,1,1
4469,2441,59,1,3,4,0,33,153537,58,14,7,97.71,10,100,1,1
4470,7668,44,0,6,1,2,21,126184,58,24,64,90.82,10,100,1,1
4471,5233,51,0,3,5,0,31,170854,50,10,0,83.6,9.45,100,1,1
4472,87,24,1,1,1,0,2,72308,31,18,64,72.3,8.5,71.43,2,0
4473,6080,41,0,5,5,1,16,60178,59,4,24,99.17,8.72,83.29,2,1
4474,5916,29,1,3,2,1,4,43527,51,3,2,72.11,3.84,40,3,0
4475,3419,26,1,0,0,2,2,35816,53,8,27,70.96,6.08,53.88,3,0
4476,2091,42,0,0,3,0,18,116552,55,10,56,92.59,9.96,96.14,1,1
4477,760,22,0,0,5,0,1,119437,59,19,35,89.41,7.41,92.08,1,1
4478,4740,48,0,1,2,2,22,90208,45,22,40,72.86,9.73,100,1,1
4479,6360,47,1,6,1,0,26,164768,51,17,17,99.01,10,100,1,1
4480,907,37,1,1,1,0,15,72504,31,11,13,77.89,8.49,75.62,2,1
4481,3994,51,0,1,4,1,25,165243,40,21,15,98.64,10,100,1,1
4482,7111,30,0,5,5,0,9,146532,40,14,48,75.18,8.74,92.4,1,1
4483,5174,46,0,2,3,0,21,124582,40,14,76,83.06,10,100,1,1
4484,6470,34,1,5,5,1,11,61906,43,9,29,74.79,8.83,83.22,2,1
4485,2189,41,0,4,1,1,14,108011,32,23,14,79.72,9.55,95.49,1,1
4486,2218,24,1,2,3,2,2,98618,34,19,53,91.95,8.32,100,1,1
4487,2749,57,0,1,2,0,36,130596,40,18,59,70.24,10,100,1,1
4488,2898,37,0,5,4,0,14,141826,52,21,12,71.03,10,100,1,1
4489,5865,38,1,4,2,1,18,168159,56,8,31,78.95,10,88.12,1,1
4490,9007,55,1,2,1,0,30,138741,35,12,52,89.47,9.48,100,1,1
4491,4271,55,1,0,3,0,31,102170,43,23,31,70.31,10,100,1,1
4492,4034,51,1,6,1,0,27,91386,55,15,35,99.64,9.6,100,1,1
4493,8117,51,1,6,5,0,31,151046,49,22,49,81.7,10,100,1,1
4494,2244,48,1,4,1,1,26,92189,48,1,33,91.09,10,84.87,2,0
4495,8232,25,1,5,2,0,2,63578,53,9,24,73.18,5.98,58.37,0,0
4496,4082,27,1,4,5,0,5,111171,47,20,15,80.15,10,100,1,1
4497,3194,26,1,6,5,2,2,72672,38,7,36,98.61,6.82,64.17,0,0
4498,6795,58,0,3,5,0,33,172417,56,3,15,90.44,8.71,88.72,1,1
4499,6675,28,1,4,1,2,8,133096,41,18,32,81.92,9.95,97.93,1,1
4500,6964,38,0,1,1,2,18,135598,46,14,50,77.29,10,100,1,1
4501,4820,58,1,5,5,2,38,151326,35,8,33,91.54,10,99.21,1,1
4502,6976,41,0,0,2,0,17,74691,35,9,58,78.82,10,79.72,2,1
4503,491,32,0,3,0,2,7,42312,36,6,19,81,6.44,65.95,0,0
4504,8718,24,0,0,5,0,1,78899,38,6,5,94.63,6.13,70.95,2,0
4505,7229,36,0,6,1,0,10,92140,49,2,35,95.93,8.4,72.81,2,0
4506,3536,35,1,6,2,3,15,80350,60,12,2,94.46,7.81,73.72,2,1
4507,6981,37,0,4,4,2,15,154101,56,15,18,92.18,8.65,100,1,1
4508,7255,47,1,5,3,2,20,67023,57,12,47,72.37,7.7,82.07,2,1
4509,2613,24,0,2,4,1,1,47048,42,3,74,81.18,7.22,67.74,0,0
4510,2869,31,1,4,0,2,9,104583,47,22,16,84.75,9.14,100,1,1
4511,1490,28,0,3,5,0,5,166137,59,19,63,91.93,7.97,87.01,1,1
4512,1011,35,0,1,0,2,11,104190,56,13,53,79.87,9.03,100,1,1
4513,1914,44,1,3,4,0,18,149478,42,1,18,97.07,8.24,90.13,1,1
4514,1337,46,1,1,5,2,20,31559,52,2,3,73.4,2.9,52.82,3,0
4515,2426,50,0,6,1,0,30,133074,31,23,17,70.46,10,100,1,1
4516,8440,31,0,2,5,2,11,53748,45,6,27,98.01,6.13,69.51,0,0
4517,1104,54,1,2,0,3,32,148583,41,9,12,88.37,8.28,95.43,1,1
4518,259,24,0,5,4,0,1,53552,59,4,52,85,5.52,58.44,0,1
4519,4211,45,0,5,5,0,20,130912,55,13,50,96.68,10,100,1,1
4520,1749,31,0,5,4,2,11,91806,34,24,69,99.99,10,100,1,1
4521,2545,48,0,2,3,2,25,151573,48,13,9,98.86,10,100,1,1
4522,8144,22,1,6,1,2,1,76762,46,13,9,83.43,9.25,74.05,2,0
4523,3252,48,0,4,3,3,22,104918,31,1,74,71.27,5.9,73.82,2,1
4524,7301,25,0,5,1,1,4,97874,41,7,53,82.86,7.95,71.14,2,1
4525,1612,44,1,4,1,0,21,76315,34,7,76,75.26,7.62,84.41,2,1
4526,2460,29,0,6,3,0,4,90750,36,15,69,73.54,9.45,92.95,1,1
4527,3141,32,0,5,2,0,7,157910,57,20,14,83.86,8.76,100,1,1
4528,4728,32,0,4,1,0,7,77067,34,13,6,86.26,7.9,70.19,2,1
4529,8858,22,0,0,2,1,1,89181,30,20,51,76.09,5.28,76.75,2,0
4530,3567,31,0,1,1,2,5,156570,37,20,54,86.23,8.58,100,1,1
4531,4148,45,1,6,4,1,23,101467,46,9,24,72.9,10,100,1,1
4532,6512,48,0,4,2,0,26,142908,38,15,56,74.06,7.86,100,1,1
4533,1528,22,0,2,1,2,1,84453,57,13,45,71.01,8.6,78.78,2,1
4534,8142,27,0,0,2,0,3,84646,55,13,40,91.56,7.45,77.8,2,1
4535,6178,52,0,0,3,2,29,139432,57,14,25,72.04,10,100,1,1
4536,2645,47,0,5,2,0,27,121131,60,24,26,98.18,10,100,1,1
4537,5910,38,1,1,1,1,14,40011,58,7,8,71.79,4.78,42.77,3,0
4538,3538,48,1,0,0,0,23,69616,35,8,3,75.78,6.07,66.89,0,1
4539,1878,29,0,0,1,0,4,117722,32,16,9,89.47,9.28,86.01,1,1
4540,6855,44,1,3,0,2,19,98127,42,1,36,97.32,9.38,85.14,1,1
4541,859,38,0,0,5,0,12,143497,60,21,52,75.23,9.77,100,1,1
4542,8299,27,0,0,5,0,1,107152,56,11,75,73.14,7.74,79.05,2,1
4543,5457,22,0,4,3,0,1,37280,51,4,14,91.41,5.1,45.6,3,0
4544,2186,46,1,5,5,2,24,146248,52,16,11,88.23,10,100,1,1
4545,4491,40,0,0,0,0,15,83989,47,5,25,80.73,6.36,77.43,2,0
4546,3995,23,0,6,3,2,1,40982,41,4,36,92.13,3.74,53.57,3,0
4547,2844,48,1,4,0,2,24,112108,47,22,71,91.18,10,100,1,1
4548,6046,26,0,6,2,0,1,123698,52,17,63,98.58,9.55,100,1,1
4549,9072,58,1,2,3,2,36,126820,41,3,79,81.81,10,100,1,1
4550,1365,56,0,4,0,0,36,101220,43,20,39,97.73,9.21,100,1,1
4551,3632,38,1,4,4,2,15,169028,31,22,43,75.6,10,100,1,1
4552,2802,46,0,6,5,0,25,81484,39,4,17,93.62,6.54,78.84,2,1
4553,6880,33,1,5,1,2,8,162282,52,23,76,95.81,9.44,100,1,1
4554,8355,28,1,0,2,0,2,30860,31,11,4,72.25,4.19,40,3,0
4555,908,48,1,1,0,2,21,106100,38,2,53,99.2,8.95,81.7,2,1
4556,1163,57,0,1,0,0,31,106093,39,10,37,95.04,9.95,100,1,1
4557,4546,48,0,2,2,2,25,91038,55,22,33,79.38,10,100,1,1
4558,8333,37,1,2,5,1,12,100113,54,11,10,77.1,6.55,76.24,2,1
4559,2747,53,0,3,5,2,27,172482,44,20,55,77.02,9.34,100,1,1
4560,6599,23,1,1,2,0,1,169765,57,22,40,84.73,8.75,88.93,1,1
4561,8219,25,0,1,0,0,2,112944,46,17,44,77.81,8.6,96.99,1,1
4562,2019,31,1,5,2,1,6,46606,54,2,3,90.59,3.3,40.78,3,0
4563,85,35,0,3,3,0,15,128983,49,19,13,92.28,10,100,1,1
4564,6293,55,1,4,0,0,33,115065,39,18,19,85.62,8.14,100,1,1
4565,154,32,1,5,1,3,12,143228,38,24,17,71.49,9.86,100,1,1
4566,4598,51,0,1,2,2,28,146709,49,17,28,92.03,9.23,100,1,1
4567,6439,30,0,2,0,2,9,164910,43,16,60,72.45,10,99.98,1,1
4568,349,42,0,1,3,0,20,147711,38,21,65,88.3,10,100,1,1
4569,4520,29,1,5,2,2,2,48773,33,8,15,83.26,6.22,48.2,3,0
4570,6587,33,1,1,3,1,7,70951,42,2,11,95.3,6.26,64.33,0,1
4571,3966,27,0,5,3,0,2,77349,43,9,58,72.2,5.36,67.02,0,0
4572,7600,37,0,4,0,0,16,64960,50,9,1,74.08,6.77,70.94,2,0
4573,3859,25,0,4,4,1,1,91590,44,18,75,75.4,6.53,91.39,1,1
4574,4987,57,1,2,0,2,36,148951,41,12,26,73.39,8.2,100,1,1
4575,3244,29,1,1,4,0,6,95125,33,11,58,91.33,9.76,85.35,1,1
4576,5269,46,0,2,0,0,25,130594,53,12,61,71.73,8.32,100,1,1
4577,8110,49,1,0,2,0,28,157830,60,22,61,74.02,8.77,100,1,1
4578,8382,30,0,1,5,0,10,92916,33,24,79,74.3,10,100,1,1
4579,3515,24,0,0,2,2,1,138560,54,20,44,81.88,7.57,88.7,1,1
4580,5346,22,1,6,5,2,1,152735,40,18,54,74.88,10,100,1,1
4581,9341,44,0,0,4,0,19,51793,50,3,15,74.87,6.83,69.9,0,1
4582,249,37,1,1,2,2,10,74241,50,3,79,94.37,7.58,81.8,2,0
4583,1018,44,1,2,0,1,23,99233,45,9,2,81.62,7.88,83.6,2,1
4584,7047,38,1,1,5,0,11,144338,54,24,69,86.37,10,100,1,1
4585,1807,40,1,6,2,2,16,77657,42,20,27,83.5,9.02,84.36,2,1
4586,2312,51,1,1,2,3,30,127339,41,23,4,88.53,10,100,1,1
4587,8913,26,0,5,5,0,3,104446,35,13,23,99.69,8.95,70.85,2,1
4588,1108,25,0,1,2,0,3,127045,49,18,79,89.37,10,100,1,1
4589,2037,49,0,3,3,2,22,160039,32,24,34,87.19,10,100,1,1
4590,2447,50,0,4,1,0,27,106778,35,20,35,97.79,10,100,1,1
4591,7031,36,0,6,0,1,16,45991,42,2,18,71.69,7.64,64.3,0,0
4592,1317,28,0,4,4,0,8,116065,35,23,3,97.14,9.98,100,1,1
4593,5768,32,0,3,3,2,9,155794,52,23,42,91.12,9.81,100,1,1
4594,736,57,1,6,0,0,37,132347,30,22,76,86.59,8.12,100,1,1
4595,8628,25,0,4,0,0,1,50498,47,4,40,71.4,5.86,57.34,0,1
4596,2959,34,1,4,0,1,7,81807,43,9,39,87.87,7.6,76.55,2,1
4597,4529,56,0,0,4,2,29,170211,47,21,27,98.13,10,100,1,1
4598,3795,27,1,2,2,0,6,176102,58,17,48,99.57,10,100,1,1
4599,6770,39,1,3,3,3,18,121449,36,9,34,74.12,9.37,89.32,1,1
4600,6061,30,0,5,3,2,10,118592,41,22,52,80.37,10,100,1,1
4601,7771,26,1,3,4,0,6,99572,49,22,17,89.9,10,100,1,1
4602,3860,36,0,6,4,2,13,170988,51,11,66,87,10,95.95,1,1
4603,2932,38,0,5,4,0,11,159108,45,19,38,71.96,9.34,100,1,1
4604,4954,39,0,4,4,1,12,104245,57,23,62,84.12,9.83,100,1,1
4605,9132,49,1,0,5,1,28,82973,35,6,45,76.97,6.88,76.53,2,1
4606,5359,46,0,3,5,2,19,135570,33,12,24,81.97,10,97.35,1,1
4607,2026,54,0,0,5,0,34,137308,47,3,38,82.11,8.76,88.66,1,1
4608,6103,49,1,6,0,2,28,92526,57,2,65,72.71,6.77,71.94,2,0
4609,3298,29,0,5,0,0,2,141911,47,21,15,82.99,9.24,100,1,1
4610,816,41,0,4,0,2,15,106278,48,4,38,81.59,10,80.05,2,1
4611,9107,45,1,1,1,0,21,108768,47,13,6,79.6,9.76,100,1,1
4612,2302,51,0,2,4,0,26,156454,51,15,77,71.95,9.81,100,1,1
4613,1472,26,0,2,5,3,1,51593,53,5,70,90.14,7.51,58.63,0,1
4614,3266,32,0,4,3,2,6,77844,37,11,23,74.47,7.01,70.85,2,0
4615,3253,33,1,6,5,2,9,101065,49,21,50,77.84,10,98.94,1,1
4616,2785,36,1,4,2,0,10,112041,60,10,41,77.85,8.9,73.64,2,1
4617,8234,44,1,3,5,2,24,126940,40,20,46,87.69,8.67,100,1,1
4618,8236,33,1,1,2,0,6,102877,53,23,3,87.08,8.91,100,1,1
4619,3094,52,1,5,4,0,30,142012,48,3,32,92.99,10,100,1,1
4620,4440,34,0,4,1,1,11,92752,44,2,51,79.27,8.66,74.4,2,1
4621,6375,22,0,0,1,1,1,133519,53,14,74,94.61,10,99.6,1,1
4622,1903,39,0,1,4,0,15,117542,47,4,16,80.92,7.7,73.92,2,0
4623,3965,48,1,0,5,0,21,100683,53,16,79,94.26,9.58,100,1,1
4624,6872,23,1,1,5,0,1,65416,33,15,6,86.91,8.38,80.43,2,0
4625,8689,54,1,6,1,0,33,152394,59,11,24,84.2,10,100,1,1
4626,2235,49,1,0,4,0,25,118442,33,15,53,88.67,9.64,100,1,1
4627,90,38,0,3,1,2,16,175306,52,18,74,85.63,10,100,1,1
4628,5954,30,0,2,1,0,10,67815,32,13,25,82.77,10,84.23,2,0
4629,4726,31,1,6,2,1,4,58440,36,10,34,83.39,7.33,68.47,0,0
4630,3689,43,1,0,0,0,18,132453,56,22,66,83.92,9.13,100,1,1
4631,8948,46,0,3,4,0,26,154919,50,11,49,87.16,8.36,94.21,1,1
4632,4657,56,0,3,3,2,33,131665,59,21,10,77.21,8.24,100,1,1
4633,793,32,0,2,4,3,8,41695,34,4,5,75.27,6.64,55.88,0,0
4634,6352,59,1,4,1,2,38,138210,33,19,8,74.27,8.81,100,1,1
4635,530,23,1,5,3,1,1,113088,33,20,19,73.59,8.93,79.32,2,1
4636,5311,55,0,0,2,1,29,140067,45,10,16,88.69,9.99,100,1,1
4637,8165,33,0,0,1,0,9,152190,45,10,53,95.55,9.54,100,1,1
4638,7404,35,0,2,3,0,12,64637,39,13,6,84.28,8.44,79.3,2,1
4639,3532,42,1,6,0,0,22,142965,41,12,18,98.46,10,95.75,1,1
4640,4640,27,1,5,5,2,5,47493,38,18,9,71.54,6.4,64.07,0,0
4641,1674,55,0,0,5,2,33,168720,51,14,9,91.36,9.39,100,1,1
4642,2506,52,1,3,3,0,30,135243,34,14,57,81.68,10,100,1,1
4643,3290,44,1,0,4,0,18,113930,48,13,7,97.84,10,100,1,1
4644,5558,51,0,3,3,1,29,102410,56,10,47,94.59,10,100,1,1
4645,5802,44,0,1,2,0,20,83695,56,9,1,82.79,8.61,75.56,2,1
4646,1737,54,0,1,2,2,29,174524,31,17,19,90.61,9.68,100,1,1
4647,7220,47,0,0,1,0,22,133733,36,18,16,88,10,100,1,1
4648,9021,54,1,1,2,0,34,72611,35,1,27,88.85,7.07,80.77,2,1
4649,6036,53,0,2,5,2,31,121779,31,9,42,78.61,9.91,92.19,1,1
4650,5545,29,1,1,3,0,9,92926,39,18,21,74.02,8.33,96.81,1,1
4651,4398,47,0,6,5,2,20,119600,46,18,65,81.67,8.72,100,1,1
4652,8918,45,1,1,4,2,23,138488,54,15,20,97.35,9.65,100,1,1
4653,8971,51,1,1,1,1,27,138009,54,8,41,89.79,10,100,1,1
4654,1067,52,0,2,4,0,30,156015,32,9,60,82.91,9.65,100,1,1
4655,3887,26,0,0,0,0,5,46905,32,7,17,78.32,4.52,59.97,0,0
4656,6637,46,1,4,2,1,22,110536,57,20,40,88.77,10,100,1,1
4657,788,47,0,2,3,0,24,122388,47,23,13,88.18,10,100,1,1
4658,2309,43,1,0,5,2,20,161795,57,16,54,83.64,10,100,1,1
4659,6594,32,1,5,4,0,9,175056,34,23,43,79.26,9.87,100,1,1
4660,8381,27,0,2,2,1,2,42466,35,1,54,98.81,4.94,50.65,3,0
4661,8942,23,0,4,1,1,1,31063,52,4,23,75.97,4.51,46.05,3,0
4662,3971,48,0,4,5,0,22,92291,38,19,17,83.81,10,100,1,1
4663,1123,36,1,2,5,0,16,115498,55,11,25,84.89,8.01,76.43,2,0
4664,7407,57,1,4,4,2,32,109202,45,14,38,84.17,8.1,100,1,1
4665,5193,45,1,0,3,3,20,71115,54,3,30,88.44,6.47,70.26,2,1
4666,9364,40,1,0,3,2,20,63336,42,4,44,90.68,9.2,80.42,2,1
4667,6968,50,0,0,0,0,30,106479,59,2,50,85.37,8.44,84.51,2,1
4668,4194,46,0,5,2,2,26,177675,40,11,29,71.99,10,100,1,1
4669,8712,52,1,2,0,1,28,63576,59,2,27,74.38,5.68,64.63,0,0
4670,3996,42,0,2,0,2,17,93258,40,5,24,87.8,9.65,86.17,1,1
4671,696,25,1,4,3,2,3,53549,35,4,64,74.81,5.17,61.54,0,0
4672,6737,54,0,2,2,2,29,130453,31,12,12,72.9,9.19,86.6,1,1
4673,1613,29,1,5,1,1,5,113406,41,10,74,73.02,9.1,91.04,1,1
4674,7517,35,1,2,4,0,13,107432,36,12,2,78.68,10,93.31,1,1
4675,457,51,0,5,1,0,28,144938,55,22,56,97.37,10,100,1,1
4676,7744,40,1,2,5,0,17,119362,52,17,20,83.22,9.55,95.59,1,1
4677,8309,39,1,1,4,0,14,101164,54,17,36,70.4,9.95,96.11,1,1
4678,2098,31,1,3,0,0,6,158523,58,14,72,93.15,10,89.08,1,1
4679,8088,59,1,2,3,2,34,116996,38,10,57,93.15,9.85,100,1,1
4680,285,28,1,3,2,0,5,63743,34,15,27,73.71,6.86,71.38,2,0
4681,1806,40,1,1,0,2,14,117423,38,23,70,97.44,10,100,1,1
4682,6511,28,0,1,4,2,1,102428,53,22,45,72.17,10,100,1,1
4683,2725,59,1,2,4,0,34,117136,36,3,23,81.14,8.16,89.14,1,1
4684,4442,54,0,4,0,0,29,121682,35,24,6,90.8,10,100,1,1
4685,8780,31,0,0,0,1,10,127772,36,10,55,77.99,8.99,91.99,1,1
4686,4445,31,1,0,3,0,6,122846,57,16,71,82.16,8.84,100,1,1
4687,2850,38,1,5,5,0,16,154790,41,16,43,78.22,8.72,100,1,1
4688,1282,32,1,3,0,1,11,95016,42,20,79,73.7,10,100,1,1
4689,6350,49,1,1,2,2,28,104199,30,1,46,91.02,7.57,86.35,1,1
4690,2248,32,0,0,2,2,7,177427,32,21,71,82.38,8.72,100,1,1
4691,1203,59,0,3,0,2,32,126299,38,3,32,73.03,9.11,93.65,1,1
4692,1025,57,0,0,1,3,37,91822,45,23,8,86.51,10,100,1,1
4693,8522,49,0,3,4,3,22,88038,35,12,11,73.12,7.55,78.53,2,0
4694,7677,24,1,2,2,1,1,162717,52,15,64,98.5,10,98.42,1,1
4695,121,58,0,2,1,1,31,121545,53,14,46,84.93,10,100,1,1
4696,1653,28,0,5,2,2,7,51575,47,4,49,72.4,5.28,66.61,0,0
4697,9300,27,1,4,2,2,2,141003,60,19,66,78.78,10,94.59,1,1
4698,5151,24,0,6,1,0,1,117465,58,16,58,94.45,8.95,88.22,1,1
4699,4783,53,1,4,2,2,27,107659,47,1,60,82.05,10,97.41,1,1
4700,7633,29,1,4,1,0,4,91335,60,21,25,71.76,7.34,75.25,2,0
4701,2273,46,0,2,0,0,22,157606,33,10,44,80.54,9.74,94.5,1,1
4702,7087,29,0,0,5,2,8,179308,48,18,45,94.1,10,100,1,1
4703,9323,53,1,3,2,2,28,110835,36,24,73,92.97,10,100,1,1
4704,8536,22,0,4,1,2,1,75234,54,5,55,84.62,5.32,57.12,0,1
4705,4443,57,1,1,3,2,32,148229,47,1,67,94.63,8.49,100,1,1
4706,8418,51,0,2,4,2,30,121856,56,12,77,89.45,10,100,1,1
4707,3507,53,1,4,1,1,32,170633,59,19,47,72.29,8.83,100,1,1
4708,5681,48,1,6,4,0,22,157309,35,24,78,70.9,10,100,1,1
4709,2208,49,0,6,1,0,28,109190,53,2,28,91.24,9.09,92.3,1,1
4710,3435,24,1,2,3,2,1,49222,38,7,49,74.99,5.14,59.76,0,1
4711,6575,40,1,5,3,2,15,114439,42,6,27,90.75,6.28,87.73,1,1
4712,8629,25,0,0,0,2,1,112242,32,23,47,70.36,8.1,80.83,2,0
4713,9306,23,0,2,1,1,1,87430,58,19,21,91.24,7.04,80.95,2,0
4714,1312,22,1,6,2,2,1,68200,46,10,50,89.58,6.31,60.25,0,0
4715,1686,34,1,3,1,2,13,73332,43,6,32,93.94,6.24,78.74,2,1
4716,7417,31,1,5,5,0,5,112989,58,19,7,87.62,8.49,100,1,1
4717,1003,35,0,0,0,2,12,44638,39,1,13,77.52,7.65,57.39,0,0
4718,2407,25,0,4,0,3,1,155850,30,23,16,74.04,9.92,86.72,1,1
4719,398,47,0,0,5,1,25,112689,42,4,43,88.66,9.36,92.42,1,1
4720,2713,48,0,4,4,2,23,121600,30,8,20,98.06,10,87.93,1,1
4721,8996,45,1,5,3,1,18,82823,60,11,18,88.87,8.73,81.34,2,0
4722,2508,22,0,2,4,1,1,145373,36,20,27,85.31,8.98,93.07,1,1
4723,2493,36,1,3,1,1,9,49323,56,7,0,79.98,5.52,62.7,0,0
4724,6110,37,0,5,1,1,17,70012,59,13,6,84.71,6.68,68.52,0,0
4725,3468,47,1,1,1,0,24,127252,32,22,28,85.46,10,100,1,1
4726,7337,22,0,0,1,1,1,104326,36,19,20,74.85,7.95,75.47,2,1
4727,6033,50,0,2,3,2,25,77338,32,1,40,74.66,7.81,71.68,2,1
4728,4253,50,0,0,0,2,25,153549,33,14,47,86.82,8.9,100,1,1
4729,6063,36,1,4,4,0,12,147468,52,7,67,95.24,9.97,93.18,1,1
4730,8530,30,1,6,4,2,9,165278,30,15,79,72.12,10,100,1,1
4731,5983,56,0,6,5,0,35,130610,32,17,44,77.84,10,100,1,1
4732,2653,29,1,3,1,0,2,65886,47,7,9,86.37,4.9,75.24,2,0
4733,8038,35,0,2,4,0,13,110446,44,24,40,73.29,10,100,1,1
4734,469,31,0,0,0,0,11,152937,47,12,59,80.59,8.29,86.17,1,1
4735,3395,26,0,6,2,0,4,158415,51,18,14,87.63,9.58,90.36,1,1
4736,5371,28,1,0,4,0,7,34612,36,1,8,78.71,5.34,42.7,3,0
4737,5262,45,0,1,4,1,18,129139,48,10,23,99.97,9.57,93.1,1,1
4738,7909,46,1,5,5,0,24,115139,56,4,56,87.63,6.7,80.67,2,1
4739,2322,40,1,0,5,0,13,159318,32,13,50,78.61,9.25,89.63,1,1
4740,7658,42,1,2,1,1,22,95333,53,14,59,71.45,9.73,100,1,1
4741,4675,29,1,4,5,2,2,96095,38,3,63,90.3,8.06,74.74,2,1
4742,8599,38,1,2,0,0,11,48233,36,5,58,72.17,3.13,59.79,0,0
4743,4910,50,0,2,0,1,28,134823,56,18,6,98.64,9.89,100,1,1
4744,2325,57,1,5,2,1,30,121109,50,5,58,72.16,10,100,1,1
4745,2940,35,1,5,0,0,13,134375,49,21,78,96.17,10,100,1,1
4746,2732,42,0,5,1,2,15,149130,47,24,76,98.43,9.39,100,1,1
4747,9190,59,0,1,4,0,39,169926,48,23,26,76.9,10,100,1,1
4748,1012,33,0,0,5,0,11,79956,31,3,31,82.59,7.4,57.78,0,0
4749,2277,37,0,1,1,2,16,178968,55,22,75,92.95,8.94,100,1,1
4750,9042,33,1,6,5,0,9,94264,43,15,59,80.85,10,98.99,1,1
4751,716,47,0,1,4,0,23,148527,30,20,2,99.16,10,100,1,1
4752,4880,30,0,1,2,2,5,43647,59,4,25,85.05,4.77,51.5,3,0
4753,986,50,1,1,5,0,26,179644,31,14,78,92.58,10,100,1,1
4754,6643,33,0,3,4,2,11,69725,32,2,25,97.36,6.6,57.81,0,0
4755,1331,43,0,5,2,2,19,104472,48,19,29,77.47,10,100,1,1
4756,9339,27,0,2,5,2,2,75792,52,17,31,70.79,6.9,73.04,2,1
4757,7118,48,1,3,0,0,28,103853,33,21,1,81.16,10,100,1,1
4758,1212,30,1,3,3,0,10,156290,49,13,13,98.74,9.65,100,1,1
4759,3316,47,0,5,3,0,25,140637,40,11,72,99.75,10,100,1,1
4760,2027,46,0,3,3,0,19,125034,52,18,21,73.1,10,100,1,1
4761,6501,51,1,4,1,0,25,113855,55,10,68,89.12,10,100,1,1
4762,920,29,0,6,2,0,5,64554,56,7,48,81.78,7.55,73.19,2,1
4763,4354,36,0,2,0,0,11,152578,43,6,63,94.44,10,90.21,1,1
4764,5599,41,1,0,3,0,21,97709,41,6,49,92.78,8.87,96.78,1,1
4765,1531,30,0,1,0,0,7,128044,36,24,46,70.71,8.67,100,1,1
4766,2020,40,0,6,4,0,19,78132,39,3,15,71.13,6.38,74.84,2,0
4767,4439,41,1,3,3,0,15,178343,54,24,19,78.29,10,100,1,1
4768,9345,27,0,5,5,2,2,156056,46,17,68,78.87,10,100,1,1
4769,2707,40,1,4,4,0,16,108429,50,10,62,82.33,10,97.9,1,1
4770,5830,51,0,1,1,2,28,130150,30,13,60,88.31,10,100,1,1
4771,5534,22,0,3,4,2,1,77870,49,4,42,97.84,8.07,75.04,2,0
4772,2032,34,0,4,5,1,8,56283,42,3,34,75.44,5.65,63.99,0,0
4773,3134,23,1,3,2,0,1,112737,46,19,67,82.35,8.95,100,1,1
4774,8980,51,0,5,5,2,26,106587,45,3,67,71.58,10,100,1,1
4775,2340,26,1,5,1,0,1,131333,38,14,58,97.28,9.1,92.17,1,1
4776,2395,56,1,5,2,3,30,123298,34,16,32,96.06,10,100,1,1
4777,1734,34,0,0,1,2,8,93602,51,17,76,79.46,9.24,100,1,1
4778,5947,48,1,1,5,0,21,129364,32,15,22,95.64,10,96.84,1,1
4779,5168,30,0,4,3,0,4,160023,50,21,14,92.91,9.25,100,1,1
4780,6759,59,0,4,1,0,36,130641,49,15,6,95.57,10,100,1,1
4781,4807,34,1,2,1,2,11,36699,54,3,2,80.44,4.49,48.93,3,0
4782,5332,46,1,2,5,1,25,119055,55,14,40,99.69,8.4,100,1,1
4783,5998,25,1,2,3,0,5,157358,42,20,74,79.99,10,100,1,1
4784,650,55,1,3,3,0,32,164084,52,18,44,99.66,8.94,100,1,1
4785,6236,32,1,1,3,0,5,110595,37,9,49,99.03,9.38,84.06,2,0
4786,2668,42,0,6,0,0,16,95033,35,6,37,84.7,9.12,73.94,2,1
4787,3645,38,1,3,1,0,17,74570,47,5,28,81.18,8.87,77.99,2,1
4788,2968,35,1,4,1,0,9,89790,40,3,52,92.06,8.62,76.36,2,1
4789,6101,40,1,4,3,0,17,153759,43,23,50,71.15,10,100,1,1
4790,7614,46,0,0,2,2,24,63834,36,5,29,76.44,6.49,72.84,2,1
4791,495,49,0,1,1,0,22,157020,54,19,61,73.67,8.85,100,1,1
4792,3225,52,1,6,4,0,32,129627,50,24,61,92.88,10,100,1,1
4793,8373,41,1,0,3,0,20,90318,33,21,13,72.8,10,100,1,1
4794,8331,50,0,4,1,0,23,147885,30,7,49,76.12,10,97.44,1,1
4795,8915,53,1,5,3,2,31,133223,53,20,30,80.97,10,100,1,1
4796,5555,39,1,3,3,2,13,141139,41,12,60,80.28,9.26,100,1,1
4797,1493,38,0,6,1,2,15,105680,55,8,54,88.54,8.49,83.18,2,0
4798,2241,39,0,1,4,2,18,155478,46,23,35,87.89,9.43,100,1,1
4799,3278,26,1,6,4,3,1,103072,51,8,65,74.75,6.91,71.56,2,1
4800,6542,54,1,2,0,0,34,95057,51,17,53,78.67,10,100,1,1
4801,875,38,1,5,2,3,11,156936,59,18,30,91.51,10,100,1,1
4802,3066,24,1,5,3,2,1,63017,36,17,37,71.5,7.74,67.01,0,0
4803,5733,40,0,2,5,2,13,153858,59,19,69,80.8,10,100,1,1
4804,4110,35,1,4,3,1,8,109472,31,15,79,88.38,10,100,1,1
4805,5489,52,0,4,4,2,32,164016,58,9,9,92.88,9.96,90.7,1,1
4806,8471,35,0,5,5,2,8,59797,46,6,32,77.68,5.93,63.55,0,0
4807,4510,49,1,1,4,0,26,149502,48,15,73,97.01,10,100,1,1
4808,6510,44,0,0,0,2,19,106257,54,11,51,72.05,9.36,100,1,1
4809,1989,42,0,0,1,2,21,83888,54,4,20,71.32,7.67,71.81,2,0
4810,2380,30,1,3,5,1,9,153354,37,18,74,76.18,10,100,1,1
4811,2057,43,0,3,5,1,23,160936,52,7,52,78.07,8.23,94.37,1,1
4812,3819,55,0,4,1,0,35,157562,58,4,47,92.11,9.94,99.43,1,1
4813,6140,31,1,3,0,1,7,112845,41,12,64,93.46,9.81,100,1,1
4814,1776,57,1,3,2,0,30,101875,60,19,59,98.22,10,100,1,1
4815,14,57,1,5,3,0,36,94631,41,19,5,91.93,8.13,100,1,1
4816,1870,49,0,4,1,0,27,111922,54,22,36,91.11,8.43,100,1,1
4817,8095,33,0,4,5,0,7,145485,56,24,17,78.16,9.36,92.05,1,1
4818,2470,22,1,0,3,0,1,156699,56,19,77,74.27,9.72,100,1,1
4819,5874,51,0,4,5,0,31,136375,42,23,75,75.16,9.47,100,1,1
4820,8455,56,0,6,3,0,32,92091,37,6,13,78.87,6.81,73.55,2,1
4821,4444,57,1,1,0,0,33,125923,42,7,71,73.02,10,100,1,1
4822,1110,57,0,1,5,0,31,158258,46,3,32,77.31,8.7,86.24,1,1
4823,7921,39,0,5,2,1,19,96215,53,7,54,99.55,9.24,91.69,1,1
4824,5789,53,0,2,2,0,28,154285,42,3,25,70.39,10,91.16,1,1
4825,6747,58,0,4,5,0,34,78426,53,4,5,88.68,9.43,81.65,2,1
4826,1554,51,1,4,3,0,31,133003,45,11,74,98.52,7.98,100,1,1
4827,3355,31,0,1,4,1,5,152822,38,19,44,70.8,9.27,87.2,1,1
4828,5071,46,0,3,4,1,21,139823,60,19,1,96.32,10,100,1,1
4829,3883,53,1,2,0,0,29,133625,60,14,46,77.54,8.76,100,1,1
4830,5030,55,1,4,4,0,31,108213,56,22,68,80.71,9.21,100,1,1
4831,1646,48,0,6,3,2,26,124085,51,14,17,97.5,10,100,1,1
4832,6229,27,0,3,0,0,4,140999,30,23,45,76.98,8.25,90.28,1,1
4833,9077,34,1,3,2,1,13,137878,38,13,21,90.14,9.24,87.88,1,1
4834,5118,51,0,0,5,0,25,123003,44,13,19,84.83,10,100,1,1
4835,2177,39,0,4,1,0,16,95386,49,8,68,95.22,10,100,1,1
4836,6348,33,1,6,2,0,6,106459,46,19,32,87.13,10,94.56,1,1
4837,8817,54,1,4,0,2,27,157677,36,15,30,93.25,10,100,1,1
4838,9140,26,1,4,2,0,2,79241,45,5,63,79.94,8.55,83.82,2,1
4839,6213,42,0,5,0,2,19,79467,56,1,25,95.13,4.9,66.2,0,0
4840,959,57,0,0,2,1,32,72655,52,1,44,93.01,7.2,79.78,2,1
4841,6745,39,0,6,2,3,17,102687,49,10,7,78.17,8.03,75.1,2,1
4842,1868,23,1,6,0,2,3,104429,55,12,16,99.41,6.78,75.76,2,1
4843,8461,58,0,0,2,2,37,136459,46,14,9,88.49,9.82,100,1,1
4844,5294,59,1,1,5,0,33,95250,59,11,9,77.46,10,86.33,1,1
4845,4929,22,0,0,4,2,1,67943,52,16,13,97.75,8.43,81.32,2,0
4846,2599,58,0,6,5,2,32,172379,59,11,21,71.43,9.77,85.65,1,1
4847,8546,54,1,6,1,2,30,149073,43,8,66,97.25,9.5,100,1,1
4848,3604,23,0,2,0,1,1,113107,60,17,58,86.36,8.9,79.94,2,0
4849,7431,55,0,5,1,1,34,100923,45,20,59,97.59,10,100,1,1
4850,40,28,0,2,5,1,5,172506,38,22,0,82.78,10,100,1,1
4851,7340,58,0,5,2,0,32,107321,36,20,78,96.23,9.15,100,1,1
4852,5771,36,1,0,4,0,9,37624,50,2,7,77.48,5.14,48.39,3,0
4853,8441,45,1,4,0,0,22,160434,57,20,1,95.84,9.69,100,1,1
4854,7740,27,0,1,0,0,7,95227,35,20,59,86.61,10,100,1,1
4855,675,33,0,2,0,0,13,101370,44,14,36,95.83,8.48,100,1,1
4856,3802,36,1,0,1,0,11,126646,52,22,58,75.79,10,100,1,1
4857,7674,34,0,3,4,0,12,69587,43,1,39,79.73,7.55,64.89,0,0
4858,1762,28,0,6,0,2,7,99168,42,14,37,76.48,9.96,97.72,1,1
4859,8137,25,0,6,5,2,1,130689,50,22,4,87.64,10,100,1,1
4860,3521,59,0,4,0,0,32,95048,44,12,46,70.42,10,100,1,1
4861,783,28,0,5,4,1,2,92504,58,21,9,87.5,8.32,84.37,2,1
4862,4869,54,0,0,0,0,30,139349,36,19,14,86.87,9.7,100,1,1
4863,7566,27,1,3,1,2,4,152982,54,10,60,88.63,9.65,90.24,1,1
4864,5953,39,1,3,3,0,18,165418,32,15,73,86.6,9.78,100,1,1
4865,4229,38,0,6,1,0,12,69274,56,3,46,96.29,7.47,58.52,0,0
4866,6402,57,0,3,3,0,33,178941,38,8,49,75.93,9.82,100,1,1
4867,8521,44,1,2,5,2,20,67081,56,6,29,71.97,6.32,66.02,0,0
4868,7988,45,0,5,1,1,19,96893,37,16,24,80.83,8.95,100,1,1
4869,5104,47,0,2,1,0,23,140026,59,10,58,99.09,9.67,100,1,1
4870,6339,47,1,1,5,0,27,106658,40,5,52,70.01,9.16,93.92,1,1
4871,2970,22,0,0,0,1,1,98526,45,2,72,82.15,8.78,75.75,2,0
4872,246,59,0,2,3,2,37,92640,42,22,42,98.96,10,100,1,1
4873,3941,56,0,3,0,0,33,117461,50,5,27,89.88,9.09,99.75,1,1
4874,3183,40,1,4,3,1,17,165161,40,7,40,74.85,9,85.36,1,1
4875,7459,50,0,4,0,1,29,112943,49,22,58,71.1,10,100,1,1
4876,6624,25,1,3,2,2,1,35845,47,1,13,96.1,7.74,49.63,3,0
4877,7420,26,1,1,3,2,2,35413,45,1,28,80.8,4.29,41.06,3,0
4878,8216,29,0,6,1,2,3,137611,55,16,10,72.35,9.61,89.96,1,1
4879,5932,25,1,1,2,1,2,102643,39,19,56,70.09,7.27,81.34,2,0
4880,7872,35,0,1,2,2,13,157534,32,22,41,85.92,10,100,1,1
4881,5565,26,1,2,3,0,1,95577,50,14,64,93.27,9.95,97.64,1,1
4882,7394,59,0,2,5,0,39,97873,57,22,59,90.02,9.1,100,1,1
4883,5363,29,1,1,2,2,9,94253,51,5,11,93.42,7.81,72.29,2,0
4884,4838,29,0,2,3,0,2,107609,51,24,4,73.28,8.58,78.98,2,1
4885,5025,22,1,6,4,0,1,88623,40,10,79,94.07,9.61,83.12,2,1
4886,5573,22,0,3,0,2,1,67378,38,17,24,79.31,8.11,79.41,2,0
4887,5134,27,1,0,2,1,7,64384,35,4,53,78.07,5.83,70.32,2,0
4888,1002,31,1,0,1,2,8,63379,52,7,0,98.06,4.72,56.49,0,0
4889,7658,31,1,3,5,0,10,163860,60,17,16,97.71,8.57,94.97,1,1
4890,5345,39,1,6,4,2,18,79712,43,1,27,80.25,5.95,59.76,0,0
4891,7841,53,1,0,4,0,26,73775,48,3,16,93.16,6.47,68.05,0,0
4892,5245,41,0,6,1,0,17,95892,47,17,17,81.06,7.82,89.84,1,1
4893,5360,58,0,4,3,3,37,91410,40,11,2,75.89,10,100,1,1
4894,7286,24,1,6,1,0,1,80528,30,19,3,76.68,6.21,70.79,2,1
4895,4707,25,0,2,4,0,5,94161,35,17,24,89.52,8.67,84.44,2,1
4896,5686,41,1,4,4,0,15,93847,59,19,15,94.1,10,100,1,1
4897,926,58,1,2,3,3,34,179436,56,14,45,81.73,9.48,100,1,1
4898,4869,44,0,5,4,1,22,114399,32,5,70,80.18,9.69,92.12,1,1
4899,8577,49,1,4,3,1,22,133579,47,20,43,77.71,10,100,1,1
4900,89,42,1,2,3,0,16,62579,57,1,72,81.51,7.06,59.98,0,0
4901,6506,55,1,1,1,2,28,95924,44,11,15,92.39,7.65,100,1,1
4902,567,51,1,2,2,0,24,91130,55,21,9,72.33,9.22,99.88,1,1
4903,236,34,1,3,5,1,14,141636,44,11,10,98.43,9.35,85.76,1,1
4904,1780,31,0,0,4,0,8,145099,42,20,1,93.29,8.88,100,1,1
4905,2012,47,0,4,0,0,24,171801,40,7,4,81.3,10,88.19,1,1
4906,61,26,1,5,1,0,1,55664,48,12,30,76.37,6,63.98,0,0
4907,8162,52,1,4,4,3,26,177472,56,17,73,77.82,7.88,100,1,1
4908,257,29,1,3,2,1,2,167331,52,22,68,82.59,10,100,1,1
4909,826,34,0,3,0,2,7,152962,37,16,64,89.33,8.44,97.23,1,1
4910,5314,24,0,4,1,0,1,45683,52,3,4,92.14,4.23,40,3,0
4911,3995,41,0,3,1,2,17,113184,52,17,7,88.1,10,96.72,1,1
4912,4677,23,0,3,4,0,1,151281,48,15,54,71.75,9.18,87.78,1,1
4913,6570,45,1,5,4,2,23,117944,58,18,57,81.41,10,100,1,1
4914,316,22,0,6,3,0,1,118107,37,19,26,83.66,8.08,74.53,2,1
4915,2701,47,0,0,0,1,22,148843,35,12,46,96.75,9.3,100,1,1
4916,5110,52,0,0,3,0,31,78204,54,4,11,71.33,5.66,70.62,2,0
4917,1920,34,0,4,4,0,10,118814,56,16,35,94.1,8.3,82.96,2,1
4918,5342,57,1,3,5,3,33,161132,43,22,10,71.47,9.32,100,1,1
4919,3461,31,1,6,2,2,11,49097,57,1,49,71.24,6.4,58.08,0,0
4920,8836,24,0,3,2,0,4,78305,31,13,32,73.4,6.86,69.87,0,1
4921,4907,37,0,4,2,0,12,66115,49,4,15,82.34,6.53,71.18,2,0
4922,3772,25,0,5,2,1,1,74850,59,21,41,71.19,7.53,75.04,2,0
4923,1578,26,1,0,5,0,1,156728,36,24,17,94.74,9.72,100,1,1
4924,7163,52,1,2,0,2,27,100911,42,20,19,89.67,10,100,1,1
4925,523,26,1,2,4,2,1,69793,47,2,74,79.16,8.81,70.15,2,1
4926,5707,38,0,3,1,2,18,129688,58,21,45,97.6,9.26,100,1,1
4927,3235,43,1,2,5,1,19,107360,44,9,6,92.37,9.21,85.03,1,1
4928,6391,22,0,2,0,0,1,129613,41,22,47,80.41,10,100,1,1
4929,771,41,0,3,2,2,18,102797,58,16,37,86.42,9.49,100,1,1
4930,8747,56,0,4,0,0,29,117260,42,11,41,72.69,10,100,1,1
4931,8781,43,0,6,1,0,19,160650,50,13,24,70.57,8.77,90.97,1,1
4932,2040,51,0,2,3,3,24,44538,49,5,12,73.17,5.64,66.9,0,1
4933,8001,52,0,2,0,0,25,80553,59,3,16,73.18,7.79,74.94,2,0
4934,2866,45,1,2,4,1,19,118911,58,10,8,73.11,7.13,75.25,2,0
4935,6430,35,1,5,1,2,10,178767,55,17,43,95.12,9.24,100,1,1
4936,7865,51,1,4,0,0,27,139513,52,2,75,91.84,8.6,100,1,1
4937,7329,37,1,3,1,1,11,138279,32,17,71,76.9,10,95.84,1,1
4938,3533,22,0,5,5,0,1,157218,39,14,78,91.28,10,98.7,1,1
4939,3709,38,0,6,1,2,17,109038,31,8,67,74.75,7.12,91.98,1,1
4940,2723,38,1,4,0,0,16,156401,43,23,42,91.45,8.38,100,1,1
4941,6254,32,0,1,1,0,10,97143,43,20,28,81.29,7.44,96.78,1,1
4942,3341,45,1,6,5,2,21,97026,60,12,19,72.86,8.64,74.08,2,0
4943,3957,24,0,4,3,0,1,124162,39,13,73,89.6,8.84,93.01,1,1
4944,3277,46,1,2,0,1,22,176387,52,24,37,71.5,10,100,1,1
4945,853,39,0,3,2,0,17,172148,46,11,58,94.52,8.84,100,1,1
4946,2505,33,0,6,3,0,7,170404,38,1,79,87.35,9.66,85.51,1,1
4947,5717,23,1,2,2,1,1,65927,52,6,32,97.26,6.01,60.98,0,0
4948,7811,44,0,0,2,0,23,139360,57,20,1,77.4,10,100,1,1
4949,6071,36,0,0,2,0,14,165601,46,16,62,83.21,9.82,100,1,1
4950,3361,43,0,2,5,2,20,105285,55,19,42,86.16,10,100,1,1
4951,854,42,0,3,2,2,19,151593,34,21,36,76.96,8.91,100,1,1
4952,8185,45,0,3,0,0,20,92698,56,15,60,85.67,10,100,1,1
4953,624,57,1,0,1,2,34,133820,59,23,32,84.08,9.54,100,1,1
4954,677,52,1,5,0,2,32,156978,50,8,29,90.92,10,100,1,1
4955,4401,43,1,6,1,3,17,166321,49,8,55,77.3,9.49,90.58,1,1
4956,4039,56,0,0,3,0,34,158493,41,10,41,93.14,9.89,100,1,1
4957,497,54,1,1,2,2,30,93067,49,1,45,71.79,9.76,94.23,1,1
4958,5585,45,0,6,1,0,22,132656,51,17,23,72.04,10,100,1,1
4959,1232,51,0,0,5,0,28,102311,44,13,70,94.82,9.16,100,1,1
4960,5992,54,0,6,2,0,30,142552,59,14,44,87.96,9.19,100,1,1
4961,8359,41,0,3,0,2,14,82871,37,1,34,87.67,6.9,75.99,2,0
4962,6000,52,1,5,5,2,32,144915,34,18,8,77.9,8.9,100,1,1
4963,1707,29,1,5,2,1,2,50614,31,15,50,73.18,5.86,66.59,0,1
4964,2742,59,1,5,2,2,36,161656,57,19,36,72.33,10,100,1,1
4965,6706,47,0,5,2,2,26,60117,38,5,28,76.37,6.45,81.07,2,1
4966,1487,51,0,4,0,2,27,121473,55,22,39,93.94,10,100,1,1
4967,8774,31,1,4,5,2,11,91044,37,20,70,85.89,10,100,1,1
4968,5827,58,0,0,0,0,32,179107,49,17,37,93.48,10,100,1,1
4969,8261,26,0,1,2,2,5,108972,35,9,65,97.27,10,98.02,1,1
4970,3875,55,1,2,0,0,29,94917,54,9,56,84.88,8.46,91.33,1,1
4971,3643,40,0,3,1,0,19,142910,58,11,72,98.24,10,100,1,1
4972,7816,36,1,2,1,1,11,36614,31,2,19,71.55,6.27,54.52,3,0
4973,7707,44,0,0,5,2,22,118244,37,23,16,72.86,10,100,1,1
4974,1421,23,0,6,2,0,1,46713,31,6,50,82.32,7.35,58.12,0,0
4975,394,59,0,2,5,0,36,164230,55,13,60,90.92,10,100,1,1
4976,1353,47,1,6,4,0,23,140103,53,9,72,99.41,10,100,1,1
4977,6793,59,1,5,0,0,35,95987,46,11,58,80.19,10,100,1,1
4978,6765,54,0,3,2,0,31,155341,58,7,42,74.65,8.84,97.9,1,1
4979,5648,47,0,1,5,0,25,111178,56,1,77,99.19,10,98.16,1,1
4980,5229,50,0,2,4,0,25,94828,48,23,70,95.23,9.26,100,1,1
4981,4288,58,0,5,0,1,35,107340,44,18,43,81.21,8.85,100,1,1
4982,8036,38,0,2,5,0,18,154143,34,5,74,83.45,10,100,1,1
4983,955,45,1,6,2,0,19,125638,35,17,55,70.26,9.94,100,1,1
4984,3152,51,0,5,2,0,28,162162,31,22,1,89.55,10,100,1,1
4985,2892,38,1,1,5,1,17,109719,49,15,10,87.36,9,100,1,1
4986,3699,36,0,4,3,0,12,125822,44,18,31,85.06,10,100,1,1
4987,8447,54,0,0,5,1,34,171121,44,14,33,84.63,8.54,100,1,1
4988,7905,29,0,1,1,0,7,125743,35,17,42,91.29,8.77,100,1,1
4989,6136,42,1,6,4,0,17,86987,48,2,68,71.65,8.33,73.69,2,0
4990,3440,43,0,0,1,0,20,129093,33,12,20,89.37,10,89.37,1,1
4991,2643,39,0,2,1,0,17,175783,51,20,56,73.21,9.35,100,1,1
4992,3286,52,1,1,1,0,30,132329,54,16,5,77.62,8.95,100,1,1
4993,3708,34,1,1,3,2,8,135421,53,23,31,74.42,8.57,87.22,1,1
4994,7667,35,0,2,0,0,8,137241,58,16,23,85.42,9.42,98.56,1,1
4995,6398,57,1,2,1,2,31,101810,39,15,73,86.39,10,100,1,1
4996,7520,53,0,4,5,0,27,150167,41,9,39,91.87,9.29,94.03,1,1
4997,373,30,0,0,2,0,6,45470,32,1,13,84.22,4.82,46.04,3,0
4998,3602,28,1,1,1,0,5,61585,40,6,14,76.41,7.21,69.01,0,0
4999,7339,23,0,5,3,0,1,40944,60,9,75,70.48,4.58,55.43,0,0
5000,9282,28,0,5,4,3,3,118377,46,9,16,85.1,8.03,72.47,2,1
5001,7324,24,1,5,2,3,2,35096,53,5,37,72.62,4.27,52.06,3,0
5002,5401,45,1,5,5,0,23,102634,38,19,56,75.39,9.61,100,1,1
5003,894,44,0,3,0,2,23,106351,51,6,79,89.39,9.23,100,1,1
5004,8701,53,0,0,1,1,32,169374,58,10,22,95.17,10,98.41,1,1
5005,3289,56,0,3,5,0,29,163753,38,18,57,93.23,10,100,1,1
5006,6966,40,1,3,3,1,15,147470,44,18,1,88,9.97,100,1,1
5007,1607,54,1,3,1,0,32,131237,35,21,37,78.49,9.94,100,1,1
5008,4717,58,0,2,1,0,37,108481,36,7,62,99.22,10,100,1,1
5009,7267,49,1,3,0,2,28,149890,47,11,77,92.8,10,100,1,1
5010,6748,50,1,4,0,0,30,148113,33,6,65,78.46,10,97.04,1,1
5011,8007,44,1,0,1,2,17,139656,49,14,13,98.18,10,100,1,1
5012,4550,31,0,0,3,0,9,115234,46,16,7,94.16,9.38,100,1,1
5013,7218,51,0,1,4,0,29,161101,38,14,72,76.9,10,100,1,1
5014,7772,49,1,3,2,0,28,158008,33,20,74,77.74,10,100,1,1
5015,3555,55,1,6,4,2,29,168827,38,12,36,93.5,10,100,1,1
5016,1062,53,0,0,3,3,32,160530,49,22,5,85.54,8.97,100,1,1
5017,9343,49,1,4,2,2,26,58165,30,1,10,80.53,7.15,64.7,0,0
5018,6533,38,0,2,2,2,17,100075,37,5,77,93.08,8.25,79.89,2,1
5019,7467,50,0,0,5,0,25,144855,44,14,0,96.73,10,96.82,1,1
5020,5951,54,1,0,4,1,30,97789,36,8,49,86.91,9.37,100,1,1
5021,8037,47,0,5,1,1,25,143590,35,22,3,77.54,9.35,100,1,1
5022,683,53,0,3,0,0,30,92858,35,6,32,83,10,90.47,1,1
5023,6696,34,1,5,2,2,10,175961,40,21,71,82.87,10,100,1,1
5024,5432,47,1,5,4,2,24,126157,39,12,12,80.09,9.65,88.81,1,1
5025,7960,52,0,3,4,0,28,125779,45,18,67,81.07,10,100,1,1
5026,1982,57,0,3,1,0,33,112561,34,15,69,85.97,10,100,1,1
5027,2984,27,0,4,4,0,1,96240,45,17,71,97.17,10,100,1,1
5028,2215,54,0,6,1,0,33,162035,35,6,72,83.08,10,100,1,1
5029,4068,59,1,1,1,1,33,168802,52,9,10,99.65,9.83,100,1,1
5030,4761,56,1,3,4,0,33,121145,41,24,38,74.41,10,100,1,1
5031,3229,39,0,3,4,3,18,69755,48,1,67,78.17,7.35,69.82,0,1
5032,6918,22,1,6,3,2,1,40821,58,5,27,87.57,5.05,40,3,0
5033,7172,36,0,6,1,0,11,79281,50,3,66,89.56,8.43,84.52,2,1
5034,1673,34,1,6,4,2,8,82645,56,11,34,75.44,7.47,80.74,2,1
5035,8190,47,0,2,0,0,24,114416,55,11,41,82.12,10,100,1,1
5036,4925,38,0,2,1,0,16,132475,35,9,74,81.02,6.42,87.82,1,1
5037,5143,27,0,3,0,0,1,111831,30,17,68,83.81,10,91.86,1,1
5038,8709,46,0,1,5,0,24,143439,57,21,30,99.17,10,100,1,1
5039,1589,43,1,6,4,0,23,134903,55,8,63,71.8,8.43,93.48,1,1
5040,607,49,1,3,0,2,27,107552,34,9,63,80.84,9.71,97.65,1,1
5041,9263,32,0,3,0,3,6,107959,49,23,25,89.22,10,100,1,1
5042,6405,41,1,1,4,2,16,102236,44,19,64,98.62,10,100,1,1
5043,4579,33,0,2,2,1,7,76999,37,10,47,75.83,8.39,75.13,2,1
5044,4731,34,0,1,0,0,7,139425,50,23,43,89.45,9.95,100,1,1
5045,3675,41,1,4,5,0,20,143536,33,9,30,90.77,7.67,88.8,1,1
5046,1900,31,1,4,1,2,7,160217,49,9,60,91.74,9.54,100,1,1
5047,1398,35,1,0,1,2,12,64247,48,7,43,91.04,7.37,76.05,2,1
5048,7361,33,0,4,0,2,13,70211,56,5,39,93.53,7.9,77.06,2,1
5049,3320,52,1,3,0,1,26,171710,37,7,44,73,9.2,89.72,1,1
5050,9283,39,1,4,4,0,18,116431,47,13,64,73.62,8.9,95.79,1,1
5051,923,30,1,2,5,2,9,77856,56,4,17,72.72,6.2,55.64,0,0
5052,707,45,1,2,5,0,20,111388,43,19,7,77.65,9.74,100,1,1
5053,9321,26,1,5,4,2,5,35048,53,6,1,82.48,4.88,40.55,3,0
5054,8387,34,0,6,1,1,7,63438,59,4,69,86.8,6.67,55.19,0,0
5055,8363,34,0,4,1,0,8,59323,32,11,11,72.6,6.17,62.5,0,1
5056,4273,32,0,1,4,0,12,114886,34,22,64,99.23,10,100,1,1
5057,2600,54,0,4,3,0,31,142396,48,17,46,72.68,10,100,1,1
5058,9151,58,0,0,5,0,34,97684,46,15,49,72.48,8.95,100,1,1
5059,3648,45,0,3,3,1,25,172404,53,7,33,88.93,9.14,94.13,1,1
5060,3168,37,1,2,5,2,17,82758,44,5,8,82.05,7.74,70.38,2,1
5061,5793,24,1,5,4,0,1,61218,33,16,3,91.38,5.5,59.11,0,0
5062,1529,53,0,5,2,0,29,153719,56,9,20,99.23,7.28,100,1,1
5063,2128,42,0,1,5,1,19,132911,55,12,38,96.85,10,100,1,1
5064,3948,49,0,2,4,3,27,105471,49,15,52,71.91,9.61,100,1,1
5065,1406,55,1,5,0,3,30,139907,40,6,31,78.5,9.86,100,1,1
5066,7505,28,1,3,2,3,1,167011,49,22,9,75.72,10,99.4,1,1
5067,4500,56,1,0,0,1,36,161312,38,10,73,86.84,10,100,1,1
5068,5173,59,1,5,0,0,39,94257,39,10,62,83.01,10,100,1,1
5069,5790,26,0,5,4,0,1,72321,37,6,17,86.54,7.52,59.26,0,0
5070,1796,46,0,0,4,0,23,150730,30,14,13,78.3,9.77,90.89,1,1
5071,7269,40,1,1,1,2,15,160249,55,16,40,73.67,9.26,94.42,1,1
5072,2675,57,1,6,2,2,30,110203,34,12,2,73.2,8.08,83.83,2,1
5073,4483,36,1,3,1,0,14,107987,30,16,10,92.38,7.41,90.3,1,1
5074,245,46,1,6,1,0,25,130639,41,23,33,84.3,10,100,1,1
5075,6744,51,1,2,1,0,30,158515,42,24,68,95.04,10,100,1,1
5076,4992,50,0,4,0,2,28,138638,39,11,7,96.85,8.77,100,1,1
5077,1919,24,1,4,1,0,1,75033,43,4,31,98.9,4.51,62.25,0,0
5078,2135,42,0,1,3,1,18,171105,38,15,58,99.83,8.38,100,1,1
5079,2204,49,1,4,5,1,25,101050,45,11,19,78.66,8.59,100,1,1
5080,552,57,0,5,1,0,30,99109,58,16,44,83.39,10,100,1,1
5081,1846,26,0,4,5,2,3,101043,42,11,16,82.45,8.43,72.67,2,0
5082,8450,28,0,1,4,0,2,166947,50,22,71,79.21,9.86,100,1,1
5083,8578,41,0,4,2,0,19,101379,32,11,65,71.77,9.44,86.28,1,1
5084,122,45,1,1,1,2,20,127004,53,15,1,92.91,10,97.23,1,1
5085,7165,39,1,0,0,2,15,115624,49,23,15,75.68,10,100,1,1
5086,8319,40,1,2,3,0,18,93072,31,17,6,91.98,10,100,1,1
5087,2766,43,0,3,3,3,18,107466,45,24,34,70.02,10,100,1,1
5088,7890,43,0,2,1,0,17,94875,55,15,35,99.05,10,100,1,1
5089,6728,25,0,4,0,2,4,179913,30,23,4,76.51,9.51,94.37,1,1
5090,6913,36,1,4,3,0,16,130588,54,22,21,85.87,9.81,100,1,1
5091,8685,46,1,6,2,0,21,172209,60,15,37,71.31,8.94,97.01,1,1
5092,3955,58,0,5,4,0,34,120363,42,9,4,97.67,10,100,1,1
5093,1708,27,1,3,0,0,7,30914,54,4,13,91.03,5.05,43.37,3,0
5094,5263,50,1,1,3,3,25,119780,57,22,7,82.18,9.79,100,1,1
5095,4924,59,1,6,1,2,39,104890,54,6,50,93.68,10,100,1,1
5096,3471,38,1,3,0,0,16,76053,50,3,41,75.71,7.04,77.28,2,0
5097,1230,47,0,5,2,0,22,98917,51,1,16,71.3,7.51,73.18,2,0
5098,7328,32,0,3,3,1,10,168550,40,16,41,70.88,9.7,100,1,1
5099,5668,42,1,4,5,1,16,179870,44,6,51,80.27,8.96,91.44,1,1
5100,7710,45,1,3,3,0,19,113917,38,5,10,92.37,8.55,81.45,2,0
5101,3318,56,0,2,3,0,35,171004,41,4,36,89.43,10,99.38,1,1
5102,6815,49,1,5,4,1,26,97757,57,5,8,96.1,9.79,83.37,2,1
5103,4609,35,0,3,4,2,15,129533,55,16,53,88.61,10,100,1,1
5104,4962,29,0,1,0,0,3,70745,45,7,4,91.51,6.53,67.19,0,0
5105,7866,29,1,4,2,1,5,83009,55,9,46,89.94,7.68,75.29,2,1
5106,3613,32,0,5,5,0,10,73795,37,6,73,92.74,8.91,82.26,2,0
5107,2759,55,0,3,4,2,32,141328,31,16,59,71.41,8.81,100,1,1
5108,3014,46,0,4,0,2,19,96787,45,4,13,70.95,7.89,71.86,2,1
5109,4365,38,1,1,5,0,11,134815,52,5,79,99.65,8.94,92.03,1,1
5110,9329,24,0,2,4,0,1,94785,49,11,25,81.02,8.33,79.02,2,1
5111,3908,28,1,1,3,1,3,119677,36,11,69,73.37,8.12,85.77,1,1
5112,5940,43,0,5,0,0,21,143481,53,21,79,82.08,10,100,1,1
5113,2632,54,1,5,5,1,33,95189,43,12,24,94.6,10,100,1,1
5114,3424,28,0,6,2,0,8,76692,31,11,51,84.19,7.54,83.02,2,0
5115,7725,41,0,1,5,0,16,45626,34,2,33,94.83,7.38,60.69,0,0
5116,2183,24,0,0,2,2,1,102119,53,24,14,89.86,10,100,1,1
5117,3221,40,1,2,5,1,14,80169,35,1,59,95.85,6.9,80.75,2,1
5118,3367,30,0,0,0,2,9,73791,42,6,75,79.03,7.12,82.98,2,1
5119,374,44,1,4,1,1,21,142420,59,10,66,82.52,10,100,1,1
5120,7644,52,1,4,1,0,26,100711,58,15,52,95.03,10,100,1,1
5121,2966,34,1,1,0,0,12,48147,39,2,28,74.78,2.7,40,3,0
5122,2838,24,1,6,3,2,1,93346,39,24,58,77.58,9.89,100,1,1
5123,4225,54,1,4,5,0,31,110588,37,10,24,94.86,10,100,1,1
5124,1626,58,0,3,1,0,37,111923,60,2,6,70.82,8.73,79.73,2,0
5125,3018,43,1,5,5,0,16,127470,44,7,77,85.14,7.33,100,1,1
5126,4455,39,1,4,4,0,18,53892,36,1,39,82.41,6.38,57.91,0,0
5127,8020,33,1,2,1,0,7,113339,30,22,27,91.96,10,100,1,1
5128,1183,58,0,6,5,1,36,106844,44,19,78,87.34,10,100,1,1
5129,4699,44,0,3,5,2,17,142901,43,11,41,79.32,10,98.3,1,1
5130,2934,39,0,4,5,0,18,99664,59,11,3,81.83,8.54,73.37,2,1
5131,8183,34,1,1,4,0,7,130039,46,16,18,99.3,10,100,1,1
5132,2768,52,1,0,1,0,25,174604,57,17,31,76.11,10,100,1,1
5133,6148,53,1,1,1,2,33,107180,51,21,15,95.44,10,100,1,1
5134,5611,25,0,4,4,0,1,166436,47,12,22,99.28,8.08,100,1,1
5135,2465,59,1,5,2,0,38,123534,50,9,58,93.65,10,100,1,1
5136,9332,48,1,6,1,2,28,175445,59,14,74,78.81,8.9,100,1,1
5137,5206,40,0,3,0,0,20,153249,44,23,58,88.15,10,100,1,1
5138,3050,32,0,2,5,0,11,85393,36,7,45,90.41,7.34,74.92,2,0
5139,3974,58,1,4,4,0,37,146819,52,12,27,87.48,10,100,1,1
5140,260,46,0,4,0,1,25,45205,54,3,47,82.38,4.71,68.94,0,0
5141,3301,48,0,6,4,1,26,171291,49,17,18,91.72,9.59,100,1,1
5142,7525,49,1,3,1,2,26,113658,46,24,17,84.36,10,100,1,1
5143,3676,53,1,6,4,1,26,108426,48,11,49,85.8,9.45,100,1,1
5144,8770,40,1,3,0,0,15,102032,47,9,44,97.4,10,100,1,1
5145,5099,50,0,0,3,2,23,157743,40,23,4,81.67,9.49,100,1,1
5146,2265,51,1,3,5,0,28,178579,39,21,60,71.86,10,100,1,1
5147,2298,36,1,4,0,0,16,167288,31,20,65,95.58,10,100,1,1
5148,3159,22,1,3,5,2,1,75182,47,9,39,73.33,6.28,60.54,0,1
5149,3951,58,1,1,5,1,31,100349,44,24,57,84.54,9.91,100,1,1
5150,6986,29,1,5,3,0,5,146874,38,19,0,89.86,8.1,88.48,1,1
5151,7188,27,1,6,5,2,7,79233,44,4,0,83.37,6.43,57.24,0,0
5152,6971,34,0,3,5,0,12,151286,39,17,51,93.65,10,100,1,1
5153,5714,25,1,3,4,2,1,41840,40,1,58,79.56,6.26,53.33,3,0
5154,3581,30,0,5,4,0,9,70631,48,8,34,90.73,7.88,83.83,2,1
5155,1103,26,1,5,2,2,2,51130,59,4,55,96.2,9.17,68.39,0,0
5156,6474,54,0,1,0,1,32,153465,47,13,44,76.09,10,100,1,1
5157,9118,36,1,2,2,2,16,109936,43,11,15,75.19,7.89,82.52,2,1
5158,6062,30,1,6,0,1,10,44526,40,6,2,85.77,6.23,67.46,0,0
5159,4966,55,1,4,5,2,31,100604,33,13,56,98.68,10,100,1,1
5160,6723,47,1,0,3,2,26,146631,40,16,41,74.51,8.74,100,1,1
5161,3470,31,0,5,3,2,8,131094,45,13,79,92.34,10,100,1,1
5162,3068,40,0,4,3,0,16,111135,41,22,70,76.04,9.42,100,1,1
5163,326,23,1,4,0,1,1,148700,41,19,56,76.58,10,88.18,1,1
5164,5666,59,0,4,0,0,39,120438,57,21,34,89.54,9.5,100,1,1
5165,896,56,0,6,5,0,31,159046,30,18,35,96.15,10,100,1,1
5166,4498,57,1,4,5,0,31,155939,41,13,13,72.85,10,100,1,1
5167,8824,29,1,1,1,0,2,72609,55,14,12,83.49,6.08,61.14,0,0
5168,3145,28,1,3,2,0,8,170672,30,20,39,75.01,8.36,88.7,1,1
5169,4743,26,0,1,0,0,4,36477,30,3,50,86.06,2.89,40.9,3,0
5170,3223,51,1,4,5,0,30,104891,51,2,71,85.54,10,95.78,1,1
5171,3934,26,0,4,5,3,2,39330,34,1,34,74.5,5.51,44.58,3,0
5172,467,24,0,1,4,0,1,38361,32,11,14,71.02,4.28,43.64,3,0
5173,3770,59,0,3,3,0,37,92829,31,12,72,71.77,7.45,100,1,1
5174,8572,47,0,4,1,0,26,173308,42,9,9,98.48,9.65,100,1,1
5175,5619,24,1,3,1,0,1,68035,49,7,20,82.35,8.99,68.79,0,0
5176,5180,46,0,4,1,0,25,165411,53,14,74,83.55,9.86,100,1,1
5177,3026,36,0,4,5,2,11,112704,56,12,13,88.2,9.86,87.8,1,1
5178,4708,44,1,3,2,0,20,123501,30,22,38,99.37,10,100,1,1
5179,3918,55,1,5,3,0,30,117011,37,21,12,81.3,10,100,1,1
5180,3734,52,1,3,3,0,32,136858,49,15,73,84.36,10,100,1,1
5181,2126,33,1,1,1,1,12,99846,51,8,39,89.09,8.78,89.62,1,1
5182,5042,23,0,4,5,2,1,64268,39,11,21,84.67,7.36,83.37,2,0
5183,4825,37,0,5,5,0,11,95407,42,10,25,98.28,8.96,83.97,2,1
5184,2368,28,0,5,3,1,2,67398,37,8,42,70.46,6.31,59.38,0,0
5185,4592,45,0,0,4,0,23,95532,41,22,76,74.97,10,100,1,1
5186,2820,30,1,5,1,2,4,120225,42,20,69,97.79,10,100,1,1
5187,7043,22,0,6,4,2,2,97579,57,21,43,93.28,10,100,1,1
5188,5234,28,1,2,1,2,4,115453,43,11,50,96.56,10,98.31,1,1
5189,313,53,1,2,0,0,28,164257,46,2,62,98.95,8.44,100,1,1
5190,3959,53,1,0,4,0,30,65079,60,5,56,83.28,8.32,84.88,2,1
5191,5175,54,1,2,0,0,34,150995,32,18,6,82,10,100,1,1
5192,890,33,1,0,2,0,11,131394,55,8,70,90.77,9.27,99.24,1,1
5193,7062,53,1,4,5,0,26,113162,40,2,2,93.28,6.74,76.9,2,1
5194,7156,24,1,2,1,3,1,48752,30,1,35,83.89,5.04,46.37,3,0
5195,7718,48,1,3,4,0,26,94403,33,9,31,80.36,7.08,85.36,1,1
5196,6340,36,0,6,2,0,16,179842,60,16,35,90.8,9.68,90.96,1,1
5197,507,47,0,5,2,2,26,119234,36,5,49,94.31,8.06,98.92,1,1
5198,1668,28,0,5,3,2,5,128305,40,22,2,78.76,9.82,98.45,1,1
5199,6714,48,0,4,1,0,24,138720,46,10,60,90.11,9.47,100,1,1
5200,8510,30,1,4,1,0,6,115762,30,8,63,84.19,9.08,90.44,1,1
5201,2440,52,0,1,3,2,27,137555,46,7,55,84.33,10,100,1,1
5202,4970,22,1,0,0,0,1,42853,31,6,7,97.69,6.66,64.28,0,0
5203,4515,55,0,2,2,1,29,111231,53,2,17,72.21,9.14,73.22,2,1
5204,3590,50,0,1,0,1,29,144475,44,1,74,82.54,10,96.83,1,1
5205,5230,51,0,0,3,1,24,98402,31,19,77,73.91,10,100,1,1
5206,2232,35,1,0,3,0,12,30696,60,1,28,88.14,5.54,54.68,3,0
5207,6147,50,0,6,3,0,24,122885,49,18,1,77.29,10,100,1,1
5208,8674,25,0,0,3,0,4,131234,58,16,60,97.2,10,100,1,1
5209,5933,32,1,1,2,2,9,59366,30,9,9,80.3,5.67,56.17,0,0
5210,3987,29,1,6,2,0,8,59009,32,7,5,83.98,5.67,58.46,0,0
5211,7679,34,1,6,1,2,11,111419,50,9,79,93.83,8.67,100,1,1
5212,9156,55,1,6,0,0,33,119866,43,8,40,89.58,8.61,100,1,1
5213,2810,31,0,6,5,0,7,85854,49,9,32,86.46,8.66,83,2,1
5214,956,29,1,3,2,2,4,85485,50,12,26,94.49,9.2,84.55,2,0
5215,3643,27,0,5,3,0,4,35333,32,1,11,77.15,4.89,40,3,0
5216,7544,44,1,0,3,2,21,45071,48,4,3,82.04,4.26,68.08,0,0
5217,2081,29,0,3,3,0,9,73241,55,19,12,74.6,9.52,76.95,2,0
5218,5736,26,0,0,2,1,2,72505,45,10,12,72.52,7.27,66.4,0,0
5219,4567,58,1,1,3,2,35,161321,32,20,75,88.03,10,100,1,1
5220,2318,27,0,1,5,3,1,108314,32,19,19,84.23,6.74,82.34,2,1
5221,9055,44,0,2,5,2,24,140344,46,17,1,80.38,8.7,100,1,1
5222,3434,30,0,3,2,1,5,106220,32,14,3,87.89,7.42,77.31,2,1
5223,3202,59,1,4,2,2,38,113147,32,14,23,84.66,10,100,1,1
5224,4424,45,1,1,3,0,20,151660,49,19,25,85.11,10,100,1,1
5225,4741,24,1,4,5,0,4,101460,37,2,68,94.81,8.81,84.23,2,1
5226,4319,36,0,4,5,0,12,96278,48,19,68,87.71,10,100,1,1
5227,817,50,1,4,1,0,26,119785,56,9,59,81.99,10,100,1,1
5228,2777,32,0,5,5,2,5,149457,49,19,3,81.26,10,100,1,1
5229,1588,43,0,1,5,2,16,132337,45,16,48,97.04,10,100,1,1
5230,7512,34,1,6,1,0,7,31931,58,2,31,89.18,3.95,43.81,3,0
5231,5251,40,0,4,0,0,16,67606,55,8,15,95.94,7,68.6,0,1
5232,6183,28,0,4,5,0,3,173864,40,23,52,95.97,9.75,100,1,1
5233,3158,51,0,1,1,0,29,113257,59,17,1,91.36,10,100,1,1
5234,4272,51,1,5,1,0,31,137434,37,7,9,83.21,8.71,100,1,1
5235,4172,29,1,2,2,0,9,93939,42,16,22,79.04,10,100,1,1
5236,4276,59,1,4,2,1,33,123036,37,6,16,71.9,9.04,86.83,1,1
5237,8891,51,0,2,4,1,30,146420,57,11,55,94.68,9.27,100,1,1
5238,2911,28,0,3,4,0,8,116563,42,9,8,85.8,7.17,78.5,2,0
5239,6369,31,0,5,5,0,7,62576,31,4,75,75.53,6.85,65.4,0,0
5240,629,23,0,4,2,0,1,99938,32,17,16,86.97,9.5,85.29,1,1
5241,1150,28,0,2,0,0,8,111766,60,7,26,96.38,5.57,74.12,2,1
5242,6514,26,0,2,4,2,1,62386,39,17,24,77.86,8.49,79.93,2,1
5243,3222,28,0,2,0,2,2,179538,55,20,46,94.83,9.7,100,1,1
5244,7829,51,0,6,2,1,24,73333,38,2,38,88.41,6.79,80.43,2,0
5245,7448,39,1,5,0,0,18,97510,59,15,68,87.1,10,100,1,1
5246,1569,52,1,4,1,2,27,179347,46,11,21,75.8,8.86,100,1,1
5247,2268,47,1,0,5,3,21,167582,37,19,27,71.43,10,100,1,1
5248,7144,26,0,0,4,0,1,123401,42,16,75,84.59,9.55,100,1,1
5249,1816,58,0,3,3,0,36,99416,56,4,6,99.45,10,93.74,1,1
5250,1381,41,1,4,3,0,20,110346,30,10,14,81.36,7.55,78.93,2,1
5251,9265,35,1,2,3,2,13,101095,49,13,1,82.25,8.47,89.01,1,1
5252,7778,42,0,3,1,0,20,91578,39,17,8,83.07,9.57,98.85,1,1
5253,1569,26,0,5,5,2,4,123184,32,23,53,70.77,9.1,100,1,1
5254,3880,26,0,0,2,0,3,145472,56,10,61,93.56,9.28,91.79,1,1
5255,605,39,0,3,5,2,18,94196,52,6,49,89.07,7.61,83.69,2,1
5256,972,53,0,6,2,0,29,164134,32,16,79,93.48,10,100,1,1
5257,4394,38,1,6,2,0,18,127069,36,8,71,96.65,9.36,98.82,1,1
5258,5810,39,0,3,5,2,15,70500,36,5,7,93.77,6.55,64.61,0,1
5259,3,58,0,0,2,0,36,100711,37,13,5,86.2,8.79,100,1,1
5260,6500,40,1,2,2,2,16,165990,50,14,11,94.15,10,92.6,1,1
5261,8227,49,1,0,4,0,27,92295,47,2,5,81.38,8.49,83.09,2,0
5262,1667,55,0,4,0,2,31,155383,54,9,28,72.56,8.19,88.76,1,1
5263,6152,37,1,5,4,2,14,126017,55,15,38,74.42,9.47,100,1,1
5264,9262,40,1,1,5,0,15,115222,55,12,78,78.93,9.15,83.73,2,1
5265,2912,39,1,3,3,0,18,109113,59,11,8,81.88,6.47,75.56,2,0
5266,5746,50,0,4,2,0,27,124177,47,2,0,88.52,7.71,92.18,1,1
5267,3165,59,1,3,0,0,36,98755,42,23,35,91.11,9.91,100,1,1
5268,4124,55,1,0,1,0,34,135022,47,23,29,92.83,10,100,1,1
5269,7708,32,1,0,4,0,12,140456,41,10,13,90.05,7.46,88.64,1,1
5270,6738,26,0,3,4,1,6,123835,42,21,42,90.84,10,100,1,1
5271,3540,32,1,0,5,2,10,70334,50,14,23,77.61,6.53,81.16,2,0
5272,1747,42,0,2,1,0,18,123587,37,13,77,98.22,9.06,100,1,1
5273,8285,37,0,0,4,2,10,33533,56,2,60,79.18,6.31,54.76,3,0
5274,2734,48,1,6,5,0,22,156492,58,10,57,98.49,9.24,100,1,1
5275,3616,49,1,6,0,0,25,148303,39,12,27,78.06,10,100,1,1
5276,4358,35,1,0,0,0,8,175519,44,8,76,86.09,10,87.17,1,1
5277,8622,41,1,5,1,0,14,178114,57,9,79,98.48,10,98.51,1,1
5278,5499,38,1,4,2,0,15,93734,40,21,53,76.97,10,100,1,1
5279,9368,44,0,3,4,0,17,65958,31,6,3,86.03,7.27,61.43,0,0
5280,4230,36,1,4,4,2,9,71444,54,4,17,93.09,7.03,58.47,0,0
5281,4167,30,1,6,4,0,10,33687,54,2,49,75.82,4.21,47.6,3,0
5282,2287,45,1,4,5,2,18,149079,33,23,55,85.9,9.74,100,1,1
5283,6254,24,1,5,5,1,2,119335,51,20,72,91.41,9.66,100,1,1
5284,6189,27,1,1,1,3,1,45430,56,3,56,87.44,5.11,47.89,3,0
5285,7958,27,0,1,3,2,3,126271,37,14,52,95.92,10,90.56,1,1
5286,4144,35,0,5,5,2,9,48362,57,2,21,74.11,3.4,48.34,3,0
5287,5769,58,0,2,5,0,32,93146,33,21,70,77.24,10,100,1,1
5288,5051,43,0,6,0,0,20,167190,33,9,18,87.3,8.39,88.3,1,1
5289,4882,28,0,3,1,0,3,139913,47,21,70,87.78,10,100,1,1
5290,3736,54,1,3,4,2,27,119312,46,21,58,85.01,10,100,1,1
5291,4749,23,1,4,2,2,1,74924,48,2,9,92.27,6.22,58.62,0,0
5292,3391,24,1,3,2,3,1,63437,50,13,39,70.37,5.25,71.9,2,1
5293,3263,37,0,1,0,2,14,162849,46,9,53,72.8,9.98,92.34,1,1
5294,5080,55,0,0,3,3,33,100234,42,18,74,89.02,9.19,100,1,1
5295,8291,55,1,1,4,0,29,145009,34,17,34,70.74,10,100,1,1
5296,9101,55,0,6,3,0,28,143305,60,6,18,80.26,8.08,86.95,1,1
5297,4940,30,1,4,3,2,5,116504,59,7,50,99.69,7.65,72.52,2,1
5298,8413,26,0,4,4,0,1,48311,33,3,43,95.13,5.79,47.27,3,0
5299,9374,55,1,1,2,0,29,150739,48,18,72,91.01,10,100,1,1
5300,8472,53,1,5,2,3,30,154995,44,1,68,78.87,9.04,93.51,1,1
5301,3337,33,1,1,0,0,11,115308,39,10,16,86.76,6.01,75.45,2,1
5302,1738,37,1,5,2,0,16,94284,49,11,74,96.99,9.9,100,1,1
5303,6270,35,0,3,1,2,11,153940,57,11,29,95.55,9.29,85.37,1,1
5304,9316,54,1,2,1,2,30,130086,55,13,41,86.85,9.85,100,1,1
5305,5690,46,1,2,4,1,26,164204,40,6,78,71.29,8.25,100,1,1
5306,6334,29,1,0,0,1,2,105732,42,20,17,81.55,9.06,90.93,1,1
5307,6015,41,0,2,5,0,17,178347,56,23,65,98.71,10,100,1,1
5308,1917,29,1,6,3,0,9,116741,53,11,58,92.65,9.48,94.76,1,1
5309,3927,49,1,3,4,1,24,96961,30,24,74,71.93,10,100,1,1
5310,3189,50,1,2,3,2,29,135021,45,7,20,90.4,8.92,100,1,1
5311,1280,43,0,3,4,0,22,139848,56,13,43,78.97,9.88,100,1,1
5312,4690,27,1,4,4,0,1,118296,31,13,18,87.35,6.93,77.99,2,0
5313,794,30,0,3,2,2,6,107204,37,22,65,97.44,10,100,1,1
5314,5405,25,1,0,5,2,1,155886,41,19,48,82.66,9.64,96.07,1,1
5315,1347,28,0,0,3,2,3,75924,55,9,21,94.37,7.08,75.04,2,0
5316,5863,53,0,3,4,3,33,117365,46,21,47,88.4,10,100,1,1
5317,4504,29,1,6,3,0,2,47785,60,3,30,94.32,2.74,47.4,3,0
5318,6520,56,0,6,1,0,30,134235,45,24,79,99.08,9.28,100,1,1
5319,6296,44,1,1,2,0,17,90180,60,4,11,99.46,8.38,76.89,2,1
5320,2720,35,1,2,3,2,11,155566,48,20,59,79.77,9.08,100,1,1
5321,2072,25,0,1,0,0,3,83410,60,14,32,89.35,8.13,80.35,2,0
5322,1273,51,1,0,1,2,25,111668,42,8,17,94.44,9.41,100,1,1
5323,7889,29,1,5,3,2,8,73376,41,4,75,70.45,9.39,81.25,2,1
5324,2337,29,0,4,3,3,4,82269,36,4,53,92.77,6.36,70.3,2,0
5325,3943,29,1,1,4,0,6,107483,36,23,7,84.79,10,100,1,1
5326,3120,57,1,1,1,1,32,147642,47,12,19,74.3,9.54,100,1,1
5327,5132,32,1,0,4,2,7,123106,44,6,72,75.55,7.06,85.36,1,1
5328,8429,58,1,3,4,0,31,162628,47,10,68,98.53,10,100,1,1
5329,1048,31,0,2,4,0,11,169846,46,18,45,93.25,9.43,100,1,1
5330,2794,47,1,2,3,2,23,47579,49,3,14,71.17,7.43,65.2,0,0
5331,7032,41,0,3,2,0,19,104428,57,10,35,91.3,10,82.63,2,0
5332,2014,25,0,2,1,2,4,55251,54,1,60,96.1,6.11,63.71,0,0
5333,5402,59,0,4,5,0,32,102301,53,22,7,80.46,9.76,100,1,1
5334,9338,51,0,0,3,3,29,105103,39,15,27,85.1,10,100,1,1
5335,4415,35,1,6,0,2,10,73330,51,4,34,93.02,4.37,73.86,2,0
5336,4937,52,0,5,1,2,28,157778,32,12,30,98.2,9.47,100,1,1
5337,7880,28,0,6,4,2,4,165244,35,18,70,84.02,9.46,96.21,1,1
5338,7126,24,0,1,3,2,1,108026,40,17,36,88.66,9.44,95.73,1,1
5339,7068,33,1,3,5,1,11,114404,46,2,69,90.9,7.25,85.87,1,1
5340,4832,42,0,6,4,0,19,171694,36,13,13,84.46,9.06,100,1,1
5341,4742,55,0,6,0,0,34,112564,50,20,75,79.25,10,100,1,1
5342,5824,37,1,0,0,0,10,92639,41,15,50,77.02,10,99.23,1,1
5343,479,57,0,2,4,0,34,108026,57,10,61,95.01,10,100,1,1
5344,8811,26,1,4,3,1,2,61514,31,5,54,94.09,7.75,76.86,2,1
5345,2270,41,0,0,0,2,20,71798,50,8,24,79.67,7.12,82.88,2,1
5346,4017,34,1,4,4,0,7,155476,44,11,34,84.33,8.39,100,1,1
5347,9294,54,1,2,1,0,27,107485,56,24,24,70.94,10,100,1,1
5348,241,38,0,3,0,2,18,167167,48,22,27,77.08,10,100,1,1
5349,6495,37,1,3,5,0,14,170764,38,15,14,90.77,9.35,100,1,1
5350,8783,59,1,0,1,3,33,164600,48,14,25,85.94,10,100,1,1
5351,3240,41,1,4,3,2,20,121863,44,22,39,73.45,9.28,100,1,1
5352,7270,29,1,1,2,2,3,121897,45,23,10,74.27,10,96.68,1,1
5353,3234,49,0,3,3,2,22,110212,51,11,69,99.81,9.37,100,1,1
5354,5438,43,1,4,3,2,18,89108,59,6,53,98.72,7.19,82.47,2,0
5355,3472,27,0,2,2,2,3,117963,57,13,57,73.73,7.08,72.65,2,1
5356,486,37,0,6,5,3,13,176934,47,18,56,86.66,10,100,1,1
5357,1454,29,1,6,0,0,5,95379,32,10,48,90.45,7.39,76.2,2,1
5358,7319,59,0,0,0,0,33,111535,38,2,40,79.2,9.63,95,1,1
5359,4279,55,0,3,0,0,28,137972,40,10,64,78.58,10,100,1,1
5360,9202,22,0,6,2,1,1,40822,41,2,58,96.41,6.88,69.75,0,0
5361,7692,37,1,6,3,2,11,72342,57,14,9,76.73,9.26,81.71,2,1
5362,273,42,0,6,0,1,16,95507,34,3,47,94.96,6.28,76.01,2,1
5363,8407,43,0,6,4,2,16,124531,41,22,12,92.22,8.06,100,1,1
5364,4791,30,0,2,5,0,3,41976,37,3,28,70.1,3,52.32,3,0
5365,8083,29,1,5,1,0,5,53414,34,6,8,98.73,5.98,62.56,0,1
5366,2636,40,1,6,5,2,18,99736,60,14,78,71.64,8.82,100,1,1
5367,5108,23,1,1,1,2,1,87922,59,22,27,71.39,7.71,84.87,2,1
5368,3839,40,0,0,5,0,13,100599,35,4,75,79.77,7.71,77.96,2,1
5369,1691,24,0,5,4,2,1,78980,42,4,69,96.79,8.05,78.57,2,1
5370,8995,29,0,1,2,2,4,113636,33,15,4,74.9,7.79,79.38,2,1
5371,3983,22,1,5,5,0,1,96807,31,12,55,88.73,7.42,84.09,2,1
5372,5374,28,0,0,5,3,6,46378,59,5,17,74.84,4.3,42.98,3,0
5373,8932,47,0,1,5,2,20,100133,48,9,45,76.89,10,100,1,1
5374,4411,26,1,6,0,3,6,30498,44,2,52,73.13,2.42,44.72,3,0
5375,2550,46,1,6,4,0,20,94681,36,14,62,96.03,10,100,1,1
5376,3477,29,0,4,5,0,5,52030,31,7,48,80.94,7.74,58.09,0,0
5377,3423,47,1,3,4,1,26,108273,44,22,49,98.12,10,100,1,1
5378,7374,37,0,5,1,0,13,155921,41,17,72,82.67,9.41,100,1,1
5379,7493,35,0,2,1,2,11,49309,56,1,52,90.34,5.7,52.97,3,0
5380,7855,40,0,0,4,0,18,143044,55,16,28,99.11,10,100,1,1
5381,8496,25,0,0,4,2,1,39554,45,1,1,85.87,3.57,40,3,0
5382,2251,57,0,2,5,2,30,112021,37,5,16,94.98,10,89.53,1,1
5383,7783,49,1,0,0,0,28,97529,58,13,37,84.52,10,100,1,1
5384,5287,50,1,3,5,0,27,95801,46,4,18,99,9.78,92.58,1,1
5385,581,35,1,6,4,1,12,47103,30,6,4,79.95,5.39,58.25,0,1
5386,7168,35,1,3,1,0,10,78746,42,6,19,70.55,8.03,69.8,0,0
5387,6621,25,1,0,0,0,1,105713,39,19,2,95.54,7.48,85.47,1,1
5388,2216,44,1,5,0,1,19,159111,47,14,47,71.12,9.54,100,1,1
5389,7268,28,1,2,2,0,7,141058,48,14,57,90.94,10,100,1,1
5390,7501,58,0,1,5,0,32,133903,31,3,30,89.43,7.81,91.35,1,1
5391,8255,57,1,3,2,0,35,103689,53,7,9,78.15,9.12,87.42,1,1
5392,2361,24,1,5,3,2,1,153992,39,21,46,83.4,9.94,100,1,1
5393,7408,36,0,4,0,0,11,97410,41,20,13,89.21,9.42,100,1,1
5394,2900,38,1,1,1,0,12,130003,43,9,60,74.4,9.33,90.94,1,1
5395,2852,24,1,6,1,2,1,156924,48,11,73,70.29,7.9,87.35,1,1
5396,5215,52,0,5,5,2,27,171917,48,7,43,98.94,8.8,100,1,1
5397,7146,34,0,4,0,0,12,101428,50,20,34,76.97,10,100,1,1
5398,2296,57,1,0,0,0,32,117705,55,6,43,84.78,10,100,1,1
5399,8080,37,0,6,2,0,16,123479,56,21,43,87.6,7.7,100,1,1
5400,7812,35,0,4,2,0,14,128422,39,13,10,98.08,9.65,88.65,1,1
5401,6416,27,0,6,5,3,2,142235,39,21,72,92.6,10,100,1,1
5402,8847,28,1,4,2,1,6,63264,48,8,35,96.47,9.81,78.29,2,1
5403,3124,35,0,0,0,0,8,150295,32,19,76,84.22,9.42,100,1,1
5404,3481,50,1,4,5,1,26,122638,37,8,22,94.06,10,95,1,1
5405,4746,41,0,4,4,2,14,53831,38,1,5,73.43,6.91,59.66,0,0
5406,5171,46,1,5,3,1,20,141089,48,20,67,77.31,10,100,1,1
5407,6411,31,0,6,3,0,5,113303,59,24,51,93.2,8.85,100,1,1
5408,4525,46,0,1,3,2,24,128528,50,22,64,87.83,10,100,1,1
5409,1224,51,1,0,4,0,27,120155,46,13,20,93.77,8.52,100,1,1
5410,7589,52,1,1,4,1,31,136753,50,23,61,85.7,10,100,1,1
5411,2983,51,1,4,3,3,29,146649,52,18,10,73.35,10,100,1,1
5412,7224,37,1,0,4,2,10,90324,34,3,79,89.96,6.13,73.67,2,1
5413,3473,37,1,4,1,0,11,151807,40,20,30,79.66,10,100,1,1
5414,1157,38,1,3,1,1,18,113374,54,13,13,79.95,7.56,89.66,1,1
5415,6239,38,1,1,1,1,18,43317,58,2,10,86.7,4.27,50.89,3,0
5416,3993,44,0,6,3,0,23,95296,58,2,36,99.88,8.42,81.03,2,1
5417,7297,33,1,0,3,0,6,153800,40,23,70,92.9,9.48,100,1,1
5418,7920,34,0,2,5,0,14,51290,40,1,6,81.78,4.94,57.38,0,0
5419,4734,53,1,1,2,3,28,99111,52,13,29,84.03,9,100,1,1
5420,5000,59,1,1,4,0,39,144088,38,12,7,76.11,10,100,1,1
5421,8874,26,1,3,1,2,6,43038,33,5,21,80.76,5.6,50.74,3,0
5422,3623,57,1,1,2,0,35,158964,56,21,47,91.86,8.11,100,1,1
5423,3430,54,1,5,3,3,27,109469,47,19,56,74.61,10,100,1,1
5424,7488,41,1,3,5,0,16,126726,60,16,54,78.53,10,99.13,1,1
5425,33,36,0,4,5,2,14,118728,49,19,46,87.23,9.24,100,1,1
5426,4150,50,1,6,4,1,27,154820,47,11,73,78.28,10,100,1,1
5427,4105,22,0,6,2,2,1,42960,35,6,56,81,5.05,67.86,0,0
5428,5527,23,1,5,5,0,1,36065,44,7,12,74.09,5.43,46,3,0
5429,1885,35,0,0,4,3,13,140468,53,14,63,94.51,10,100,1,1
5430,8931,46,1,2,1,2,22,119779,34,8,52,89.5,9.88,85.68,1,1
5431,808,28,0,5,0,2,1,108020,47,16,72,89.2,9.65,100,1,1
5432,9126,47,1,2,4,3,23,105029,38,9,78,78.76,10,100,1,1
5433,9158,55,1,5,0,2,33,178191,33,17,62,70.58,10,100,1,1
5434,8594,53,1,5,1,0,33,109657,56,23,29,79.87,9.93,100,1,1
5435,3999,47,1,1,2,0,21,75707,41,1,41,96.08,7.97,82.99,2,1
5436,2257,59,1,0,3,1,38,135750,57,2,69,70.2,9.9,91.46,1,1
5437,6494,58,1,1,5,1,35,119284,36,1,13,89.7,8.05,88.64,1,1
5438,4140,46,1,2,1,2,23,178054,60,21,49,95.28,9.01,100,1,1
5439,3516,59,0,4,2,0,39,104528,36,18,49,73.81,10,100,1,1
5440,1162,39,1,6,0,2,14,131022,56,22,21,76.55,8.97,94.27,1,1
5441,8625,36,1,2,1,0,15,79624,53,6,5,77.86,5.45,69.47,0,0
5442,1718,45,0,2,1,0,24,100309,54,9,32,71.91,8.84,86.98,1,1
5443,5858,57,1,5,0,0,33,134347,47,15,28,97.52,10,100,1,1
5444,8279,49,1,6,4,1,24,74263,56,4,39,72.48,6.04,79.72,2,1
5445,5981,53,1,6,2,2,26,157367,35,9,40,81.44,9.38,96.68,1,1
5446,3856,28,1,2,4,0,6,106455,46,15,6,90.24,8.36,94.41,1,1
5447,8212,43,0,4,3,2,18,134279,56,20,10,82.74,9.76,100,1,1
5448,6195,33,0,6,2,1,7,123934,39,8,58,97.29,8.64,88.25,1,1
5449,5276,34,1,5,5,0,14,135166,39,12,66,79.31,10,100,1,1
5450,1000,58,0,0,1,0,34,104658,44,9,69,83.35,9.54,100,1,1
5451,291,39,0,3,1,1,17,90805,59,23,67,70.19,10,100,1,1
5452,1143,57,0,1,3,0,36,93298,47,24,39,90.99,8.85,100,1,1
5453,661,45,1,1,1,0,22,73495,39,6,2,84.16,6.38,70.86,2,0
5454,5059,53,1,5,1,2,26,149353,44,10,23,71.69,9.71,98.76,1,1
5455,8189,46,0,0,1,2,19,157759,39,2,70,70.66,8.79,85.85,1,1
5456,4160,24,1,6,3,0,1,43777,36,11,45,71.01,6.3,63.24,0,0
5457,1308,55,0,1,2,0,31,177796,44,21,23,87.93,10,100,1,1
5458,7757,58,1,6,2,1,38,144528,49,6,42,72.94,10,100,1,1
5459,6998,35,0,2,1,2,9,138053,45,10,72,90.33,10,100,1,1
5460,4557,42,1,0,5,2,21,75024,48,11,3,83.82,8.26,80.9,2,1
5461,1073,58,0,1,5,0,37,131051,60,12,30,75.39,10,100,1,1
5462,2560,46,1,2,1,2,20,84610,47,11,6,81.4,9.07,79.84,2,0
5463,5946,23,0,3,4,0,1,69580,50,13,8,98.96,7.69,83.32,2,1
5464,5586,37,1,0,0,1,14,115699,47,19,23,78.96,10,100,1,1
5465,8965,23,1,6,3,2,1,30297,49,5,12,80.85,4.29,45.71,3,0
5466,5102,24,0,2,2,2,1,106466,35,11,69,98.95,10,90.86,1,1
5467,7837,56,0,4,0,1,35,160956,41,8,37,73.15,9.01,100,1,1
5468,8761,34,0,1,0,2,7,177397,39,19,23,82.3,9.57,96.44,1,1
5469,4664,49,1,5,3,3,22,119094,50,14,46,76.32,9.62,100,1,1
5470,6616,52,0,4,5,0,27,167564,34,18,28,91.22,9.92,100,1,1
5471,6417,45,0,5,0,0,24,48410,33,1,9,95.86,5.76,61.84,0,0
5472,3079,24,1,3,2,2,1,102095,41,12,48,99.95,8.8,81.71,2,1
5473,2572,28,1,6,0,2,1,172409,45,22,66,98.15,10,100,1,1
5474,3911,53,0,3,2,0,26,114613,56,20,18,80.69,10,100,1,1
5475,7108,41,1,1,2,0,17,42283,58,3,2,82.5,4.8,51.49,3,0
5476,5478,50,0,3,4,2,29,141176,51,15,4,76.9,9.75,100,1,1
5477,7752,52,0,4,0,2,28,121452,44,17,68,91.68,9.89,100,1,1
5478,9359,53,0,4,4,0,31,123082,48,4,25,86.41,8.81,100,1,1
5479,1595,34,1,5,5,0,14,152143,39,23,14,73.16,10,100,1,1
5480,7252,34,1,3,4,0,7,31241,31,1,3,72.18,4.96,43.12,3,0
5481,7091,48,1,0,0,0,22,163841,40,23,21,87.67,10,100,1,1
5482,1592,55,0,6,5,2,32,153953,58,20,45,81.41,9.57,100,1,1
5483,5762,42,0,3,5,1,19,125661,52,16,20,84.75,9.36,100,1,1
5484,7738,41,1,4,4,2,14,122911,34,11,75,93.73,10,98.41,1,1
5485,4755,32,0,1,3,0,5,34873,60,6,16,73.31,4.41,41.1,3,0
5486,643,26,1,4,2,1,6,109743,52,16,77,91.9,10,98.16,1,1
5487,2811,43,0,1,2,3,18,92431,58,4,60,72.09,6.76,81.24,2,1
5488,8550,25,0,3,0,0,4,150428,37,15,67,83.59,10,100,1,1
5489,9016,42,0,1,5,1,16,144266,48,20,71,70.39,9.88,100,1,1
5490,8267,33,1,6,5,2,10,127986,32,15,78,76.41,10,97.38,1,1
5491,7751,29,1,5,2,0,3,59475,38,2,71,74.78,5.32,60.78,0,0
5492,5860,47,1,0,0,0,21,172220,53,19,55,82.99,10,100,1,1
5493,6299,27,1,1,1,0,3,174159,57,21,50,90.13,10,100,1,1
5494,8126,58,0,6,4,0,35,101782,43,24,51,91.8,9.52,100,1,1
5495,1461,39,1,3,0,0,19,62156,30,4,14,88.9,6.56,59.2,0,0
5496,8885,31,1,1,2,3,5,104242,49,17,55,88.72,9.87,100,1,1
5497,8445,25,0,1,1,2,1,92170,38,20,55,70.36,10,100,1,1
5498,416,43,1,1,3,0,22,131046,41,9,31,83.51,9.75,100,1,1
5499,6973,22,0,5,0,0,1,72319,48,13,37,96.38,7.84,78.4,2,0
5500,5169,30,1,5,5,3,7,99805,44,12,59,80.06,8.2,87.33,1,1
5501,2113,28,1,3,0,0,6,66478,56,1,49,92.19,6.57,66.98,0,0
5502,656,24,1,4,1,0,4,39174,34,7,32,72.43,5.94,54.21,3,0
5503,112,48,1,2,4,1,22,102252,31,1,31,77.6,8.12,72.34,2,0
5504,6785,45,1,5,5,2,22,113873,57,3,42,73.41,9.62,79.91,2,1
5505,5117,47,1,1,3,0,23,143147,53,9,58,86.43,10,100,1,1
5506,1290,30,1,2,1,2,8,99075,31,18,39,95.55,10,100,1,1
5507,443,42,1,6,5,2,19,151245,50,23,12,88.2,9.11,100,1,1
5508,2175,55,0,6,3,2,34,161271,52,22,62,74.1,10,100,1,1
5509,7273,44,0,3,3,0,17,171386,49,12,36,70.08,9.05,93.76,1,1
5510,7309,54,1,1,2,0,29,142231,37,21,59,71.65,8.37,100,1,1
5511,8332,41,0,4,2,0,21,70867,44,4,1,78.24,6.73,60.25,0,0
5512,1267,25,1,2,1,0,2,103163,50,21,51,91.51,8.89,100,1,1
5513,5850,37,0,4,0,0,15,127528,58,13,72,92.48,9.65,100,1,1
5514,4487,45,1,6,2,0,23,166168,56,21,57,72.23,10,100,1,1
5515,6879,41,1,4,3,2,21,72201,54,3,39,89.49,7.18,82.81,2,1
5516,8365,29,1,6,2,0,2,108388,41,3,42,93.65,4.53,70.93,2,0
5517,9267,33,1,0,3,2,11,81583,53,9,28,93.32,7.76,81.07,2,0
5518,3906,51,1,0,1,2,30,115171,31,21,16,96.14,9.68,100,1,1
5519,8632,42,1,4,3,1,15,74094,36,10,28,78.15,7.44,74.32,2,1
5520,2864,53,1,0,0,0,26,104720,51,8,7,87.79,10,96.15,1,1
5521,4607,48,1,4,2,0,27,145264,40,12,64,75.16,10,100,1,1
5522,697,54,1,5,5,0,33,90205,46,9,64,80.3,10,100,1,1
5523,3757,42,0,3,1,3,20,116150,41,1,15,77.87,7.25,70.04,2,1
5524,1877,26,1,1,3,1,2,172377,30,23,59,86.65,10,100,1,1
5525,5888,41,1,3,0,0,14,67866,57,8,12,97.23,8.28,71.39,2,1
5526,2517,37,0,4,1,0,14,91529,36,24,4,91.97,10,100,1,1
5527,8798,55,1,0,0,0,33,144619,38,21,79,91.47,9.23,100,1,1
5528,9322,32,1,1,0,2,5,65633,45,13,32,89.77,9.36,84.68,2,0
5529,7559,32,0,0,0,0,9,77288,54,1,8,96.9,7.41,74.63,2,0
5530,2598,34,1,0,4,3,7,133514,30,23,26,85.11,10,100,1,1
5531,6963,31,1,0,5,2,9,97089,40,8,26,98.36,7.26,77.15,2,0
5532,5504,30,0,5,2,2,6,89058,37,6,70,95.29,9.57,79.67,2,1
5533,7639,25,1,5,4,2,2,33575,49,2,20,75.3,5.17,47.11,3,0
5534,2406,50,1,6,0,0,29,134567,51,12,1,79.93,9.36,95.78,1,1
5535,213,47,0,6,0,0,25,161224,34,18,75,89.97,10,100,1,1
5536,5518,47,1,4,4,0,23,145945,59,19,50,94.8,9.91,100,1,1
5537,994,44,1,4,1,0,23,118420,42,15,16,73.49,10,100,1,1
5538,442,42,0,4,2,2,21,175429,53,10,18,71.29,10,88.66,1,1
5539,2278,23,1,2,0,2,3,111172,39,4,68,97.69,8.09,80.18,2,0
5540,2899,44,0,1,3,2,23,111344,40,11,61,94.64,10,100,1,1
5541,7995,34,1,1,1,2,8,139988,59,23,45,81.76,10,100,1,1
5542,9144,40,0,4,1,0,20,122900,37,20,23,83.81,9.42,100,1,1
5543,3214,57,1,4,4,0,35,132673,49,21,23,94.13,10,100,1,1
5544,4277,31,0,0,2,2,5,37934,34,3,44,90.59,4.44,40,3,0
5545,3279,57,1,1,5,2,37,154915,44,10,43,95.82,7.33,100,1,1
5546,2757,36,1,6,1,2,16,95242,47,8,70,78.65,10,93.08,1,1
5547,4847,49,1,6,4,0,29,102985,58,4,9,95.57,9.01,86.59,1,1
5548,8495,38,1,0,1,0,13,117532,41,20,27,79.71,9.89,100,1,1
5549,8619,50,1,4,2,0,25,101243,57,15,23,89.39,8.7,100,1,1
5550,3565,22,1,3,4,0,1,42061,48,4,68,81.57,7.35,56.7,0,1
5551,1246,54,0,6,4,0,30,102374,56,24,12,93.02,10,100,1,1
5552,138,52,0,2,3,1,31,164550,53,23,48,87.71,8.17,100,1,1
5553,4380,32,0,5,5,0,7,151812,38,16,25,97.19,10,100,1,1
5554,6506,53,0,0,2,1,32,112867,31,12,37,81.3,9.97,100,1,1
5555,8003,38,0,3,5,0,15,124263,55,8,49,92.23,10,92.65,1,1
5556,1721,24,1,1,3,2,3,178983,34,22,33,90.12,10,100,1,1
5557,3832,59,0,2,4,0,38,132694,45,11,75,75.5,10,100,1,1
5558,6088,39,0,6,3,0,18,72810,58,2,45,70.59,6.99,74.74,2,0
5559,422,43,0,6,4,0,21,166039,52,8,52,94.28,9.84,100,1,1
5560,6891,52,0,5,1,2,32,167828,55,10,49,70.29,9.58,98.75,1,1
5561,5135,22,1,6,0,0,1,98717,48,9,25,74.83,8.39,71.69,2,1
5562,2521,42,1,2,4,0,20,171930,42,16,1,98.97,10,100,1,1
5563,190,35,1,5,2,2,12,126189,57,7,58,84.51,9.25,90.57,1,1
5564,590,46,0,1,2,1,23,119251,47,9,53,72.52,9.03,100,1,1
5565,295,53,0,5,4,2,26,154119,30,10,11,86.89,8.74,89.82,1,1
5566,2698,49,0,3,1,0,29,115252,36,12,18,83.4,9.2,100,1,1
5567,4135,34,1,1,0,0,9,72852,48,2,29,93.41,5.4,64.57,0,1
5568,3865,59,1,3,4,2,37,176234,57,13,55,78.19,9.83,100,1,1
5569,5437,33,1,6,2,1,8,118316,56,22,67,86.5,10,100,1,1
5570,4933,24,1,4,1,0,2,57418,56,1,78,78.61,5.55,66.51,0,0
5571,4972,47,0,4,2,1,20,179742,56,6,53,84.07,9.52,87.1,1,1
5572,8501,46,0,6,4,1,20,177418,45,20,18,94.16,10,100,1,1
5573,311,55,1,1,0,0,31,142883,47,12,41,86.05,9.93,100,1,1
5574,2132,36,0,0,5,2,14,144956,51,15,72,84.84,8.53,100,1,1
5575,7961,31,1,3,0,2,7,101042,47,22,0,70.82,7.02,84.12,2,0
5576,2989,31,1,6,1,0,8,116187,57,12,61,81.7,10,100,1,1
5577,7207,59,1,0,2,3,36,159669,34,24,27,98.98,9.8,100,1,1
5578,3785,42,0,3,2,0,16,91868,59,4,69,80.55,8.13,80.77,2,1
5579,1605,44,1,0,0,2,23,174030,45,4,75,72.52,10,95.89,1,1
5580,2806,35,1,3,3,2,11,135806,41,14,9,77.41,7.19,87.65,1,1
5581,8900,26,1,2,3,0,4,118884,60,20,28,93.72,8.92,96.53,1,1
5582,7169,38,0,1,3,3,14,98054,41,1,35,91.52,8.27,80.98,2,1
5583,3254,33,0,2,2,0,9,146664,40,13,72,92.04,9.36,100,1,1
5584,7592,26,0,4,3,2,1,79192,46,6,77,99.44,7.76,76.35,2,1
5585,3489,48,1,3,0,0,28,152572,57,21,73,86.32,10,100,1,1
5586,1577,39,0,3,4,0,16,125172,47,10,19,93.03,7.94,89.74,1,1
5587,6591,43,0,5,0,0,20,145830,51,9,76,88.65,9.99,100,1,1
5588,5220,39,0,4,4,2,14,122990,40,6,71,96.61,7.04,87.18,1,1
5589,6460,27,0,6,5,2,4,51319,56,2,53,81.17,5.76,61.73,0,0
5590,5567,37,0,2,4,0,14,65760,59,11,42,72.22,5.58,68.87,0,0
5591,6865,57,1,2,4,0,37,95755,31,4,53,97.8,9.32,100,1,1
5592,7318,51,0,6,2,1,25,177139,37,11,20,81.92,10,92.1,1,1
5593,2304,44,0,6,0,0,17,120292,34,14,24,86.28,10,94.36,1,1
5594,7801,41,1,2,2,2,17,119175,57,23,42,77.82,9.96,100,1,1
5595,8649,40,1,0,1,2,16,163787,43,3,64,94.35,9.1,94.7,1,1
5596,7635,52,0,2,4,2,27,95256,45,16,26,74.34,9.7,98.09,1,1
5597,6116,46,0,1,4,2,19,161589,39,17,43,73.64,10,100,1,1
5598,896,22,0,1,1,0,2,43058,43,1,1,92.35,4.02,51.11,3,0
5599,7766,57,1,6,1,0,32,162021,37,6,79,76.5,10,100,1,1
5600,5657,52,1,2,4,0,29,109809,37,13,0,98.48,8.18,89.5,1,1
5601,2153,58,1,2,4,0,36,166357,54,17,39,90.93,10,100,1,1
5602,8191,52,0,3,5,0,29,151686,35,11,72,96.3,8.77,100,1,1
5603,9328,55,1,3,5,2,28,143957,33,13,43,82.52,10,100,1,1
5604,7308,42,0,6,2,0,19,147348,39,6,39,88.36,8.59,88.72,1,1
5605,6155,30,1,4,3,0,5,104190,56,24,68,70.07,9.35,100,1,1
5606,5044,46,1,6,3,0,19,60719,41,1,30,81.62,7.81,81.85,2,1
5607,5087,35,0,5,5,2,12,99824,41,9,12,87.26,8.71,85.75,1,1
5608,8544,28,0,1,4,0,4,34403,34,9,16,72.17,5.84,53.19,3,0
5609,8850,54,0,3,1,0,30,167267,40,23,70,86.69,10,100,1,1
5610,3980,35,1,3,2,0,10,112208,47,7,32,85.32,7.16,72.78,2,0
5611,3387,36,0,5,3,2,9,113742,33,15,60,85.12,10,100,1,1
5612,2154,49,0,3,1,0,24,144398,34,15,62,85.49,9.4,100,1,1
5613,4416,45,0,0,3,0,22,122628,30,21,56,92.79,9.65,100,1,1
5614,3307,48,0,5,4,0,27,177846,58,23,4,97.03,9.56,100,1,1
5615,6468,29,1,3,1,0,7,151725,40,22,40,90.7,10,100,1,1
5616,2133,44,0,2,1,0,19,92478,58,21,70,88.95,9.6,100,1,1
5617,4014,57,1,3,1,1,37,120470,30,10,35,84.83,10,100,1,1
5618,2769,52,1,1,1,2,27,152449,51,13,74,90.06,9.68,100,1,1
5619,5853,34,1,6,4,0,8,48850,34,5,1,87.01,2.97,40,3,0
5620,5292,53,1,5,2,1,33,124185,56,6,51,96.66,7.44,100,1,1
5621,7999,58,1,5,1,0,34,99421,52,20,60,75.94,10,100,1,1
5622,9328,44,0,3,2,0,24,77031,57,8,0,70.19,7.76,84.32,2,1
5623,1485,59,1,4,3,2,37,103862,57,12,43,86.96,10,100,1,1
5624,5498,31,0,5,3,2,5,149126,40,21,14,84.83,9.82,92.34,1,1
5625,1761,51,0,4,0,1,28,68071,43,4,12,86.9,7.94,74.99,2,0
5626,191,27,0,2,4,0,6,141606,38,15,22,75.27,8.5,85.41,1,1
5627,2860,41,1,2,2,1,18,93983,42,9,22,87.02,9.18,84.27,2,1
5628,2971,44,0,5,4,2,18,175678,34,17,56,79.62,9.64,100,1,1
5629,1701,32,0,0,4,2,5,124380,37,20,1,94.12,9.92,100,1,1
5630,247,29,0,1,3,2,4,71478,30,12,75,73.82,6.96,73.05,2,0
5631,4435,32,1,2,1,0,12,72635,35,6,57,76.43,9.7,81.94,2,1
5632,5336,35,1,3,1,0,10,159032,42,23,18,92.42,10,100,1,1
5633,3986,48,1,2,2,2,22,165777,40,19,29,85.23,9.25,100,1,1
5634,3585,45,0,4,4,0,18,122040,44,19,18,92.78,10,100,1,1
5635,8323,50,0,5,0,0,24,134884,45,10,55,78.39,10,100,1,1
5636,3095,42,1,0,2,0,22,116167,60,10,2,80.75,8.4,79.08,2,1
5637,6543,45,1,2,2,0,18,61551,34,7,28,83.69,8.42,77.19,2,0
5638,6343,42,1,6,5,3,20,66484,49,6,59,80.35,8.8,83.31,2,0
5639,4655,39,0,5,2,0,18,78661,52,5,14,75.23,5.73,61.15,0,0
5640,4171,36,0,5,1,0,16,115290,59,11,64,85.23,9.98,97.2,1,1
5641,3701,36,0,1,2,1,13,138268,36,11,49,86.01,8.5,86.89,1,1
5642,5901,29,1,0,1,0,2,174384,56,12,40,84.43,9.07,91.85,1,1
5643,6070,36,1,2,1,0,10,91909,42,8,36,84.96,8.6,79.75,2,0
5644,1522,56,1,5,2,2,36,110567,45,16,17,81.35,9.74,100,1,1
5645,4303,54,0,4,1,0,30,124781,32,6,60,93.15,10,100,1,1
5646,7536,44,1,4,1,1,21,106825,57,11,9,80.75,8,87.13,1,1
5647,4056,36,1,4,4,0,15,115030,42,1,55,89.11,6.88,72.5,2,0
5648,1729,53,1,2,2,0,33,103023,37,16,9,97.46,10,100,1,1
5649,5133,29,1,3,4,0,4,91437,31,20,76,84.56,8.68,100,1,1
5650,7230,46,1,1,4,0,21,114434,51,22,3,73.19,9.94,100,1,1
5651,3648,26,0,6,3,2,1,68564,30,21,33,81.12,7.31,80.9,2,1
5652,3924,52,1,5,1,0,25,120058,55,10,17,88.98,9.39,100,1,1
5653,8656,35,1,3,2,0,10,149510,59,18,13,95.69,9.39,97.93,1,1
5654,2623,32,1,5,3,2,6,104138,45,12,64,86.41,10,96.32,1,1
5655,2117,37,1,4,1,0,11,101953,46,2,71,90.84,9.99,89.53,1,1
5656,6121,41,1,4,1,1,19,119665,56,9,26,84.01,6.29,72.37,2,0
5657,4070,27,1,3,1,2,4,152631,32,17,65,87.03,8.51,85.8,1,1
5658,3679,56,0,2,4,2,34,134003,56,21,3,73.14,10,100,1,1
5659,7033,23,0,6,2,0,3,142120,49,18,31,81.57,8,100,1,1
5660,4376,52,0,5,4,0,27,113846,44,22,17,75.13,10,100,1,1
5661,4037,28,0,3,5,2,7,161313,38,5,56,96.28,6.06,91.22,1,1
5662,2362,47,0,0,3,0,21,125816,33,20,49,86.78,10,100,1,1
5663,159,48,1,2,1,1,24,109549,43,5,68,78.8,8.68,91.48,1,1
5664,3749,57,1,3,0,0,35,137347,43,6,18,83.94,9.99,100,1,1
5665,2535,30,0,1,3,1,9,146612,49,8,67,96.77,9.06,97,1,1
5666,3346,51,1,0,5,0,29,127542,54,21,74,97.11,10,100,1,1
5667,7414,54,0,0,5,0,31,103389,38,7,37,90.33,8.51,100,1,1
5668,4658,27,1,2,1,0,5,111174,55,18,31,78.93,7.14,87.25,1,1
5669,1575,29,0,5,0,2,5,158447,47,16,61,91.24,9.45,100,1,1
5670,4701,27,1,2,1,1,5,169253,44,19,9,75.99,8.76,92.48,1,1
5671,4964,41,0,3,1,1,20,103485,52,16,24,75.37,10,100,1,1
5672,7466,48,1,6,1,0,25,158911,45,20,2,95.22,9.48,100,1,1
5673,781,41,0,6,0,1,18,115650,58,12,67,92.83,10,100,1,1
5674,2805,30,0,0,5,0,6,56526,32,10,46,81.58,6.16,63.57,0,0
5675,4913,56,0,5,3,0,34,121884,53,16,19,84.68,10,100,1,1
5676,1322,45,1,0,5,0,22,100268,57,9,51,79.37,8.16,82.48,2,1
5677,4449,34,0,0,1,0,9,148937,40,17,26,82.23,9.42,94.31,1,1
5678,6191,45,0,5,2,2,20,122292,49,6,70,85.17,9.51,100,1,1
5679,1805,41,0,5,0,1,15,98109,41,5,38,90.18,10,84.25,2,0
5680,4560,55,0,3,4,0,34,134356,37,14,25,78.32,8.49,100,1,1
5681,6292,37,0,4,3,0,15,109534,53,11,29,76.45,8.82,78.29,2,1
5682,8134,33,1,3,1,2,9,111322,56,14,6,79.88,10,79.27,2,1
5683,4197,31,1,0,5,0,10,71709,41,2,45,80.78,5.13,61.22,0,0
5684,4062,34,1,1,4,2,9,103353,39,22,46,86.9,8.01,100,1,1
5685,4422,34,0,6,2,0,8,170229,45,6,27,97.86,9.9,88.23,1,1
5686,8006,55,1,3,4,2,34,99179,56,8,66,70.41,9.2,100,1,1
5687,1549,50,0,4,0,2,29,119150,35,11,9,75.95,9.66,85.61,1,1
5688,5742,23,1,4,4,2,1,72725,56,12,79,87.61,7.52,82.97,2,1
5689,322,52,0,3,1,1,27,65798,56,3,5,76.47,6.29,65.17,0,0
5690,1168,33,0,1,5,2,6,117513,32,9,28,95.46,7.78,82.04,2,0
5691,4298,46,0,3,5,0,23,158226,52,22,73,75.47,10,100,1,1
5692,518,51,1,0,3,1,25,97535,57,6,46,74.94,9.94,85.91,1,1
5693,6272,50,1,4,5,0,24,109935,42,20,25,79.2,9.86,100,1,1
5694,3421,50,1,6,2,2,28,110938,50,3,52,75.9,9.65,100,1,1
5695,7616,23,0,0,0,1,3,174508,50,22,29,81,10,95.83,1,1
5696,8156,50,0,2,2,0,26,119930,41,16,77,97.17,10,100,1,1
5697,5112,34,1,3,0,0,7,146664,30,23,62,89.86,8.73,100,1,1
5698,2215,25,0,6,3,1,4,44649,56,7,20,84.15,5.34,68.49,0,0
5699,8603,47,1,3,0,0,23,69855,34,4,4,75.14,9.3,73.34,2,1
5700,332,54,0,5,0,0,28,142046,45,20,23,75.65,10,100,1,1
5701,181,30,0,2,3,2,7,64513,31,10,36,72.62,6.47,58.11,0,0
5702,1556,37,1,1,1,2,11,45125,41,4,42,75.39,6.52,61.93,0,0
5703,8404,33,1,0,5,2,10,151699,57,18,19,92.98,9.45,97.31,1,1
5704,7907,59,0,2,5,2,38,135371,54,13,13,81.37,10,100,1,1
5705,7962,37,0,6,0,3,15,100674,54,7,3,87.99,8.2,77.82,2,0
5706,4730,52,0,2,3,2,27,93143,43,19,22,96.88,8.99,100,1,1
5707,4886,30,1,1,0,0,8,45424,37,2,62,77.4,6.28,61.36,0,0
5708,6758,28,0,5,4,1,2,91856,50,4,62,99.18,8.8,83.67,2,1
5709,21,46,1,1,2,2,22,173304,37,7,29,76.34,8.86,90.8,1,1
5710,4623,51,1,3,0,0,25,120704,36,17,68,76.15,8.46,100,1,1
5711,330,28,1,3,5,1,1,44957,43,3,28,85.96,5.53,59.44,0,0
5712,3282,25,1,3,1,0,1,62015,30,23,5,90.97,8.32,78.12,2,1
5713,8945,50,1,0,2,2,23,109343,54,23,35,84.01,9.45,100,1,1
5714,7048,51,0,2,2,2,25,166951,45,13,2,74.39,10,99.86,1,1
5715,9113,56,0,4,5,0,33,176872,60,24,35,98.49,10,100,1,1
5716,3098,37,0,5,5,1,13,104796,42,2,42,79.93,6.2,75.85,2,0
5717,5900,44,1,2,0,2,20,121727,46,17,7,95.91,8.72,100,1,1
5718,5115,38,0,5,1,3,18,109546,54,6,5,90.2,6.76,74.55,2,1
5719,4795,22,0,2,0,0,1,85507,57,17,12,84.4,5.71,81.34,2,0
5720,1361,26,1,1,2,2,1,60288,52,13,26,87.4,6.01,63.39,0,0
5721,2914,51,1,4,4,2,24,135704,58,13,57,75.48,10,100,1,1
5722,1785,40,1,0,3,0,13,142679,55,5,71,81.42,9.78,86.62,1,1
5723,3504,43,0,4,5,2,17,117052,58,17,50,84.59,9.6,100,1,1
5724,5408,32,0,5,1,0,5,106758,48,24,1,98.71,9.12,100,1,1
5725,5039,44,1,6,4,0,18,137773,42,18,20,84.33,10,100,1,1
5726,1477,50,1,2,0,0,25,107336,30,22,55,76.94,10,100,1,1
5727,6633,48,1,3,4,2,24,99822,47,24,36,73.93,10,100,1,1
5728,5575,54,1,6,2,0,31,172832,45,1,37,89.95,7.22,87.3,1,1
5729,2519,58,0,3,1,2,32,171815,41,4,30,83.58,8.8,91.26,1,1
5730,5664,46,1,5,1,0,21,157480,55,10,6,97.87,8.99,95.71,1,1
5731,4033,39,0,5,1,2,13,145674,49,18,59,88.51,9.34,100,1,1
5732,7563,34,1,0,0,0,14,158119,50,21,12,75.68,10,97.5,1,1
5733,3725,53,1,4,0,2,28,147110,51,17,75,89.96,10,100,1,1
5734,7060,55,1,3,0,1,32,158056,53,4,43,86.94,9.79,100,1,1
5735,3711,26,1,1,3,2,1,96850,46,11,68,96.77,8.68,95.38,1,1
5736,9313,31,0,2,1,2,4,142572,50,6,71,79,8.14,86.49,1,1
5737,6392,24,1,4,2,1,1,120796,52,23,76,77.75,9.47,100,1,1
5738,118,56,1,2,2,1,32,166110,36,14,23,97.84,9.25,100,1,1
5739,1585,39,0,1,4,0,16,167702,38,12,3,97.27,10,100,1,1
5740,8698,47,1,3,3,0,24,90085,50,5,29,82.53,6.59,75.43,2,1
5741,957,44,0,6,4,0,18,138293,30,14,23,82.91,7.53,94.45,1,1
5742,4270,32,1,5,1,0,8,57595,51,11,48,70.97,6.94,68.86,0,0
5743,6792,51,1,3,4,2,30,98973,36,6,35,80.38,7.89,92.17,1,1
5744,8958,30,0,4,3,0,10,93502,34,14,16,71.34,8.09,83.31,2,0
5745,1894,44,0,6,2,1,20,152340,41,9,70,72.8,10,99.53,1,1
5746,7067,28,0,1,2,0,3,76167,52,3,54,95.57,5.83,56.83,0,1
5747,744,41,1,5,1,0,21,65201,55,6,0,83.87,7.76,80.1,2,1
5748,8485,30,1,1,4,3,8,166098,38,5,63,89.84,8.13,85.4,1,1
5749,9178,44,0,1,4,0,24,129312,49,12,39,99.84,9.8,100,1,1
5750,3410,23,1,2,5,1,2,68339,41,15,31,98.15,8.7,83.84,2,1
5751,6859,52,0,2,5,0,31,101632,41,9,11,95.67,10,100,1,1
5752,2767,37,0,1,4,0,12,140167,56,20,29,81.37,9.99,91.38,1,1
5753,5543,36,1,2,0,2,11,61951,31,3,0,96.91,6.28,61.35,0,1
5754,1860,28,0,4,5,0,3,42588,54,5,2,70.76,4.43,40.55,3,0
5755,1468,52,1,0,3,0,28,100074,33,7,28,71.83,7.1,79.18,2,0
5756,7941,38,1,6,1,0,15,81155,41,21,6,83.84,8.36,83.14,2,1
5757,5701,32,1,2,5,0,5,50546,32,3,38,95.27,5.79,61.75,0,1
5758,5958,51,1,2,0,0,29,96966,45,23,7,74.79,9.61,100,1,1
5759,2596,23,1,6,2,1,1,65104,45,6,36,99.75,7.44,69.41,0,0
5760,7029,27,1,5,0,1,1,61735,58,6,50,96.1,7.63,67.7,0,0
5761,5708,25,0,6,0,2,5,91438,59,15,57,83.08,8.95,79.87,2,1
5762,8044,55,1,2,5,2,35,128446,41,21,54,88.6,9.43,100,1,1
5763,4661,48,1,6,4,2,27,69195,54,3,1,80.73,5.9,58.41,0,0
5764,2116,29,0,3,5,2,9,156870,47,15,39,77.32,8.34,100,1,1
5765,6076,50,0,2,0,2,28,101939,49,22,26,74.7,10,100,1,1
5766,6381,53,0,4,4,2,27,144071,39,9,69,96,10,100,1,1
5767,5684,38,0,6,4,1,12,114489,40,12,41,80.38,10,98.52,1,1
5768,4663,30,1,1,3,0,7,144967,55,23,9,91.94,10,100,1,1
5769,9012,33,0,4,2,1,11,102785,37,7,65,79.79,8.91,86.57,1,1
5770,563,53,0,1,4,0,33,151124,34,14,9,73.88,10,96.24,1,1
5771,6401,30,0,5,1,0,10,41482,31,4,20,71.47,7.15,53.46,3,0
5772,1826,33,0,3,2,2,11,75939,48,2,31,72.7,4.99,59.6,0,0
5773,544,28,1,2,4,1,8,93756,47,13,30,83.93,10,100,1,1
5774,4709,49,1,4,5,2,27,93610,45,8,57,96.22,10,100,1,1
5775,6324,51,0,3,0,0,27,93834,35,15,10,91.35,10,100,1,1
5776,9242,49,1,6,1,2,25,118324,46,22,12,80.41,10,100,1,1
5777,4192,46,0,1,2,0,24,145700,41,3,60,88.42,8.96,95.86,1,1
5778,8012,48,0,3,5,2,24,127982,31,11,0,99.76,8.41,87.43,1,1
5779,115,48,0,2,2,2,24,149509,44,6,53,99.6,10,100,1,1
5780,8312,46,1,1,5,3,25,120033,43,7,29,99.03,10,100,1,1
5781,5195,51,0,3,3,2,26,171036,37,21,33,71.53,9.32,100,1,1
5782,7313,44,0,0,2,1,20,107666,57,24,67,75.99,10,100,1,1
5783,4471,24,1,2,1,2,1,116828,45,18,2,86.2,7.02,80.41,2,1
5784,891,43,1,6,2,0,23,131069,51,1,46,96.2,8.72,85.05,1,1
5785,1798,23,0,6,4,0,1,56164,40,8,35,74.13,6.29,56.43,0,0
5786,1150,49,1,6,0,0,26,91532,45,5,24,78.56,7.78,78.68,2,1
5787,3378,38,1,3,2,3,11,119509,59,5,77,87.77,7.79,71.32,2,1
5788,5764,51,0,5,0,0,30,144804,32,9,79,96.53,10,100,1,1
5789,4195,55,1,4,4,0,30,148673,30,15,2,77.97,9.53,94.43,1,1
5790,6120,54,1,3,2,0,31,131606,59,1,70,97.41,9.28,94.23,1,1
5791,745,36,1,1,3,0,9,165857,38,19,61,95.51,10,100,1,1
5792,8329,23,0,2,2,0,1,116818,37,15,37,98.18,8.31,85.83,1,1
5793,4431,46,0,6,1,0,19,101288,38,8,49,77.01,8.92,89.95,1,1
5794,1858,26,1,0,4,0,1,46637,35,1,15,77.69,3.12,40.6,3,0
5795,8168,33,1,6,5,1,7,76836,45,9,45,77.99,9.01,82.34,2,1
5796,7453,52,1,0,2,0,30,108654,30,22,18,93.51,9.8,100,1,1
5797,1563,51,0,3,4,0,24,70043,53,6,41,87.55,7.48,83.12,2,1
5798,3057,35,1,0,5,2,8,62834,49,9,15,79.02,4.55,59.23,0,0
5799,5608,29,0,6,5,0,6,49439,35,2,24,88.14,3.87,50.1,3,0
5800,1479,59,1,0,1,2,38,126198,55,11,20,71.12,9.4,97.31,1,1
5801,1873,27,0,3,0,2,2,130322,36,23,50,90.38,8.59,100,1,1
5802,4255,34,1,0,1,0,12,106792,46,23,65,79.57,10,100,1,1
5803,3534,32,0,0,4,0,8,111911,51,11,57,87.37,10,86.8,1,1
5804,9179,57,0,5,4,2,36,120748,38,22,43,74.41,10,100,1,1
5805,6040,24,0,6,3,0,3,112956,53,12,13,90.57,7.59,70.22,2,0
5806,4081,56,1,1,1,2,30,106079,58,12,4,76.87,9.69,96.19,1,1
5807,5973,24,1,5,2,0,1,31475,40,10,27,77.46,4.92,51.34,3,0
5808,7390,24,0,5,4,1,1,67582,39,3,36,93,6.25,74.29,2,1
5809,7701,57,1,5,0,2,30,148817,54,3,42,82.96,9.06,91.36,1,1
5810,897,34,0,5,1,2,14,82147,41,1,37,77.75,6.7,70.64,2,1
5811,1367,53,0,1,3,0,33,112815,53,11,24,98.52,9.31,100,1,1
5812,4918,59,1,0,5,0,39,179385,40,15,28,96.37,10,100,1,1
5813,2832,32,0,4,5,0,6,119743,54,16,65,79.76,7.69,91.57,1,1
5814,6715,58,1,6,3,0,33,135726,47,18,16,96.73,9.1,100,1,1
5815,6165,23,0,1,4,0,1,124860,53,14,77,87.81,9.23,87.29,1,1
5816,3082,50,0,1,2,2,29,110889,48,15,8,99.25,10,100,1,1
5817,4244,46,0,1,3,1,21,81613,48,3,48,77.31,6.61,75.03,2,1
5818,7306,43,0,4,2,1,21,179022,47,17,45,97.82,10,100,1,1
5819,2058,29,1,0,3,1,2,71692,36,13,46,82.73,7.75,80.28,2,0
5820,7184,25,1,5,5,2,1,71094,30,4,58,92.72,8.36,65.2,0,0
5821,6585,23,1,1,1,0,1,107588,38,22,41,72.47,10,93.98,1,1
5822,2969,43,1,2,5,0,20,165307,48,7,60,98.49,10,100,1,1
5823,8478,34,1,5,3,1,14,101163,58,8,19,92.13,6,71.64,2,1
5824,3735,37,1,3,1,2,16,111180,55,6,40,77.75,6.52,79.43,2,0
5825,7166,45,0,3,0,2,18,136206,50,4,24,99.68,8.53,89.8,1,1
5826,8784,50,0,4,5,0,29,150832,58,20,66,72.97,10,100,1,1
5827,3817,53,1,6,1,2,28,92819,54,1,69,75.8,6.41,81.69,2,1
5828,1871,30,0,2,0,2,6,139469,50,13,44,75.12,10,92.01,1,1
5829,1609,56,0,1,5,2,30,97111,57,6,24,94.48,9.28,100,1,1
5830,6640,55,1,2,4,1,32,105966,45,2,26,91.62,9.34,100,1,1
5831,5131,27,1,2,0,0,2,155511,47,16,46,98.82,10,100,1,1
5832,4408,44,1,0,1,0,18,112061,32,8,12,89.36,8.2,78.94,2,1
5833,7588,55,1,5,1,0,29,119695,55,20,63,81.12,10,100,1,1
5834,1443,43,0,0,1,0,22,96677,60,3,45,72.61,7.4,81.39,2,1
5835,4075,56,0,5,2,2,29,134315,48,4,32,73.04,10,98.48,1,1
5836,9230,44,0,1,3,1,24,135862,44,17,42,91.12,10,100,1,1
5837,8401,47,1,4,0,0,22,114859,48,10,24,87.67,8.65,87.12,1,1
5838,1024,43,0,5,0,2,21,168068,41,21,57,82.33,10,100,1,1
5839,1430,35,1,3,5,2,9,166144,59,22,75,79.9,10,100,1,1
5840,9150,22,0,6,4,2,1,90136,46,6,60,99.79,10,93.52,1,1
5841,3624,27,0,0,5,1,6,117813,34,13,14,97.63,9.14,81.32,2,0
5842,2192,25,0,4,3,0,1,56964,38,4,0,93.15,4.98,56.2,0,0
5843,8897,40,0,0,5,2,16,130435,52,15,76,86.63,10,100,1,1
5844,3497,58,1,4,5,2,38,100233,51,4,12,91.12,8.57,100,1,1
5845,1544,23,1,4,2,1,1,131290,55,16,73,75.29,7.66,92.15,1,1
5846,8813,56,1,4,4,0,30,163834,42,14,51,84.03,9.11,100,1,1
5847,8717,40,1,0,2,0,15,95808,44,13,17,79.69,7.25,87.78,1,1
5848,9141,50,1,3,2,2,30,154838,53,12,61,97.12,8.66,100,1,1
5849,7970,55,0,4,0,0,30,104309,50,14,23,70.71,8.19,97.25,1,1
5850,1525,53,0,0,2,0,29,132889,48,15,10,96.01,10,100,1,1
5851,2883,51,1,3,0,2,31,178677,37,16,53,74.3,9.69,100,1,1
5852,5506,57,1,5,3,1,37,179024,32,3,68,72.15,8.08,95.2,1,1
5853,6090,48,0,6,2,1,21,38072,35,2,20,89.49,4.26,54.42,3,0
5854,4824,58,1,2,5,1,33,102247,45,6,2,89.77,7.9,91.94,1,1
5855,5692,42,0,1,2,2,21,137625,39,23,56,89,10,100,1,1
5856,5996,45,1,3,1,1,23,150875,49,23,13,86.84,9.63,100,1,1
5857,8458,33,0,6,5,0,12,93096,48,5,21,91.08,6.62,78.69,2,1
5858,4343,30,0,0,1,1,8,43037,38,3,55,80.76,7.13,59.76,0,0
5859,8605,56,1,5,1,1,29,89249,48,2,37,95.78,8.76,81.9,2,1
5860,6726,37,0,3,2,0,17,146218,43,13,34,72.67,10,100,1,1
5861,7914,25,0,2,3,2,1,140907,56,23,49,86.36,10,100,1,1
5862,1100,56,1,3,4,2,31,138743,31,22,34,85.11,9.84,100,1,1
5863,2369,57,1,5,0,1,37,91383,35,1,4,99.68,9.04,86.36,1,1
5864,7705,45,1,4,5,2,22,135472,47,13,72,90.64,9.93,100,1,1
5865,4347,23,1,2,2,0,2,77078,58,1,51,83.38,4.09,56.48,0,0
5866,7534,33,1,6,0,2,6,95994,55,23,37,77.44,8.9,98.15,1,1
5867,2165,44,0,0,1,0,24,108712,46,15,12,86.06,10,100,1,1
5868,669,53,1,0,4,0,29,153470,42,4,11,97.88,9.89,88.96,1,1
5869,9369,42,0,1,4,0,18,103322,42,19,30,96.3,9.74,100,1,1
5870,3988,48,0,3,1,2,24,114982,35,12,46,83.59,8.98,100,1,1
5871,5239,44,0,5,5,0,22,48221,49,2,18,76.03,6.08,55.14,0,0
5872,2627,47,1,6,5,2,20,107831,45,15,12,79.66,10,100,1,1
5873,3464,27,0,4,1,0,1,35220,36,3,9,88.04,4.27,42.71,3,0
5874,1527,25,1,4,4,0,4,93613,41,9,27,70.1,6.43,72.1,2,0
5875,271,45,1,5,0,0,18,150628,36,22,58,77.01,9.79,100,1,1
5876,1677,46,1,4,3,0,21,49862,30,1,18,88.56,7.25,63.31,0,0
5877,5748,24,1,4,2,0,2,96680,41,18,42,87.46,9.3,95.55,1,1
5878,288,25,0,1,5,1,2,57370,39,3,27,96.18,8.29,63.49,0,1
5879,5412,22,1,3,4,0,1,133079,59,23,62,90.4,10,100,1,1
5880,3224,32,0,2,5,0,8,136376,60,13,64,99.23,10,100,1,1
5881,4210,36,1,6,1,1,15,164937,59,11,32,91.82,10,99.83,1,1
5882,7625,59,0,3,2,2,35,147113,30,19,77,96.5,9.84,100,1,1
5883,7569,52,0,5,2,0,31,130835,54,21,17,72.74,9.13,100,1,1
5884,3056,49,0,2,4,1,29,175778,59,22,48,80.19,10,100,1,1
5885,8643,58,0,1,4,0,31,144155,57,2,15,81.4,10,89.83,1,1
5886,1802,55,0,2,2,0,32,105444,44,19,4,92.98,10,100,1,1
5887,3564,26,0,1,5,2,1,130171,46,24,16,72.31,8.77,100,1,1
5888,6563,54,1,0,1,2,30,135545,49,8,60,95.02,9.23,100,1,1
5889,2362,55,0,5,5,0,28,139600,36,14,32,87.82,9.82,100,1,1
5890,7659,41,0,6,0,3,21,163280,39,23,5,97.45,9.5,100,1,1
5891,7502,57,1,6,3,0,37,142992,57,16,61,74.35,10,100,1,1
5892,6812,25,1,2,0,2,5,52802,51,5,68,83.86,7,57.55,0,0
5893,2592,29,0,5,1,0,5,147200,56,22,21,89.44,9.05,100,1,1
5894,4713,54,0,3,1,0,28,97295,42,17,50,71.58,10,100,1,1
5895,5382,44,1,6,1,1,19,115948,49,11,70,84.64,8.94,100,1,1
5896,6949,28,1,0,5,0,8,170916,38,17,43,95.52,10,100,1,1
5897,6477,26,0,0,5,0,1,52530,53,11,66,86.57,6.62,66.53,0,0
5898,4317,51,0,4,5,3,24,114607,60,22,45,76.23,9.21,100,1,1
5899,1508,41,1,3,5,2,16,154691,54,19,4,80.46,9.73,99.74,1,1
5900,1731,40,1,0,3,0,14,102759,37,24,4,76.67,10,100,1,1
5901,6135,47,0,0,5,3,21,97656,54,14,47,95.24,9.4,100,1,1
5902,5088,54,1,1,2,0,27,110167,42,23,36,91.94,9.54,100,1,1
5903,2466,39,1,3,1,1,18,175853,51,22,13,89.04,10,100,1,1
5904,6300,38,1,6,4,0,18,72424,38,3,11,82.26,7.22,63.25,0,1
5905,8470,35,0,6,5,0,11,67227,35,8,21,93.71,8.13,77.82,2,0
5906,868,55,1,3,3,2,33,97704,36,9,37,87.8,10,100,1,1
5907,8911,54,1,5,2,0,28,110653,60,21,48,82.25,10,100,1,1
5908,1269,53,1,1,3,1,32,98872,49,11,33,85.66,10,100,1,1
5909,9157,23,1,6,2,0,1,99634,43,23,63,93.23,10,100,1,1
5910,7595,57,1,1,1,0,30,106864,49,6,68,81.12,9.83,100,1,1
5911,580,59,0,5,0,0,36,141270,54,19,34,75.15,8.77,100,1,1
5912,4457,31,0,1,3,2,6,81209,30,6,65,97.77,6.77,80.06,2,1
5913,7083,27,0,0,1,1,1,74344,53,16,16,72.94,8.97,75.64,2,1
5914,5204,51,0,4,0,0,31,112529,31,3,26,79.62,7.21,73.74,2,0
5915,592,33,1,3,1,2,6,98380,45,21,12,77.79,9.78,100,1,1
5916,1270,42,0,1,0,0,15,41341,35,6,21,73.68,6.64,68.43,0,0
5917,8638,46,1,5,1,1,25,97477,40,8,12,78.25,10,100,1,1
5918,3247,24,1,5,4,3,4,113254,58,20,72,74.05,9.89,100,1,1
5919,2169,51,0,2,0,0,25,118358,43,6,52,94.12,10,88.34,1,1
5920,2482,40,0,1,5,0,16,60743,60,7,12,92.23,7.6,66.02,0,0
5921,8890,47,1,3,0,0,23,102543,57,8,51,85,8.74,82.49,2,0
5922,5028,24,0,1,2,2,1,131889,40,14,39,76.39,8.2,88.92,1,1
5923,3064,57,0,0,0,0,37,113055,54,5,4,72.57,9.55,80.43,2,0
5924,8977,44,1,5,5,0,20,142921,41,12,9,95.56,9.66,95.22,1,1
5925,1571,49,0,1,4,2,22,162526,55,11,70,76.64,9.97,100,1,1
5926,7703,24,0,6,0,0,1,142804,59,15,66,90.21,8.64,94.57,1,1
5927,9085,27,0,4,4,0,5,126709,53,24,13,88.9,8.85,94.83,1,1
5928,8947,29,0,0,1,0,7,121293,44,20,51,84.92,10,100,1,1
5929,3994,31,1,1,3,2,4,103670,60,17,4,78.06,8.05,74.38,2,0
5930,6911,25,1,0,0,0,5,83088,55,5,74,82.23,8.68,77.09,2,1
5931,3923,41,1,1,4,0,17,112204,56,2,62,86.94,7.24,73.31,2,1
5932,8992,23,0,1,4,0,1,58173,46,11,6,89.42,4.81,63.55,0,0
5933,5035,50,1,3,2,1,27,148239,42,12,59,94.91,10,100,1,1
5934,6836,46,0,6,4,0,20,55251,32,10,17,77.29,7.81,63.88,0,0
5935,5618,58,1,4,3,2,35,158466,45,10,34,95.46,10,100,1,1
5936,9091,52,1,0,4,2,28,159627,54,13,12,70.35,9.45,89.95,1,1
5937,4017,32,0,2,0,2,6,164269,40,8,29,99.29,9.52,99.63,1,1
5938,5142,53,1,1,3,0,31,95102,52,12,8,75.99,9.97,100,1,1
5939,8538,51,0,2,4,0,31,107121,32,9,10,83.79,9.32,97.12,1,1
5940,6413,55,0,4,4,2,31,178671,34,9,56,89.02,10,94.47,1,1
5941,9241,28,1,6,4,2,3,154600,57,22,50,75.79,9.73,94.41,1,1
5942,8326,33,1,1,3,2,7,125044,56,14,61,88.1,10,100,1,1
5943,2412,49,1,6,2,0,28,177739,30,23,79,84.64,9.03,100,1,1
5944,8448,31,0,6,0,2,4,69511,48,6,10,96.27,7.65,80.65,2,0
5945,6102,40,1,2,3,0,17,141658,42,12,57,91.62,8.84,100,1,1
5946,6367,29,0,6,1,2,4,154694,40,24,17,92.11,9.8,100,1,1
5947,5365,40,0,3,4,2,17,130226,40,21,29,72.47,10,100,1,1
5948,4458,29,1,4,3,2,2,129457,35,22,28,98.44,8.74,100,1,1
5949,1941,28,1,0,0,0,6,150930,57,21,42,75.79,9.18,89.97,1,1
5950,8177,42,1,0,0,1,17,96269,55,23,10,85.72,9.78,100,1,1
5951,5886,41,0,1,5,0,14,59758,59,5,5,97.6,7.28,59.67,0,0
5952,5633,46,1,1,0,3,23,139702,52,1,58,98.64,10,100,1,1
5953,5469,33,1,0,3,3,10,93290,45,4,67,86.38,8.38,73.59,2,1
5954,1913,29,0,4,0,0,5,120338,50,12,47,91.41,10,100,1,1
5955,2512,33,1,3,3,1,10,168261,48,12,56,80.12,9.76,96.12,1,1
5956,1781,27,1,6,3,0,1,95012,34,17,37,86.86,8.93,86.42,1,1
5957,1159,52,0,2,2,1,29,125601,37,13,62,84.05,8.76,100,1,1
5958,4380,56,1,4,4,1,32,179622,43,19,42,71.89,10,100,1,1
5959,3184,33,0,6,0,0,9,174976,45,24,66,97.45,10,100,1,1
5960,6965,37,0,4,4,3,10,166547,31,21,59,98.33,10,100,1,1
5961,5772,42,0,2,4,0,15,63385,41,3,54,90.2,8.23,76.01,2,1
5962,3928,55,1,1,3,0,29,171489,36,15,1,76.47,10,98.6,1,1
5963,3968,48,1,6,1,0,22,46474,57,6,15,74.47,8.58,68.9,0,1
5964,2351,57,1,1,2,1,37,139360,42,16,12,83.63,9.86,100,1,1
5965,702,31,0,1,3,0,11,176235,33,24,13,70.08,10,100,1,1
5966,1825,31,1,4,0,0,5,134660,55,15,50,91.06,10,94.97,1,1
5967,1375,50,0,6,1,2,29,134699,59,9,18,99.82,10,98.77,1,1
5968,5645,52,1,2,3,2,28,154993,41,21,56,75.82,9.75,100,1,1
5969,4071,48,0,0,0,0,25,94695,43,24,57,72.93,9.65,100,1,1
5970,1746,38,0,5,3,1,15,178742,40,14,16,92.99,9.02,90.08,1,1
5971,3837,59,1,6,3,0,39,158671,39,20,8,86.94,8.68,100,1,1
5972,1359,55,1,5,5,0,29,92087,40,2,75,86.06,7.83,93.21,1,1
5973,7279,26,0,5,1,0,1,59333,45,10,36,76.3,8.38,67.01,0,0
5974,5616,48,0,0,0,0,24,120158,51,14,12,95.43,9.56,88.81,1,1
5975,3632,59,1,0,2,3,35,136959,43,9,73,99.82,9.4,100,1,1
5976,6803,45,1,6,0,2,21,82303,49,7,6,90.34,6.37,77.18,2,1
5977,5479,45,1,2,1,2,18,70733,31,10,3,92.78,6.18,65.91,0,0
5978,8111,49,1,0,0,0,23,143702,40,24,26,94.33,10,100,1,1
5979,9259,58,1,5,0,0,37,103010,30,18,58,89.03,10,100,1,1
5980,234,30,1,3,0,0,4,79100,48,8,21,79.76,10,84.62,2,0
5981,8840,22,0,0,2,0,1,36331,50,1,58,75.86,2.8,40,3,0
5982,3406,42,0,6,0,0,21,162945,49,24,62,77.64,10,100,1,1
5983,5843,43,0,3,3,0,21,95278,60,7,11,93.97,4.29,75.57,2,0
5984,6469,27,0,2,4,1,2,117344,45,23,11,77.46,8.64,100,1,1
5985,1435,27,1,2,1,2,1,61433,37,15,15,73.65,7.34,80.38,2,0
5986,1272,41,1,1,3,2,17,173828,59,11,54,94.88,9.43,100,1,1
5987,4902,44,1,6,5,2,20,159719,34,7,58,95.74,9.44,97.43,1,1
5988,8432,25,1,1,4,0,1,75134,31,15,27,78.11,6.16,70.36,2,1
5989,2473,30,1,3,4,1,6,136919,39,22,44,96.1,9.44,100,1,1
5990,4976,34,1,3,0,0,9,148979,56,21,3,82.62,9.03,100,1,1
5991,2184,30,1,1,1,2,9,62632,33,11,2,93.31,9.48,77.02,2,0
5992,3573,29,0,5,1,1,9,44686,43,5,35,94.76,6.54,68.55,0,0
5993,5749,48,0,3,3,0,21,131216,49,11,65,91.26,10,100,1,1
5994,5895,39,0,3,2,0,16,162367,45,18,32,83.18,9.61,95.51,1,1
5995,8460,46,0,3,5,0,19,96793,52,24,74,81.48,9.94,100,1,1
5996,9303,26,1,0,5,2,3,113719,45,4,66,94.26,10,82.23,2,1
5997,5797,31,0,1,1,1,6,49289,39,9,29,72.35,5.07,56.74,0,0
5998,4540,41,0,1,0,0,17,121863,51,18,29,87.29,10,100,1,1
5999,1713,58,1,2,0,0,31,111267,39,22,43,96.92,10,100,1,1
6000,4196,24,0,2,2,0,2,30318,30,6,38,86.2,2.91,43.82,3,0
6001,4113,42,0,6,4,1,20,123007,45,10,62,95.22,10,100,1,1
6002,1755,56,0,5,5,0,29,153435,56,20,45,96.54,10,100,1,1
6003,1392,47,1,5,3,2,27,158581,37,20,20,80.48,10,100,1,1
6004,8844,49,0,3,0,0,29,158793,38,24,46,72.7,9.24,100,1,1
6005,158,48,0,2,3,0,23,108139,56,18,58,78.35,8.67,100,1,1
6006,8797,45,0,3,1,0,25,110584,48,1,37,71.28,6.29,76.94,2,0
6007,7356,48,0,1,5,0,21,117810,49,2,73,94.32,6.84,80.86,2,0
6008,2062,44,0,4,4,0,21,71421,35,3,2,81.57,6.81,59.99,0,0
6009,807,31,0,5,2,3,8,139650,59,19,69,95.01,8.91,100,1,1
6010,7465,52,1,6,1,0,31,139420,46,18,14,90.52,9.46,100,1,1
6011,275,38,1,3,4,0,15,92117,37,20,1,93.22,10,100,1,1
6012,5081,53,1,2,5,2,26,152112,55,8,39,80.77,7.52,91.43,1,1
6013,1177,51,0,5,0,0,25,88220,32,6,27,81.41,8.14,75.17,2,0
6014,6952,52,1,2,3,2,26,171725,60,11,60,74.33,7.77,94.04,1,1
6015,5037,38,1,1,0,0,11,128401,57,17,14,76.4,10,94.09,1,1
6016,1652,42,1,0,3,1,18,97420,55,2,43,82.53,9.06,84.73,2,0
6017,346,57,1,3,4,2,32,132786,43,12,16,87.47,9.65,100,1,1
6018,393,22,1,2,3,1,1,118769,59,5,59,92.69,5.29,75.26,2,0
6019,3360,51,0,5,3,3,25,117914,33,17,26,94.56,9.35,100,1,1
6020,1673,58,0,5,5,0,31,68602,56,2,46,75.54,7.61,83.96,2,0
6021,5580,56,0,5,2,0,32,121664,46,19,58,84.51,10,100,1,1
6022,6058,23,1,6,0,0,1,41570,44,2,4,87.09,3.65,51.2,3,0
6023,3123,40,1,2,2,2,13,120775,59,24,41,92.5,8.62,100,1,1
6024,4524,32,1,0,4,0,12,111222,37,7,36,87.98,7.91,82.84,2,0
6025,5678,22,1,3,0,1,2,132342,57,16,30,97.99,8.89,97.43,1,1
6026,5258,28,1,3,4,3,4,97878,54,14,47,72.32,7.61,74.79,2,0
6027,6048,36,0,0,0,3,14,105092,58,7,56,96.33,6.57,83.13,2,1
6028,6437,51,1,3,3,1,25,145081,56,15,46,84.43,9.28,100,1,1
6029,2391,46,1,5,0,0,23,80486,38,5,54,79.5,7.85,75.81,2,1
6030,5942,38,1,3,2,0,16,49196,55,1,77,73.19,6.32,64.07,0,0
6031,2697,47,0,5,5,2,24,108384,39,2,46,75.23,6.05,76.11,2,1
6032,7712,44,1,4,5,0,22,103180,58,16,62,81.36,8.32,100,1,1
6033,807,37,0,2,0,1,15,155213,47,18,59,76.73,10,100,1,1
6034,114,52,0,3,4,1,32,166322,49,16,56,77.76,10,100,1,1
6035,8174,31,1,2,3,2,8,103438,51,2,59,90.89,5.8,75.82,2,1
6036,2937,37,1,6,0,0,16,164542,60,5,50,96.85,8.09,88.41,1,1
6037,7137,53,0,5,4,2,33,98654,51,20,2,87.62,10,100,1,1
6038,1584,27,1,6,3,1,1,135441,34,22,51,98.65,10,100,1,1
6039,3594,41,1,1,4,0,20,115439,54,22,60,71.04,7.41,100,1,1
6040,3159,57,1,3,3,0,30,75241,39,1,17,78.03,8.97,79.93,2,1
6041,925,52,0,0,0,0,30,173922,50,11,71,97.96,8.52,100,1,1
6042,2102,51,1,2,3,0,27,155905,39,20,27,79.95,10,100,1,1
6043,5431,42,0,3,0,0,17,163207,57,18,62,95.6,9.21,100,1,1
6044,8631,46,0,0,3,2,23,152013,44,9,59,75.1,9,100,1,1
6045,5144,28,0,3,2,2,2,143572,54,22,22,82.47,9.2,98.47,1,1
6046,2504,36,0,6,4,2,10,137070,47,19,25,74.93,8.26,100,1,1
6047,2788,55,1,0,5,0,30,86747,41,4,0,85.29,7.57,77.84,2,0
6048,4106,34,0,3,0,1,10,40023,52,1,51,77.39,2.74,54.53,3,0
6049,7597,26,0,0,5,2,1,112811,59,19,24,75.73,7.08,75.8,2,1
6050,1209,59,1,0,5,3,35,124868,55,12,49,76.83,10,100,1,1
6051,3665,30,0,3,4,1,10,132726,52,18,30,71.27,9.67,97.88,1,1
6052,6220,47,0,0,2,2,22,141235,60,5,58,85.96,9.65,86.09,1,1
6053,6463,57,0,6,2,0,31,129827,55,20,32,89.88,9.63,100,1,1
6054,776,47,1,0,3,0,24,166034,45,13,49,98.55,10,100,1,1
6055,4046,47,1,4,3,2,26,90286,34,7,26,82.43,8.56,84.4,2,1
6056,5078,31,1,4,3,2,10,160343,46,3,71,91.75,9.81,94.42,1,1
6057,6016,55,0,2,0,3,28,171628,53,13,60,76.39,10,100,1,1
6058,4118,27,0,6,0,0,7,151357,52,24,71,74.56,9.15,100,1,1
6059,3381,29,1,0,3,0,5,177014,57,23,45,96.07,9.44,96.52,1,1
6060,1215,43,1,3,3,0,18,151587,53,4,42,89.94,8.05,85.81,1,1
6061,9208,55,1,3,3,0,31,170495,32,21,16,91.2,10,100,1,1
6062,7773,47,1,6,4,0,21,104711,43,2,53,92.72,8.25,91.49,1,1
6063,1492,35,1,5,5,1,12,178990,52,23,69,97.85,10,100,1,1
6064,6211,43,1,4,2,0,20,124357,42,15,60,94.71,10,100,1,1
6065,6998,52,0,5,5,0,32,124207,57,9,65,99.24,10,100,1,1
6066,1233,30,1,2,3,0,5,137246,41,19,28,75.34,9.55,100,1,1
6067,6787,55,1,5,5,0,34,149305,33,21,18,86.44,10,100,1,1
6068,6420,48,1,1,3,1,26,177465,50,8,25,79.8,9.57,100,1,1
6069,996,59,0,2,0,2,39,131464,50,7,54,87.31,10,100,1,1
6070,766,58,1,4,5,0,37,172307,42,15,64,79.99,10,100,1,1
6071,161,55,0,3,2,2,28,112107,45,9,21,72.09,9.01,97.42,1,1
6072,6084,36,1,6,4,1,13,66703,55,3,6,78.73,5.07,56.16,0,1
6073,5322,43,0,3,4,1,17,75741,36,3,59,92.87,9.77,78.06,2,0
6074,3557,44,1,3,5,2,17,107135,42,1,53,78.38,9.22,87.58,1,1
6075,6141,27,0,3,1,0,4,77174,41,3,27,86.09,5.4,62.54,0,0
6076,2089,42,0,2,2,0,21,110444,40,23,56,74.88,10,100,1,1
6077,6474,50,0,3,2,0,27,124286,53,18,47,75.78,9.31,100,1,1
6078,5775,44,1,0,5,0,23,62703,35,3,44,72.89,6.79,68.92,0,0
6079,4786,47,1,6,4,2,27,89714,39,2,43,92.47,7.42,83.12,2,0
6080,5520,56,1,2,5,0,35,109593,52,18,11,96.98,7.74,100,1,1
6081,7721,48,0,5,5,3,25,167759,50,20,16,90.12,10,100,1,1
6082,8705,56,0,4,2,0,30,142394,41,24,52,95.91,9.95,100,1,1
6083,3010,28,1,5,5,3,2,83734,44,4,33,80.74,7.69,73.78,2,1
6084,4753,43,1,2,2,2,21,178924,50,22,49,75.57,9.61,100,1,1
6085,1445,32,1,0,4,0,7,61588,51,3,75,80.96,7.6,75.34,2,0
6086,8098,53,0,6,0,2,33,101817,33,2,78,94.27,10,100,1,1
6087,2384,47,0,4,1,0,25,162514,40,20,78,73.91,10,100,1,1
6088,5673,31,1,2,0,0,10,82710,48,1,25,99.04,7.19,75.5,2,0
6089,5690,33,1,3,4,1,9,33150,57,3,15,81.93,3.79,40,3,0
6090,2876,42,1,4,1,1,15,82517,49,10,0,75.82,6.82,83.38,2,1
6091,6990,53,1,4,5,3,28,152154,32,5,11,95.98,10,94.79,1,1
6092,4897,57,1,1,0,0,37,179071,33,12,17,98.69,9.53,100,1,1
6093,9336,32,1,0,3,2,8,141366,54,17,49,71.2,10,100,1,1
6094,2816,54,1,3,1,1,27,90029,54,10,27,85.65,8.89,100,1,1
6095,6260,28,0,3,2,2,4,33277,34,1,9,82.39,4.79,43.87,3,0
6096,5140,47,1,5,5,2,26,95497,57,14,10,81.81,10,100,1,1
6097,6179,57,1,6,2,2,35,173306,41,7,77,96.78,10,100,1,1
6098,1882,24,1,5,5,2,1,111376,46,12,70,79.02,10,92.43,1,1
6099,8581,53,1,5,5,0,28,105948,38,1,75,84.75,9.67,95.07,1,1
6100,1856,40,0,6,3,2,15,125196,45,22,31,93.8,9.17,100,1,1
6101,8611,26,1,1,2,2,1,51714,33,12,24,93.92,6.63,66.17,0,1
6102,8695,48,1,6,2,2,22,94786,54,7,50,76.19,9.23,90.2,1,1
6103,4089,38,0,1,0,0,12,112137,51,10,27,71.83,10,84.59,2,1
6104,294,48,0,2,5,2,22,104087,46,19,31,72.04,10,100,1,1
6105,3761,31,0,6,1,0,8,176488,51,9,47,78.73,7.04,96.46,1,1
6106,5305,26,1,1,0,0,3,69577,49,3,74,88.47,7,75.57,2,1
6107,5007,22,1,5,1,0,1,71531,54,7,77,99.76,6.94,72.89,2,1
6108,5048,32,1,2,4,2,11,157132,35,21,13,95.34,10,93.83,1,1
6109,8895,36,1,3,3,0,15,85963,53,7,23,96.3,6.59,77.71,2,1
6110,6741,46,1,3,4,0,24,131015,35,24,71,70.79,9.18,100,1,1
6111,8047,41,1,1,0,0,20,93201,48,10,52,70.18,10,100,1,1
6112,6454,52,0,4,0,0,26,176295,49,21,22,80.3,9.43,100,1,1
6113,2488,51,1,3,3,1,31,167497,57,10,64,89.22,8.9,100,1,1
6114,1188,48,0,1,4,0,27,164584,54,14,16,81.71,9.39,100,1,1
6115,6830,57,1,4,3,3,33,102658,38,16,55,73.69,9.41,100,1,1
6116,621,29,1,5,3,0,9,69920,43,5,49,81.64,5.55,66.68,0,0
6117,3784,48,0,4,0,0,21,148672,58,17,45,91.68,10,100,1,1
6118,2467,38,0,6,4,0,16,175979,42,15,18,94.62,9.4,96.67,1,1
6119,7347,23,0,5,2,2,1,105408,36,19,44,99.94,9.96,100,1,1
6120,329,33,1,4,3,2,10,103184,55,16,10,78.76,8.17,84.43,2,0
6121,7498,41,0,3,1,0,15,44276,34,5,40,79.83,6.83,63.92,0,0
6122,2331,34,0,0,1,2,11,57943,35,11,9,78.53,7.58,68.02,0,0
6123,2306,50,1,2,3,0,24,120117,39,1,26,98.4,7.6,86.01,1,1
6124,2938,47,0,5,5,2,24,135711,36,10,56,93.72,10,100,1,1
6125,4608,30,0,5,1,0,7,40156,59,7,25,84.25,6.25,45.47,3,0
6126,5255,59,0,5,0,2,36,107745,30,12,51,95.67,10,100,1,1
6127,2010,45,0,1,4,2,24,102725,31,9,48,74.84,6.82,80.58,2,0
6128,212,56,0,4,0,2,29,128923,32,13,15,93.92,10,100,1,1
6129,2000,24,0,0,0,0,2,150254,40,24,21,83.82,9.66,100,1,1
6130,2105,58,0,6,5,0,35,91639,32,14,35,75.64,9.53,100,1,1
6131,252,36,1,3,3,1,12,78394,60,14,17,74.77,8.59,69.02,0,1
6132,2349,29,1,0,1,0,2,69266,36,1,62,77.99,5.48,59.43,0,0
6133,3133,47,0,0,5,1,27,154829,50,22,76,89.51,10,100,1,1
6134,8457,52,1,4,5,0,29,162913,44,19,73,89.86,9.66,100,1,1
6135,8885,45,1,1,5,1,21,116110,46,20,48,92.48,9.43,100,1,1
6136,4094,50,0,3,4,2,25,97050,40,18,57,95.1,10,100,1,1
6137,5944,40,1,1,5,2,13,137578,45,13,25,89.53,10,93.99,1,1
6138,3433,57,0,5,5,2,34,178042,46,24,15,78.54,10,100,1,1
6139,4111,27,1,1,2,1,6,42729,48,3,26,71.55,5.06,41.91,3,0
6140,2568,54,0,0,3,2,33,155495,39,9,58,98.97,9.27,100,1,1
6141,6171,22,1,3,4,2,1,49940,60,12,2,86.28,5.23,59.55,0,1
6142,8859,46,0,1,0,0,23,178051,54,14,8,96.23,8.47,88.79,1,1
6143,3491,50,0,6,5,0,28,148611,55,11,11,70.45,7.93,89.29,1,1
6144,2786,39,1,1,0,2,14,135575,52,21,25,81.87,10,100,1,1
6145,119,57,0,4,3,2,32,120531,52,5,58,90.78,10,100,1,1
6146,759,23,0,3,3,0,1,65183,36,20,4,71.28,8.05,79.24,2,1
6147,5728,39,1,2,3,0,14,132689,38,24,77,71.74,10,100,1,1
6148,1179,37,0,1,5,0,14,126079,55,23,48,84.06,9.34,100,1,1
6149,4484,36,0,1,3,0,10,113792,49,8,24,93.75,8.54,85.99,1,1
6150,7690,50,1,6,4,0,26,154171,32,10,45,92.18,8.55,93.13,1,1
6151,1146,38,1,3,4,2,15,175687,41,17,26,93.1,9.25,100,1,1
6152,2594,49,0,5,1,2,25,118690,43,6,6,77.31,6.87,82.16,2,1
6153,4026,45,0,5,1,2,22,138353,52,23,58,72.37,10,100,1,1
6154,4446,49,0,5,2,0,28,174156,52,12,18,94.36,10,100,1,1
6155,3932,29,0,6,2,1,2,46283,41,3,67,84.86,6.17,67.35,0,0
6156,7895,38,1,5,3,2,11,108200,51,19,71,83.13,8.99,100,1,1
6157,4853,37,1,6,4,0,10,55126,56,8,55,72.14,7.3,60.94,0,0
6158,519,38,1,5,4,0,11,71490,30,5,34,85.49,8.04,69.6,0,1
6159,5677,55,0,5,0,1,34,125639,43,10,14,88.43,10,100,1,1
6160,8444,34,1,1,5,1,12,148936,31,24,52,86.69,9.31,100,1,1
6161,1033,44,0,3,1,0,19,143437,34,16,19,74.48,10,99.77,1,1
6162,1758,22,1,5,2,2,1,40783,39,4,16,78.46,3.6,40,3,0
6163,2796,23,0,1,1,3,1,43037,48,4,5,76.85,4.45,45.18,3,0
6164,337,40,1,1,0,1,15,95078,53,6,37,74.42,7.8,74.17,2,1
6165,5832,50,1,3,5,0,28,71292,45,1,10,93.87,8.44,81.19,2,1
6166,6835,38,0,5,3,0,18,83086,36,17,10,74.62,7.64,79.32,2,1
6167,5538,48,0,1,4,1,28,110684,37,1,61,96.79,10,97.21,1,1
6168,7952,41,1,5,4,0,20,93941,30,14,7,79.62,7.85,83.13,2,1
6169,7572,48,1,2,0,3,24,115001,60,4,60,73.63,7.82,81.45,2,1
6170,71,55,1,6,3,0,33,156803,45,3,25,70.85,10,96.73,1,1
6171,5523,51,1,4,3,0,25,101385,30,14,40,94.59,10,100,1,1
6172,7074,53,0,3,0,2,32,108167,43,15,24,81.72,8.92,100,1,1
6173,8505,35,0,0,0,0,12,138736,34,14,54,82.54,8.75,100,1,1
6174,5492,26,0,2,5,2,6,87306,43,1,68,87.01,8.04,74.11,2,1
6175,463,55,0,5,4,0,34,91149,41,4,40,97.78,9.01,100,1,1
6176,432,47,1,3,1,0,23,104668,42,13,59,98.88,10,100,1,1
6177,1324,53,0,6,4,1,26,175627,52,8,26,88.57,9.21,94.87,1,1
6178,4040,54,1,6,4,0,31,145360,39,21,76,90.29,9.47,100,1,1
6179,6108,48,0,6,1,0,23,107939,46,23,9,71.94,9.06,100,1,1
6180,9272,24,0,4,1,0,3,65333,37,15,26,90.59,8.13,70.69,2,0
6181,4683,50,1,2,2,0,24,163082,45,24,38,74.15,8.31,100,1,1
6182,7900,41,1,3,1,0,19,148970,55,23,4,95.32,10,100,1,1
6183,3144,29,1,0,4,2,4,45084,49,2,58,87.32,7.29,64.12,0,1
6184,5323,34,0,6,1,0,10,96018,40,3,68,71.48,6.94,74.25,2,1
6185,7998,54,0,6,3,2,29,160322,40,5,52,84.62,8.93,85.1,1,1
6186,9031,39,1,6,5,2,18,65085,40,3,10,71.3,6.71,65.03,0,0
6187,1210,38,1,6,0,0,11,179943,57,21,18,94.92,10,100,1,1
6188,9111,39,1,3,1,0,19,92632,50,6,68,97.77,10,100,1,1
6189,1986,52,1,0,2,0,32,171660,51,13,70,76.18,9.93,100,1,1
6190,5306,55,0,0,5,2,28,111253,34,12,21,96.83,10,100,1,1
6191,3363,29,1,5,1,1,4,51297,59,10,47,76.71,5.7,65.6,0,0
6192,7838,47,0,0,4,0,21,169411,34,3,73,99.95,10,92.34,1,1
6193,6536,32,0,6,1,2,12,115259,44,1,78,86.34,9.64,93.79,1,1
6194,8124,32,1,4,1,0,10,113575,59,18,25,89.74,10,97.41,1,1
6195,7233,34,0,3,2,0,12,154080,43,19,4,83.95,10,100,1,1
6196,8341,52,1,4,5,3,25,148977,35,5,55,75.29,9.12,94.77,1,1
6197,746,25,0,1,5,0,5,154415,30,23,30,80.07,9.44,100,1,1
6198,6596,56,1,5,2,0,30,101326,49,16,19,75.63,10,100,1,1
6199,5795,48,1,0,4,0,23,177101,54,20,34,72.96,10,100,1,1
6200,8930,25,1,3,1,0,1,57155,52,8,37,94.74,7.01,63.8,0,0
6201,5978,25,1,0,1,1,5,93751,40,1,52,98.14,8.73,78.34,2,1
6202,3610,39,1,3,0,2,18,130030,52,20,0,81.86,9.13,99.99,1,1
6203,4739,56,0,6,3,1,35,87232,55,6,2,73.38,7.61,79.41,2,1
6204,4984,25,0,4,5,0,3,122536,49,21,44,98.54,9.85,100,1,1
6205,6427,23,0,2,5,0,1,163125,34,20,78,76.08,10,100,1,1
6206,5326,42,1,3,4,0,15,111933,53,17,16,91.75,10,95.88,1,1
6207,6753,23,1,3,1,0,3,155705,34,18,75,89.08,10,100,1,1
6208,4833,36,1,3,3,0,9,97161,56,8,52,93.58,6.13,77.11,2,1
6209,6139,26,1,3,5,2,5,115750,58,19,71,72.07,9.78,100,1,1
6210,5163,50,1,1,3,2,29,133649,37,13,33,88.49,8.94,100,1,1
6211,7502,55,0,5,1,2,35,138159,39,4,67,97.85,10,100,1,1
6212,7577,59,1,1,2,0,33,108655,56,16,19,93.34,9.27,100,1,1
6213,1334,33,1,5,5,1,7,72008,37,6,31,80.22,6.33,71.26,2,0
6214,3242,47,0,5,5,0,22,126308,40,22,16,88.22,10,100,1,1
6215,727,56,0,0,4,0,31,95688,41,10,16,94.65,9.9,100,1,1
6216,7247,36,0,5,3,1,13,113469,55,12,31,97.95,5.85,84,2,1
6217,8520,59,1,5,2,0,34,178401,50,22,68,93.06,9.2,100,1,1
6218,850,33,1,2,2,2,9,75546,57,4,27,92.13,4.9,69.65,0,0
6219,3027,33,0,6,2,0,10,99764,55,11,27,78.62,7.04,76.38,2,1
6220,4663,52,0,0,3,0,26,104793,30,12,3,70.46,5.52,75.41,2,0
6221,7377,27,1,6,1,0,2,144885,30,17,11,90.92,8.66,89.91,1,1
6222,1880,26,1,6,4,0,1,73913,43,10,19,89.51,6.76,73.65,2,1
6223,2343,56,0,0,4,2,34,103609,49,8,67,74.85,10,100,1,1
6224,4386,41,1,3,4,2,16,87117,30,16,3,78.84,7.68,81.48,2,1
6225,6775,22,1,0,4,0,1,99806,44,21,72,70.44,9.85,100,1,1
6226,6343,26,0,2,1,0,1,41690,33,5,48,89.76,5.83,51.59,3,0
6227,5473,56,0,0,5,3,31,125155,44,20,3,76.62,10,100,1,1
6228,7688,49,1,1,0,3,23,175281,41,22,61,91.85,9.79,100,1,1
6229,6156,25,1,5,5,0,1,106262,51,22,69,71.97,9.2,96.61,1,1
6230,2782,31,0,0,0,0,8,70448,48,3,28,90.34,6.51,59.34,0,0
6231,1631,38,1,5,0,2,17,71831,60,6,9,90.54,5.86,68.55,0,0
6232,2696,28,0,0,0,2,5,85735,31,14,73,82.99,5.85,81.08,2,0
6233,3450,37,0,5,5,0,16,145854,55,23,78,80.3,9.39,100,1,1
6234,7381,56,1,5,1,2,33,109207,45,16,22,71.88,9.84,100,1,1
6235,5829,26,0,1,0,1,4,118937,38,22,9,93.74,10,100,1,1
6236,7746,40,1,3,1,0,20,173770,40,19,66,86.89,9.75,100,1,1
6237,7157,24,1,0,3,1,1,54092,36,1,76,85.57,7.7,59.3,0,0
6238,4410,59,1,1,4,0,33,154809,36,10,72,76.29,9.18,100,1,1
6239,7839,50,1,2,0,0,27,99642,38,3,26,75.29,10,100,1,1
6240,5355,26,1,1,0,3,1,156796,55,20,57,81.3,10,97.6,1,1
6241,703,56,1,1,4,1,36,167312,53,24,53,80.39,10,100,1,1
6242,2513,44,0,0,5,0,23,103500,37,16,75,82.63,9.51,100,1,1
6243,888,44,1,3,2,0,24,102725,46,12,68,73.98,10,100,1,1
6244,2064,45,1,6,2,0,25,146904,49,16,25,76.41,9.9,100,1,1
6245,2413,53,0,1,5,2,29,141954,52,9,68,77.35,10,100,1,1
6246,5011,32,0,6,5,3,5,154308,33,19,18,91.02,10,100,1,1
6247,5353,24,0,5,0,2,2,81929,57,14,51,76.65,9.31,74.65,2,1
6248,5942,39,0,5,5,2,18,111929,52,9,34,78.07,9.46,86.24,1,1
6249,6632,59,1,2,0,0,37,137478,44,13,19,91.87,10,100,1,1
6250,3333,55,1,5,5,0,31,145571,36,15,27,79.88,9.68,100,1,1
6251,4645,49,1,5,2,0,26,115136,41,8,69,91.61,9.07,100,1,1
6252,7354,24,1,4,1,2,1,37624,56,6,46,74.24,4.93,43.42,3,0
6253,1101,55,0,5,3,2,30,166907,32,10,65,91.65,9.5,100,1,1
6254,8078,22,1,3,2,2,1,111314,58,16,38,79.71,8.71,78.25,2,1
6255,8969,46,1,2,4,1,26,173220,37,20,22,92.75,10,100,1,1
6256,8310,54,1,6,5,2,27,169463,51,11,63,71.63,9.68,100,1,1
6257,3107,52,0,5,5,2,31,109169,41,11,46,94.21,9.3,100,1,1
6258,1130,22,1,6,3,0,1,59497,50,7,51,76.16,5.65,65.22,0,0
6259,6796,28,0,2,2,0,8,41057,54,2,27,73.42,4.68,54.03,3,0
6260,2624,38,1,4,3,0,13,101482,56,12,75,81.92,9.96,96.72,1,1
6261,302,47,0,0,2,0,20,105331,54,1,33,86.58,8.08,81.35,2,0
6262,5262,49,1,1,0,2,22,103186,39,18,19,82.39,7.78,100,1,1
6263,1777,22,1,2,5,0,1,37345,58,3,36,79.47,7.46,54.79,3,0
6264,2954,28,0,0,1,0,5,178277,41,10,37,93.7,9.67,94.3,1,1
6265,6377,42,0,6,3,2,22,106065,52,19,23,82.97,10,100,1,1
6266,2120,55,1,5,1,3,32,118539,42,18,77,72.11,10,100,1,1
6267,6383,24,0,4,3,0,1,124670,36,22,72,76.48,9.7,100,1,1
6268,1009,22,0,5,3,0,1,99706,44,21,40,88.84,10,94.24,1,1
6269,5462,31,1,6,4,0,7,88276,49,6,42,95.19,7.68,81.49,2,1
6270,5923,24,1,3,1,1,1,86812,52,18,15,94.61,8.17,75.38,2,0
6271,5293,27,0,1,1,2,1,41330,40,3,14,74.01,4.18,40,3,0
6272,7720,51,0,0,1,2,28,173615,45,22,21,85.67,7.9,100,1,1
6273,6532,58,0,5,0,2,36,93380,38,17,42,88.9,9.58,100,1,1
6274,5433,58,0,4,1,1,35,147601,33,16,42,99.64,10,100,1,1
6275,8409,27,1,1,4,2,3,90208,33,10,26,95.7,8.63,81.98,2,0
6276,3997,42,1,0,1,2,22,113700,59,10,24,74.36,8.76,83.42,2,1
6277,1619,46,0,6,5,0,23,149421,56,12,56,73.38,8.24,91.41,1,1
6278,4356,49,1,0,0,2,29,153241,34,18,43,74.99,10,100,1,1
6279,5877,41,0,6,1,0,19,99109,50,3,37,99.73,9.47,88.79,1,1
6280,3653,34,1,0,3,0,8,50035,36,1,39,70.06,5.52,56.83,0,0
6281,2098,40,0,1,4,0,14,51930,40,3,10,82.82,5.57,57.54,0,0
6282,3131,50,0,6,4,2,26,115455,37,13,1,94.57,8.53,100,1,1
6283,4235,26,1,5,0,0,3,54707,59,12,40,86.16,6.44,67.03,0,0
6284,2013,58,1,0,3,1,34,117370,54,16,62,87.26,9.8,100,1,1
6285,7619,47,0,6,1,1,24,132442,35,23,13,73.88,10,100,1,1
6286,7736,25,0,3,4,1,5,105764,53,18,37,72.03,10,100,1,1
6287,8377,30,0,2,0,0,9,73956,42,1,34,79.68,7.79,75.33,2,1
6288,3480,36,0,6,2,0,14,106439,46,15,39,81.59,9.55,100,1,1
6289,2669,38,1,5,1,0,12,77065,45,2,23,87.13,7.09,69.19,0,1
6290,983,58,1,5,5,0,38,115186,56,19,51,97.4,8.76,100,1,1
6291,3140,25,1,1,0,2,5,70502,54,8,70,76.18,8.01,75.49,2,1
6292,7779,50,0,0,2,0,30,149291,39,18,52,93.18,8.63,100,1,1
6293,3034,47,1,4,0,0,20,112391,48,22,21,83.8,9.72,100,1,1
6294,360,55,0,0,0,0,33,126261,53,4,54,88.42,10,99.61,1,1
6295,1320,40,1,3,5,0,15,143426,50,11,73,79.99,7.28,93.53,1,1
6296,2783,45,1,0,2,0,21,138792,31,9,63,96.51,10,99.88,1,1
6297,146,24,1,2,3,0,3,90142,52,12,7,86.72,6.8,74.52,2,0
6298,2214,53,0,5,2,3,29,163860,48,3,75,80.52,9.02,100,1,1
6299,7005,34,0,2,1,0,8,167578,51,20,31,99.84,10,100,1,1
6300,1725,30,0,4,2,1,10,169937,31,13,77,84.91,10,100,1,1
6301,2286,54,0,4,4,3,28,146689,48,22,40,98.55,8.62,100,1,1
6302,9200,40,1,3,5,0,13,178977,53,14,14,91.08,8.74,89.92,1,1
6303,6259,40,0,2,1,2,19,120944,39,12,68,83.38,10,100,1,1
6304,2090,33,0,2,1,0,13,95525,46,3,79,72.2,6.84,70.58,2,1
6305,4452,32,0,0,1,0,12,80841,56,16,7,77.65,8.71,84.92,2,1
6306,5517,22,1,3,5,2,2,142364,35,19,39,84.76,10,94.92,1,1
6307,5348,42,1,3,0,1,20,68817,53,4,6,93.58,7.27,82.97,2,1
6308,9122,35,0,3,0,3,8,50266,38,6,43,72.25,7.04,66.98,0,0
6309,2060,47,1,3,5,0,24,142653,57,21,7,77.72,8.19,100,1,1
6310,3622,58,0,2,0,0,34,114411,58,5,33,74.32,10,88.91,1,1
6311,1876,27,1,4,5,2,6,134500,47,22,33,77.88,10,100,1,1
6312,3816,45,0,0,5,1,18,98950,51,2,4,96.25,6.75,70.79,2,1
6313,1259,41,1,2,0,0,17,112195,35,9,37,90.11,7.76,91.03,1,1
6314,714,28,0,6,0,0,2,124677,47,15,37,81.03,10,96.18,1,1
6315,2085,27,1,1,1,2,2,120225,34,17,62,84.27,10,100,1,1
6316,4973,34,0,6,4,2,14,79506,60,4,61,78.76,6.87,69.98,0,0
6317,1724,31,0,1,5,0,5,152637,32,19,79,87.16,7.69,100,1,1
6318,6438,28,0,6,3,1,8,56642,49,3,53,84.72,5.11,67.12,0,0
6319,1960,38,0,5,3,2,16,155095,32,16,29,85.57,10,100,1,1
6320,2587,36,1,1,1,2,9,38793,38,4,7,84.92,4.89,44.57,3,0
6321,3077,37,1,6,3,0,17,125584,57,18,51,87.26,9.65,100,1,1
6322,8905,54,1,6,4,0,34,150104,43,6,5,95.76,9.36,100,1,1
6323,2502,43,0,3,5,0,23,89407,55,5,21,71.09,8.2,77.03,2,0
6324,2750,22,0,3,4,2,1,120505,45,22,73,90.59,9.13,100,1,1
6325,8640,35,1,0,0,0,13,125174,35,16,75,89.41,9.06,100,1,1
6326,1245,52,1,5,4,2,28,158369,52,1,56,97.93,8.91,94.92,1,1
6327,2345,28,0,5,5,0,2,96063,45,8,3,89.86,7.66,74.58,2,1
6328,933,22,1,2,2,2,2,171826,50,11,24,89.02,10,93.17,1,1
6329,8328,43,1,6,2,0,17,115181,44,21,78,73.52,9.91,100,1,1
6330,3427,49,0,2,2,0,28,103444,52,5,76,89.64,9.19,100,1,1
6331,6508,32,0,4,4,0,11,116096,45,19,23,95.54,10,100,1,1
6332,6450,56,1,4,2,0,31,157368,53,24,12,80.84,9.72,100,1,1
6333,5630,48,1,4,2,3,27,103876,59,14,34,72.97,10,100,1,1
6334,2043,36,0,5,0,0,9,31023,58,3,47,76.57,5.04,49.14,3,0
6335,1305,35,0,5,5,2,10,99858,32,21,23,82.41,6.97,100,1,1
6336,8765,54,0,6,3,0,33,175975,48,23,54,84.35,8.98,100,1,1
6337,9057,30,1,0,3,0,6,97433,46,16,4,77.23,6.69,80.13,2,0
6338,6551,37,1,3,5,3,12,129367,40,21,62,76.29,9.39,100,1,1
6339,5621,51,1,2,5,0,25,169734,41,8,45,85.09,9.24,96.69,1,1
6340,4188,22,0,6,3,0,1,48674,52,7,34,95.9,7.59,63.48,0,1
6341,7351,37,1,5,4,1,10,73079,59,13,25,80.29,7.67,81.51,2,1
6342,6546,37,1,2,0,2,16,132005,43,17,6,78.97,10,100,1,1
6343,995,55,1,6,1,0,34,141477,46,23,7,87.99,9.37,100,1,1
6344,1255,26,0,3,3,1,4,43034,33,4,56,94.34,4.71,50.74,3,0
6345,4522,24,0,0,5,0,1,66795,52,5,12,90.24,4.44,62.78,0,0
6346,3787,58,1,3,3,0,35,153063,33,1,42,96.32,9.24,96.16,1,1
6347,668,36,1,4,3,0,14,143556,57,13,66,95.86,10,100,1,1
6348,1568,48,1,2,1,2,23,138694,45,22,56,98.03,10,100,1,1
6349,3127,59,1,0,2,2,32,90545,43,13,20,81.3,10,100,1,1
6350,4625,22,0,2,2,2,1,84160,35,16,9,80.1,7.9,73.72,2,1
6351,2373,31,0,1,0,0,7,107240,38,9,10,70.91,7.89,77.1,2,1
6352,1115,38,0,4,0,2,11,127034,38,17,52,98.41,9.34,100,1,1
6353,1218,33,1,4,5,2,11,152162,59,12,9,98.49,8.23,85.23,1,1
6354,3399,34,0,6,5,2,7,48731,42,7,12,87.39,6.18,62.41,0,0
6355,9247,32,0,6,0,0,5,145486,39,20,73,77.94,10,100,1,1
6356,5111,44,1,5,1,0,22,139631,49,12,20,81.38,10,98.4,1,1
6357,5097,30,0,4,4,0,3,43158,56,5,40,76.88,4.95,45.33,3,0
6358,6920,27,1,3,5,0,3,127026,35,19,48,83.33,8.22,91.67,1,1
6359,2980,52,0,0,3,2,27,179655,52,18,12,92.22,10,100,1,1
6360,182,36,0,3,5,2,12,116496,53,16,79,78.79,8.54,100,1,1
6361,4251,54,0,4,3,3,34,142870,36,24,7,95.09,10,100,1,1
6362,9013,27,0,5,2,0,3,112427,48,14,58,92.13,10,97.79,1,1
6363,5530,40,1,6,3,1,20,170446,43,2,76,90.08,8.55,97.7,1,1
6364,6018,50,0,3,3,0,28,150536,31,20,49,90.86,10,100,1,1
6365,3022,40,0,2,0,0,14,141029,46,7,0,88.31,8.77,89.48,1,1
6366,4585,52,0,4,2,0,32,178412,42,17,77,76.67,10,100,1,1
6367,5682,58,1,2,2,2,34,161135,48,12,13,98.4,9.5,100,1,1
6368,5861,45,0,2,2,0,23,47797,35,2,18,87.36,8.82,62.59,0,0
6369,1812,58,1,3,4,2,38,125774,57,17,68,83.69,8.62,100,1,1
6370,5894,36,1,4,1,0,9,70884,40,5,69,87.03,5.48,65.13,0,0
6371,7123,37,1,5,1,0,13,169179,43,16,49,90.92,10,100,1,1
6372,9224,27,1,3,5,0,2,116518,59,17,14,81.18,5.08,75.58,2,0
6373,4558,27,0,1,0,0,5,90347,50,21,11,88.06,9.79,94.97,1,1
6374,2808,39,0,5,0,1,15,130649,52,15,10,93.73,7.47,89.91,1,1
6375,2011,52,0,5,4,2,31,98498,53,3,12,77.56,8.32,84.86,2,1
6376,1501,59,0,0,0,0,37,75489,53,2,6,72.38,8.65,75.5,2,1
6377,1635,52,1,4,3,2,26,166005,38,10,52,92.18,10,100,1,1
6378,4896,37,0,6,0,0,13,143786,38,18,68,95.95,10,100,1,1
6379,5890,22,0,6,2,1,1,96658,56,18,24,82.77,10,94.44,1,1
6380,2342,39,0,6,1,2,14,76644,58,13,46,70.35,8.13,83.92,2,0
6381,2148,56,1,2,0,1,32,142381,35,24,46,88.77,10,100,1,1
6382,1455,46,1,4,5,2,26,127850,57,20,58,73.55,10,100,1,1
6383,6093,22,0,0,0,0,2,95373,45,21,69,86.14,10,100,1,1
6384,9142,23,1,1,3,0,1,60414,41,14,39,84.52,7.28,84.23,2,1
6385,2855,30,0,5,3,0,10,104614,46,12,66,93.46,9.62,100,1,1
6386,6655,57,1,4,5,3,37,94448,35,1,46,87.1,9.04,95.17,1,1
6387,4893,37,1,6,1,0,13,166394,35,23,25,72.32,10,100,1,1
6388,4127,40,0,1,4,3,19,88868,44,9,12,76.72,7.84,79.56,2,1
6389,3753,51,1,4,4,0,30,96778,51,9,19,83.97,6.71,94.64,1,1
6390,4824,44,0,3,3,0,17,145417,33,10,73,88.63,10,100,1,1
6391,7546,49,1,0,2,2,27,179508,53,5,5,96.01,9.46,100,1,1
6392,5918,50,0,0,2,2,23,104214,37,16,5,82.26,10,100,1,1
6393,5634,50,1,0,5,0,23,99586,35,13,11,71.79,10,97.68,1,1
6394,3116,48,1,3,3,2,28,173822,32,13,67,70.99,8.24,100,1,1
6395,7752,34,0,3,5,1,12,119587,37,13,58,94.96,10,86.15,1,1
6396,2332,34,1,0,3,1,13,104048,40,24,26,86.51,10,100,1,1
6397,7044,52,0,5,4,1,27,114994,30,3,59,74.5,9.51,79.48,2,1
6398,3084,45,0,0,4,0,20,96920,37,11,25,98.97,10,95.92,1,1
6399,6384,45,0,2,4,0,23,130875,40,19,58,83.47,10,100,1,1
6400,4472,32,1,5,4,2,12,66983,57,12,62,70.04,6.08,77.47,2,0
6401,8528,57,0,0,4,0,37,172363,40,7,24,95.92,9,100,1,1
6402,8226,28,0,2,4,0,7,41706,30,2,20,80.99,3.57,48.83,3,0
6403,6905,58,0,4,2,0,34,169661,45,18,46,80.59,9.78,100,1,1
6404,2490,44,0,5,3,3,17,107058,46,22,2,91.91,10,100,1,1
6405,242,38,0,6,1,1,15,154195,46,21,69,72.84,9.98,100,1,1
6406,4991,24,1,2,0,1,1,163920,31,22,40,94.55,9.93,100,1,1
6407,9309,53,1,1,1,2,26,105810,30,10,24,98.52,8.4,80.09,2,0
6408,5247,30,1,3,1,0,6,30449,35,2,36,84.39,6.28,53.43,3,0
6409,2687,28,1,2,5,2,2,66283,56,7,0,82.99,6.13,66.76,0,0
6410,9315,53,0,6,3,0,29,62309,57,4,36,86.37,8.88,74.16,2,1
6411,9260,39,0,1,2,2,16,146479,42,11,74,82.94,10,100,1,1
6412,2255,58,0,0,4,2,31,96984,33,6,53,71.71,9.66,100,1,1
6413,1950,50,1,4,1,0,28,120778,33,19,4,95.11,10,100,1,1
6414,5587,37,1,3,0,2,15,72848,30,12,20,90.62,8.79,76.89,2,1
6415,5130,33,0,0,3,2,11,127999,58,7,79,99.68,7.26,85.63,1,1
6416,153,25,0,6,4,0,1,165257,40,24,47,92.43,8.02,100,1,1
6417,2637,25,0,1,2,0,5,99005,56,20,11,71.83,9.04,91.39,1,1
6418,405,38,0,4,4,3,16,59207,55,1,11,76.44,6.56,63.86,0,0
6419,7664,23,0,1,5,0,1,46165,32,1,78,74.21,6.28,40,3,0
6420,8531,54,1,0,2,3,27,71361,48,11,24,70.93,7.22,81.69,2,1
6421,6853,22,0,0,1,0,2,118782,58,19,7,84.41,7.73,85.95,1,1
6422,3163,54,0,3,5,2,34,115372,36,22,9,95.74,9.54,100,1,1
6423,9193,39,0,3,0,0,14,157601,50,21,7,84.4,9.84,100,1,1
6424,7295,38,1,0,2,2,12,138293,55,11,52,90.14,9.11,94.53,1,1
6425,7483,28,0,1,5,0,8,163187,37,19,25,84.21,10,99.4,1,1
6426,5081,52,0,5,3,0,25,157912,54,15,56,72.88,8.48,100,1,1
6427,1193,23,0,6,3,2,1,31661,32,1,57,96.5,4,48.52,3,0
6428,5852,22,1,0,1,0,2,40848,34,3,28,99.35,4.87,61.19,0,0
6429,7478,25,0,4,5,2,5,146087,43,7,69,92.23,7.22,89.95,1,1
6430,1235,34,0,5,5,0,10,137885,34,17,70,94.6,8.84,100,1,1
6431,2034,34,1,2,5,0,10,47361,56,2,45,81.73,4.16,48.68,3,0
6432,2292,56,1,6,0,0,35,99354,51,4,48,91.81,9.2,100,1,1
6433,688,27,0,5,5,2,6,176750,54,18,32,75.11,9.61,91.96,1,1
6434,1278,26,1,5,4,2,5,35578,37,1,2,71.76,6.39,40,3,0
6435,1704,39,0,3,5,2,18,168224,46,7,54,95.02,10,100,1,1
6436,570,37,0,6,2,1,14,163360,48,19,79,96,10,100,1,1
6437,9374,58,1,5,1,3,35,177848,44,3,76,94.53,10,100,1,1
6438,171,47,1,6,3,3,21,101310,59,21,21,85.17,9.59,100,1,1
6439,7820,58,0,3,2,1,36,98650,33,13,37,79.82,10,100,1,1
6440,3794,30,1,1,5,0,6,106734,44,11,27,76.05,6.36,78.8,2,1
6441,1408,26,0,0,2,0,1,40771,55,6,72,76.13,7.69,61.43,0,0
6442,8171,57,0,5,4,1,33,131361,47,3,25,72.59,9.37,91.35,1,1
6443,1060,32,1,1,0,0,5,119095,51,24,47,84.65,9.23,100,1,1
6444,3718,52,1,0,0,0,29,160079,38,6,37,91.43,10,100,1,1
6445,2372,59,1,5,0,0,32,121215,41,8,21,95.78,10,100,1,1
6446,2889,55,0,4,3,0,30,108962,39,24,26,87.54,10,100,1,1
6447,51,32,0,6,0,0,7,158379,60,19,49,89.81,10,100,1,1
6448,1660,55,0,3,4,0,28,163524,58,3,68,96.56,8.95,99.73,1,1
6449,3641,47,1,2,1,2,27,110432,53,23,30,89.38,10,100,1,1
6450,3444,38,0,0,2,0,12,110971,38,5,29,91.64,7.43,79.09,2,1
6451,3792,54,0,5,1,2,27,77952,40,1,57,85.96,6.06,77.79,2,0
6452,1452,23,0,4,1,0,1,37498,34,5,6,70.69,4.01,40,3,0
6453,387,22,0,4,3,3,1,176454,42,17,6,95.97,8.11,100,1,1
6454,7185,29,1,2,3,2,3,126435,41,14,7,85.98,10,98.55,1,1
6455,4884,59,1,3,3,0,37,105916,30,21,40,99.35,10,100,1,1
6456,6662,54,1,2,2,0,34,124940,37,6,5,80.23,9.58,93.58,1,1
6457,6005,48,0,6,3,2,25,104530,36,1,73,94.87,10,97,1,1
6458,7006,49,0,4,3,1,29,122666,37,14,11,97.59,10,100,1,1
6459,7353,27,1,1,5,2,4,48760,45,1,9,81.67,3.88,48.49,3,0
6460,4776,47,0,6,2,0,26,170725,33,6,19,90.65,9.04,94.12,1,1
6461,2844,27,1,6,3,0,3,31254,59,5,3,70.62,3.83,40,3,0
6462,8615,38,0,0,0,1,18,126541,42,14,77,91.52,8.7,100,1,1
6463,8423,32,1,3,4,2,10,77964,58,4,15,96.72,4.78,60.14,0,0
6464,4826,59,1,4,4,0,39,178207,60,3,41,92.76,9.33,92.09,1,1
6465,1055,58,0,3,3,2,34,114385,43,1,20,80.67,9.37,76.16,2,1
6466,206,41,0,4,2,2,15,46948,40,1,47,89.93,7.76,64.56,0,0
6467,613,35,0,1,1,3,12,147660,42,23,21,79.22,10,100,1,1
6468,7933,33,0,6,1,0,6,176252,48,24,22,78.77,9.95,100,1,1
6469,493,24,0,1,1,0,1,86844,46,5,43,93.57,5.64,78.71,2,0
6470,3687,34,1,1,4,3,13,116872,59,10,64,84.43,7.62,88.12,1,1
6471,5837,30,1,1,1,2,4,102199,43,23,64,96.01,10,100,1,1
6472,5718,29,1,5,2,0,2,45162,43,7,2,83.58,7.28,65.42,0,0
6473,8355,46,1,3,3,0,25,162290,51,3,56,71.81,10,93.71,1,1
6474,2909,50,0,0,5,2,23,132420,60,11,28,80.07,9.53,98.28,1,1
6475,737,28,1,4,3,0,2,39814,56,3,53,85.49,5.32,52.36,3,0
6476,9254,50,0,4,1,1,28,122746,58,11,12,84.13,9.83,99.04,1,1
6477,1072,24,0,6,0,0,3,45951,40,7,36,79.02,6.55,64.85,0,0
6478,7946,54,1,4,5,0,28,122679,43,6,41,90.93,8.12,87.72,1,1
6479,7383,36,1,6,4,0,11,41742,59,7,15,89.73,6.03,59.99,0,1
6480,2754,35,1,5,2,0,15,47185,40,1,1,75.06,5.6,52.02,3,0
6481,2430,35,0,1,2,0,12,167554,36,11,48,78.25,7.75,85.04,1,1
6482,803,35,0,4,4,0,12,166481,53,12,65,96.35,10,100,1,1
6483,4758,56,1,4,4,1,30,104195,50,22,62,71.23,10,100,1,1
6484,7416,35,0,0,1,0,13,92382,37,12,63,76.99,7.39,100,1,1
6485,6899,31,1,6,0,2,11,112539,38,18,34,97.9,10,100,1,1
6486,7473,38,0,4,2,0,16,91607,43,23,12,73.04,8.31,100,1,1
6487,7197,56,0,2,0,0,30,177790,46,22,30,84.74,10,100,1,1
6488,9328,27,1,2,5,2,4,100803,39,18,28,90.53,9.73,96.39,1,1
6489,1614,57,1,4,0,2,31,145404,44,8,16,77.53,6.87,97.55,1,1
6490,2774,32,0,4,4,2,12,34605,41,1,9,87.44,6.05,52.59,3,0
6491,4819,36,1,0,1,1,10,65565,52,14,0,93.8,6.52,74.64,2,0
6492,3765,52,1,5,2,0,26,162247,42,16,78,83.6,10,100,1,1
6493,1386,42,0,5,3,0,20,78881,59,6,21,80.35,5.36,67.99,0,0
6494,1228,58,0,3,0,2,33,91914,35,5,73,76.26,8.77,100,1,1
6495,5665,25,0,3,0,3,1,140071,53,24,24,80.76,9.69,100,1,1
6496,1896,34,1,1,0,0,13,98251,36,7,58,87.11,9.9,85.07,1,1
6497,1032,23,0,6,3,2,1,78617,53,5,39,83.58,5.59,58.56,0,0
6498,8491,38,0,0,3,0,18,110760,49,10,42,77.3,8.31,78.2,2,1
6499,5598,23,0,0,5,0,2,83531,56,6,63,86.54,8.94,71.15,2,1
6500,2603,25,1,3,5,2,3,48274,39,5,22,77.82,3.99,50.32,3,0
6501,6628,54,1,5,2,2,29,140607,56,12,5,77.2,9.84,89.3,1,1
6502,3874,59,0,2,0,0,35,114120,51,3,19,74.09,8.69,100,1,1
6503,7979,52,1,2,2,0,26,106329,45,20,6,74.6,10,100,1,1
6504,4582,30,0,0,3,0,9,150098,47,23,75,98.28,8.12,100,1,1
6505,6886,25,0,3,5,2,1,51023,38,9,15,80.4,3.89,55.97,0,0
6506,6085,25,0,2,5,3,1,132350,40,19,11,98.49,10,100,1,1
6507,8068,56,1,2,4,0,30,94041,36,7,67,72.95,10,100,1,1
6508,6535,39,1,6,2,0,16,173992,48,21,57,81.48,10,100,1,1
6509,362,39,0,5,4,2,12,154415,54,23,68,82.67,9.93,100,1,1
6510,3866,47,0,4,2,0,24,103302,31,22,26,74.53,8.14,100,1,1
6511,7800,36,1,2,5,0,12,150040,49,12,19,76.66,8.48,87.89,1,1
6512,1352,29,0,3,2,2,9,159547,44,13,45,95.56,10,100,1,1
6513,2446,26,0,3,5,0,3,80365,37,13,17,73.61,6.67,78.13,2,1
6514,1329,35,0,3,3,2,14,147343,47,19,36,77.14,10,100,1,1
6515,8849,59,0,0,1,2,33,136272,49,12,35,73.98,10,100,1,1
6516,5497,22,1,0,4,0,1,86215,52,7,35,88.73,7.31,70.7,2,1
6517,7936,55,1,6,0,0,33,74357,37,3,48,84.38,9.24,84.29,2,1
6518,5159,34,0,3,4,2,14,76407,55,10,2,99.11,7.75,82.47,2,1
6519,5882,44,1,2,1,2,17,160545,54,12,71,93.17,10,98.82,1,1
6520,3825,39,1,3,5,0,18,175104,47,16,44,87.1,9.68,100,1,1
6521,3831,50,0,2,5,0,24,129017,52,17,44,84.49,9.92,100,1,1
6522,5403,57,1,2,0,3,34,173497,39,15,61,70.28,10,100,1,1
6523,4221,31,0,5,2,1,5,103148,35,11,42,99.24,6.19,72.83,2,0
6524,6752,28,1,6,3,0,3,48797,56,2,51,96.73,6.18,62.04,0,0
6525,6801,50,1,3,2,3,23,93151,50,2,18,85.94,8.3,74.92,2,1
6526,1422,40,1,6,5,3,15,93619,37,9,36,77.68,8.09,80.82,2,1
6527,3818,59,1,1,4,0,36,106483,33,21,0,95.9,10,100,1,1
6528,675,26,1,6,3,0,3,162525,37,13,41,93.59,9.41,93.52,1,1
6529,3744,44,1,2,1,0,21,122351,56,19,30,94.67,10,100,1,1
6530,7342,58,1,4,2,2,38,91611,56,20,76,98.47,9.62,100,1,1
6531,8618,33,1,2,0,0,7,105115,32,6,53,93.12,6.79,74.83,2,0
6532,7908,37,1,5,5,2,15,107672,51,20,24,96.65,9.89,100,1,1
6533,7506,35,1,4,2,1,15,157843,55,7,43,83.97,8.25,90.24,1,1
6534,7724,33,1,0,2,2,11,98391,58,7,41,80.67,9.54,81.74,2,0
6535,6106,38,0,3,4,3,12,30416,57,2,27,99.34,4.91,51.95,3,0
6536,3260,44,0,4,4,1,22,119612,48,4,53,85.23,8.75,88.02,1,1
6537,3329,39,1,6,1,0,12,113756,44,2,67,84.36,8.03,75.17,2,1
6538,6049,22,0,1,4,2,1,30387,56,2,42,71.27,3.74,40,3,0
6539,3869,42,1,3,4,0,22,68441,33,4,32,72.77,7.94,71.42,2,0
6540,2733,33,0,1,3,0,9,75730,47,10,37,96.69,8.59,82.16,2,1
6541,7438,45,1,3,0,0,19,141820,56,22,49,90.96,10,100,1,1
6542,7985,54,0,6,0,0,34,118560,44,6,0,94.06,10,94.58,1,1
6543,220,33,1,2,2,1,11,115718,31,22,53,75.25,9.64,100,1,1
6544,1243,47,0,0,4,2,20,156068,33,24,38,75.82,10,100,1,1
6545,8041,44,0,0,1,1,23,163859,54,2,61,96.09,8.33,85.38,1,1
6546,803,58,0,5,2,0,32,165890,47,10,50,80.24,10,100,1,1
6547,4638,24,1,2,3,2,1,112765,43,1,56,79.18,7.05,74.35,2,1
6548,3212,28,0,2,0,0,1,105049,52,22,53,74.99,8.53,100,1,1
6549,8752,52,0,5,0,0,26,150487,39,24,59,75.51,9.72,100,1,1
6550,184,38,0,2,4,0,16,116902,39,12,58,81.73,10,96.38,1,1
6551,8262,43,1,0,3,2,16,106497,34,19,60,97.7,10,100,1,1
6552,4076,37,1,3,0,0,11,126898,45,14,24,82.65,10,100,1,1
6553,2438,33,1,0,5,0,11,123795,52,19,41,94.88,9.54,100,1,1
6554,3583,47,1,4,1,0,25,119850,45,1,19,95.54,10,96.36,1,1
6555,7621,46,0,6,4,1,25,103955,34,14,47,75.21,10,100,1,1
6556,5537,47,1,4,2,0,24,127282,53,17,31,87.56,10,100,1,1
6557,8923,27,0,6,3,0,5,44357,31,2,50,79.19,6.49,54.3,3,0
6558,8830,44,1,0,3,0,20,144678,48,9,47,89.01,9.49,100,1,1
6559,6587,40,1,3,1,3,13,91636,48,21,48,83.03,9.33,100,1,1
6560,1748,41,1,5,5,0,18,92030,49,9,52,90.76,9.34,94.19,1,1
6561,800,30,1,1,0,2,9,159831,46,3,45,78.24,8.9,86.66,1,1
6562,8600,53,0,0,3,0,32,179274,47,18,11,74.77,10,100,1,1
6563,3400,23,1,2,4,2,2,115392,57,14,49,85.28,8.6,85.14,1,1
6564,4060,39,0,2,5,0,19,171460,52,15,66,98.68,9.66,100,1,1
6565,3535,29,0,0,4,0,8,150943,57,17,78,94.69,10,100,1,1
6566,7072,58,0,6,1,1,38,109164,51,18,73,83.95,9.19,100,1,1
6567,4263,22,0,4,3,0,1,120475,43,19,8,93.56,10,100,1,1
6568,6221,40,1,6,2,0,20,88881,40,3,42,91.52,7.41,76.11,2,0
6569,7634,56,1,1,3,0,36,111515,54,23,17,81.59,10,100,1,1
6570,8292,29,1,3,5,0,7,58335,39,5,28,96.07,7.82,65.52,0,0
6571,3210,41,1,6,0,0,20,116523,54,24,26,90.94,8.84,100,1,1
6572,1670,54,1,6,4,0,34,141527,32,13,56,83.5,10,100,1,1
6573,1967,33,1,6,4,0,12,96384,56,15,10,91.85,6.65,82.44,2,1
6574,2246,57,1,0,4,0,32,114236,48,12,59,82.79,10,100,1,1
6575,5893,30,1,6,2,0,6,147427,54,23,36,98.9,10,100,1,1
6576,6842,44,1,6,4,0,18,132411,59,19,59,71.9,9.22,93.5,1,1
6577,815,56,0,1,5,2,34,94326,60,16,49,92.33,10,100,1,1
6578,7852,40,1,4,2,3,19,104158,58,18,15,93.97,8.25,100,1,1
6579,3417,27,1,3,0,1,7,61066,55,7,4,94.65,7.35,64.82,0,0
6580,1765,26,0,2,2,2,2,136561,59,20,66,89.59,10,100,1,1
6581,886,56,0,2,0,0,36,127077,35,11,29,74.33,10,100,1,1
6582,1583,41,1,4,4,1,16,97208,39,2,70,94.98,9.33,98.76,1,1
6583,6268,54,0,1,0,2,31,108512,33,18,62,92.02,9.51,100,1,1
6584,7569,35,1,0,3,0,8,110053,47,9,79,84.8,10,100,1,1
6585,1373,23,1,2,4,0,1,130353,42,19,37,97.33,9.77,100,1,1
6586,3546,51,0,4,5,2,24,148325,43,24,66,72.47,9.21,100,1,1
6587,3950,28,1,5,1,2,6,73795,33,5,35,77.73,6.27,65.02,0,0
6588,8437,25,1,3,1,2,1,106240,50,12,6,80.67,6.81,73.68,2,0
6589,8978,25,0,0,4,0,1,100272,32,9,38,85.82,7.87,75.99,2,0
6590,2870,56,0,3,3,0,35,105662,51,17,34,91.56,9.46,100,1,1
6591,2559,38,0,4,4,1,15,102691,51,8,30,83.33,9.15,93.55,1,1
6592,6396,25,0,5,5,2,1,73114,49,6,14,97.94,6.29,64.37,0,0
6593,6372,50,0,3,3,2,23,124798,45,21,65,72.44,9.98,100,1,1
6594,681,58,0,5,5,2,37,135661,30,11,29,73.86,9.66,100,1,1
6595,8936,24,1,5,3,0,1,48997,55,6,21,76.88,5.1,42.14,3,0
6596,2984,55,0,4,1,3,32,165741,49,12,79,88.62,10,100,1,1
6597,2283,28,1,5,2,0,8,133449,55,24,3,82.57,8.63,94.03,1,1
6598,1128,50,1,2,5,0,29,143598,46,13,76,92.78,9.28,100,1,1
6599,2615,52,1,6,4,0,27,177344,34,1,79,73.9,9.66,97.07,1,1
6600,4261,59,0,2,3,0,36,100087,37,15,77,80.16,9.96,100,1,1
6601,885,56,1,0,3,0,33,131463,34,12,11,85.68,10,100,1,1
6602,2401,39,1,0,3,1,18,136597,41,14,44,81.84,9.74,100,1,1
6603,7730,52,0,2,3,1,31,145027,45,9,15,96.73,10,100,1,1
6604,8350,49,0,6,2,2,28,137831,40,7,19,84.12,10,95.28,1,1
6605,9069,55,0,4,4,0,35,153447,43,23,17,93.44,10,100,1,1
6606,385,44,0,6,3,0,23,126844,45,17,25,73.13,9.52,100,1,1
6607,6887,23,0,4,5,0,3,72079,40,12,8,70.36,5.23,64.64,0,1
6608,4503,51,0,4,5,2,26,100510,44,20,75,81.72,8.36,100,1,1
6609,5862,29,0,1,3,1,6,61272,56,7,14,83.61,5.78,62.85,0,0
6610,3129,36,0,1,1,2,15,44837,36,1,43,79.28,5.56,62.1,0,1
6611,6448,31,0,1,1,2,11,104982,55,11,27,75.79,7.18,76.58,2,1
6612,3224,43,1,1,2,0,21,145855,57,11,71,76.65,9.62,100,1,1
6613,8512,44,1,5,1,1,21,62373,56,5,14,78.3,7.1,64.32,0,0
6614,3179,28,1,0,3,1,6,93996,42,3,47,85.06,9.04,77.01,2,1
6615,6586,23,1,2,0,1,1,33398,49,1,77,71.46,6.48,51.91,3,0
6616,194,48,0,3,0,0,28,158249,39,4,78,73.97,9.18,96.9,1,1
6617,6247,27,1,4,5,3,5,128643,47,11,16,95.57,8.03,85.19,1,1
6618,9315,37,0,4,1,1,14,71175,44,1,70,82.73,7.73,81.02,2,1
6619,6893,35,0,0,0,1,11,96275,55,2,56,93.03,6.1,71.04,2,1
6620,1330,23,0,5,2,0,3,93336,40,17,22,84.46,7.82,100,1,1
6621,4427,28,0,2,3,3,7,43387,42,5,4,90.19,8.68,69.41,0,1
6622,2917,34,1,1,4,0,12,109097,40,18,74,95.7,8.15,100,1,1
6623,5406,36,0,2,2,2,9,96141,58,15,51,78.45,8.76,89.28,1,1
6624,97,23,1,3,4,1,1,174672,57,21,33,87.03,10,100,1,1
6625,7292,29,1,0,3,1,5,125593,36,23,50,86.17,9.71,100,1,1
6626,618,56,0,0,3,0,36,137057,46,10,71,82.85,9.5,100,1,1
6627,43,45,1,3,3,2,25,129269,48,5,35,87.37,10,98.88,1,1
6628,6456,29,1,2,4,2,9,52649,37,7,24,84.59,6.42,64.09,0,0
6629,7767,54,1,5,5,0,31,109829,57,6,53,94.43,8.47,82.49,2,1
6630,4571,45,1,0,0,2,24,128199,56,13,26,76.2,9.04,92.95,1,1
6631,6379,51,0,1,4,1,30,153733,45,2,29,94.61,10,100,1,1
6632,6244,30,1,0,5,3,7,125059,43,21,0,86.02,10,100,1,1
6633,4988,55,0,6,1,2,30,94299,60,24,78,91.49,9.4,100,1,1
6634,4201,50,0,2,0,2,23,168957,44,4,20,77.25,9.37,94.58,1,1
6635,9014,27,1,3,4,0,7,106965,32,13,30,94.26,9.84,83.1,2,0
6636,4512,42,0,0,5,2,16,170950,47,15,79,78.36,9.75,100,1,1
6637,1171,54,0,0,2,0,27,149682,43,9,43,79.7,10,100,1,1
6638,4549,31,1,0,0,0,5,84556,41,13,27,74.61,7.14,73.95,2,0
6639,3782,26,1,1,1,0,4,101554,38,12,35,70.15,6.99,77.84,2,1
6640,5935,31,0,0,4,2,9,94163,54,18,51,95.4,10,100,1,1
6641,1494,47,1,5,4,0,23,100268,39,13,67,94.05,9.17,100,1,1
6642,2316,32,0,5,5,0,6,76327,54,6,36,94.81,6.26,66.89,0,0
6643,4325,39,0,5,5,2,14,154728,51,18,58,90.99,8.63,100,1,1
6644,8860,26,0,6,3,0,1,98575,58,19,72,83.49,8.22,95.05,1,1
6645,8708,54,1,4,3,0,27,160478,42,17,71,71.28,8.95,100,1,1
6646,9112,23,1,3,2,0,1,44711,53,7,27,83.47,5.34,47.98,3,0
6647,1252,32,0,1,2,2,7,45682,32,1,6,93.95,3.73,44.47,3,0
6648,2540,56,1,0,1,0,31,163198,35,17,35,87.69,8.55,100,1,1
6649,5022,25,0,6,2,1,1,111862,35,16,29,72.75,5.75,71.61,2,0
6650,8789,31,0,3,3,3,5,43831,45,7,29,70.97,8.38,68.14,0,0
6651,4183,31,1,4,3,0,4,42795,59,7,41,76.17,4.51,52.43,3,0
6652,4126,38,0,5,5,0,17,151403,33,9,71,79.06,8.76,97.44,1,1
6653,3897,46,1,3,2,0,21,84646,59,11,5,91.05,10,79.63,2,1
6654,7618,34,0,3,1,0,12,134649,49,9,57,88.29,10,100,1,1
6655,4551,30,0,5,1,0,5,97783,43,12,28,78.69,8.77,80.3,2,0
6656,6360,41,1,0,0,1,18,135435,49,5,79,73.58,9.16,90.15,1,1
6657,9304,47,1,1,5,1,26,71199,38,4,20,73.54,7.81,75.27,2,1
6658,9082,23,0,6,0,1,1,162198,54,24,11,74.65,10,95.01,1,1
6659,5712,50,0,5,3,0,29,106803,41,16,24,91.89,10,100,1,1
6660,7830,25,0,4,0,2,3,77130,58,8,6,96.79,7.88,57.7,0,0
6661,1726,44,1,4,5,1,18,95587,38,10,65,98.02,10,100,1,1
6662,8019,28,0,0,3,3,8,93597,59,23,0,83.92,10,100,1,1
6663,135,33,0,4,1,2,7,146980,54,22,28,74.93,10,100,1,1
6664,7624,46,0,2,0,2,20,148951,58,15,25,83.12,7.9,85.86,1,1
6665,3428,40,0,6,1,0,19,130134,46,17,78,70.05,9.79,100,1,1
6666,662,23,1,4,3,0,1,97895,38,23,65,93.93,9.64,100,1,1
6667,2354,32,1,2,3,0,9,58887,50,1,26,81.78,5.67,61.19,0,0
6668,8851,27,1,6,4,0,4,104672,46,15,29,81.9,10,97.37,1,1
6669,4332,54,1,1,1,1,27,92197,44,11,18,72.9,8.69,94.78,1,1
6670,7117,46,0,6,5,0,21,127342,38,22,17,85.86,9.28,100,1,1
6671,3073,43,1,6,3,0,19,99714,50,3,39,77.11,8.88,87.36,1,1
6672,8127,41,1,2,1,2,16,166800,35,7,45,82.85,8.83,88.14,1,1
6673,4850,41,0,2,3,2,21,67133,46,5,10,85.52,8.72,82.66,2,0
6674,7031,35,0,2,4,0,13,115296,53,20,65,99.8,9.69,100,1,1
6675,8551,27,0,0,1,3,4,82122,50,3,42,97.42,7.04,73.25,2,0
6676,5927,50,1,2,2,0,25,137021,30,12,49,91.89,9.29,100,1,1
6677,2945,30,0,3,3,0,5,32134,35,1,45,72.53,4.21,40,3,0
6678,2673,40,0,4,3,0,20,103009,57,11,20,71.45,6.89,80.62,2,1
6679,7314,54,0,2,2,1,30,145812,37,15,45,90.92,9.7,100,1,1
6680,4759,29,0,0,1,0,4,47263,50,2,35,73.06,4.38,46.8,3,0
6681,4315,34,0,2,4,0,13,125612,60,24,67,87.09,10,100,1,1
6682,5062,57,0,1,5,1,36,106978,50,5,6,92.57,9.39,93.13,1,1
6683,7497,24,0,0,1,0,1,78392,32,8,34,89.68,7.27,67.97,0,0
6684,5147,35,0,4,2,2,15,166335,36,13,57,78.69,10,100,1,1
6685,3241,48,0,1,0,2,21,162243,52,24,73,98.65,10,100,1,1
6686,2584,28,1,4,3,0,4,45543,52,2,65,80.66,5.9,60.2,0,0
6687,7011,29,0,1,4,0,4,108433,32,12,68,70.04,6.99,84.17,2,1
6688,792,26,1,1,5,0,2,41675,52,7,8,99.75,7.16,65.83,0,0
6689,228,33,0,2,3,0,13,88388,37,12,24,81.75,7.23,73.07,2,1
6690,5172,38,0,2,4,1,16,127216,54,12,30,78.65,8.21,88.55,1,1
6691,4045,22,1,5,3,1,2,155242,44,15,45,81.46,7.57,97.3,1,1
6692,4738,36,0,6,5,0,13,156206,31,21,74,93.7,9.65,100,1,1
6693,8646,31,0,6,0,0,4,99962,41,15,21,97.64,7.29,89.83,1,1
6694,8155,47,0,3,0,0,20,75922,60,18,16,84.32,9.03,83.34,2,1
6695,9315,50,1,1,2,1,23,64636,51,4,47,85.34,8.56,79.9,2,1
6696,3639,45,1,6,2,0,24,112306,58,21,74,83.54,10,100,1,1
6697,818,54,0,6,4,0,30,108091,47,18,23,79.55,8.77,100,1,1
6698,5975,39,0,5,3,0,17,62680,41,2,67,70.06,7.16,78.09,2,0
6699,1597,22,1,6,3,2,1,45942,41,5,47,85.71,5.12,67.57,0,0
6700,3243,35,0,0,1,1,12,73490,48,7,60,71.23,8.54,76.12,2,0
6701,7250,53,0,3,3,2,30,168925,40,11,60,99.58,10,100,1,1
6702,2124,30,0,6,2,0,5,106244,41,12,5,97.6,9.14,84.42,2,1
6703,2823,51,1,6,1,1,30,91154,52,20,14,74.35,9.27,100,1,1
6704,9005,33,1,3,5,2,6,158215,59,24,34,79.5,9.76,100,1,1
6705,4523,33,0,6,0,1,9,116156,53,15,5,89.15,9.49,76.17,2,0
6706,2717,32,1,6,1,2,12,105535,58,24,72,92.91,10,100,1,1
6707,9266,47,1,4,0,1,20,90500,58,12,16,72.93,8.54,83.49,2,1
6708,5553,30,0,3,4,0,6,35829,37,5,12,71.12,3.26,43.46,3,0
6709,3104,46,0,3,2,0,25,145226,39,15,43,85.29,8.49,100,1,1
6710,2007,23,1,1,4,0,1,47377,41,4,16,98.99,3.06,53.89,3,0
6711,6900,28,0,3,1,0,3,37635,57,5,63,76.12,4.26,54.77,3,0
6712,3746,39,1,5,4,0,15,93960,47,12,56,86,9.29,100,1,1
6713,1107,41,1,1,4,2,18,154469,39,10,23,83.14,10,95.26,1,1
6714,5547,58,0,6,2,2,33,149012,51,3,21,86.91,7.32,95.49,1,1
6715,5333,32,1,4,4,0,12,95097,45,1,62,89.92,8.83,80.66,2,0
6716,5883,49,1,0,2,0,25,104445,34,15,69,99.62,10,100,1,1
6717,5076,24,1,6,4,1,1,61413,52,2,24,72.56,5.15,60.36,0,0
6718,5010,59,0,2,4,0,37,93728,47,2,70,97.11,10,100,1,1
6719,2500,40,1,4,3,0,16,112262,41,5,67,83.76,8.71,88.83,1,1
6720,8293,32,0,4,2,2,8,94973,31,20,39,94.58,9.06,100,1,1
6721,5870,24,0,3,0,0,2,48634,38,2,72,89.08,7.74,58.64,0,1
6722,4986,30,0,6,1,2,4,156123,35,18,20,76.22,9.35,91.64,1,1
6723,6441,35,1,2,4,0,9,130221,33,16,57,97.88,9.16,100,1,1
6724,2553,58,0,5,5,2,36,132486,32,5,79,71.25,7.94,91.67,1,1
6725,8317,52,0,6,2,0,27,102395,39,18,26,94.16,9.87,100,1,1
6726,2558,36,0,2,1,2,14,90785,38,1,64,75.32,6.35,77.67,2,1
6727,6054,44,1,1,3,0,22,62868,59,7,18,71.28,8.67,74.85,2,0
6728,9256,29,1,2,2,2,6,45785,35,3,60,85.2,2.77,52.61,3,0
6729,2297,37,1,4,1,0,17,178097,35,24,54,94,10,100,1,1
6730,4653,23,0,4,1,2,1,92922,33,7,75,89.68,8.3,74.7,2,0
6731,9125,59,1,3,3,2,32,147848,49,18,74,72.99,9.38,100,1,1
6732,886,28,1,6,3,3,1,115497,38,14,34,97.26,7.85,90.32,1,1
6733,2151,36,1,0,2,2,9,42310,38,6,6,72.75,3.56,44.61,3,0
6734,6188,41,1,6,0,0,15,91916,40,8,10,80.83,8.43,76.81,2,0
6735,8084,41,1,4,3,0,15,96372,51,3,33,94.49,7.97,74.11,2,1
6736,6915,47,0,6,2,2,24,111883,45,12,1,92.1,10,100,1,1
6737,9148,56,1,4,1,0,31,167015,31,21,76,75.48,10,100,1,1
6738,5763,22,1,3,1,0,1,163801,52,14,75,95.33,9.74,100,1,1
6739,4269,28,0,4,2,0,7,171328,48,24,75,71.01,10,100,1,1
6740,3719,32,0,1,0,0,7,75108,38,9,5,76.69,7.84,70.09,2,0
6741,143,38,0,0,2,0,13,120367,33,12,37,99.86,9.21,85.87,1,1
6742,6767,52,0,0,1,2,28,179826,59,23,74,95.46,10,100,1,1
6743,7307,58,0,6,2,0,36,148028,59,13,53,74.63,8.4,100,1,1
6744,5214,27,0,4,1,2,1,112157,50,13,26,90.47,7.54,73.78,2,1
6745,2611,48,0,6,2,0,23,110502,53,21,22,71.4,10,90.51,1,1
6746,305,28,1,5,4,1,1,116124,35,9,72,91.75,8.3,95.89,1,1
6747,1874,58,0,6,5,0,36,178532,43,4,21,97.35,8.82,88.9,1,1
6748,2663,51,1,5,4,0,29,127717,30,12,32,92.06,10,100,1,1
6749,3062,48,1,6,4,2,22,107920,46,24,8,98.6,10,100,1,1
6750,3964,33,1,2,0,0,13,72685,52,3,49,98.91,6.51,74.87,2,1
6751,5730,36,1,3,2,2,14,165133,38,7,46,94.58,9.37,92.02,1,1
6752,29,29,1,2,2,2,7,127467,49,21,47,99.16,10,100,1,1
6753,1898,44,1,0,5,1,22,153203,40,4,47,94.79,9.86,99.15,1,1
6754,4139,59,0,3,2,0,37,110699,60,21,49,89.88,7,100,1,1
6755,1344,38,1,5,0,0,14,161339,34,14,69,92.08,10,100,1,1
6756,947,53,0,6,0,0,28,177608,34,11,45,72,8.44,100,1,1
6757,9375,34,0,0,4,0,7,125094,57,17,71,80.22,10,96.22,1,1
6758,6276,44,1,2,3,0,23,151337,52,23,27,87.3,8.77,100,1,1
6759,7136,27,0,2,4,0,3,113453,40,17,64,71.17,10,84.35,2,0
6760,7418,28,1,6,0,0,4,98891,38,6,19,98.65,6.71,76.65,2,1
6761,3086,29,1,4,3,2,9,133667,33,9,60,98.8,10,99.7,1,1
6762,852,35,1,3,5,0,13,112021,34,23,55,81.29,8.28,100,1,1
6763,2463,57,1,0,3,0,35,116938,43,14,18,76.18,10,100,1,1
6764,9007,22,1,4,4,2,2,159350,53,23,48,82.62,9.97,100,1,1
6765,2006,58,1,6,5,2,36,107639,41,14,57,85.66,10,100,1,1
6766,2887,50,1,3,4,0,29,134154,46,20,70,83,8.72,100,1,1
6767,5813,43,0,4,5,0,21,97688,60,11,40,97.23,9.14,96.08,1,1
6768,5218,35,0,6,1,2,10,69303,37,5,47,96.38,7.73,78.26,2,1
6769,370,48,1,5,3,0,25,96886,33,5,48,99.55,9.22,87.06,1,1
6770,1262,22,0,2,1,0,1,45994,52,4,59,89.51,6.15,65.06,0,0
6771,820,45,0,3,2,0,19,139485,54,18,17,84.24,10,100,1,1
6772,7923,43,1,6,3,0,19,129903,34,18,41,89.68,8.73,100,1,1
6773,9290,40,0,2,1,0,13,126506,36,12,48,99.57,8.88,96.25,1,1
6774,7025,49,1,2,2,2,28,134891,45,15,29,81.49,10,100,1,1
6775,8370,29,1,0,1,2,5,41274,39,4,38,75.92,5.24,54.22,3,0
6776,480,56,1,1,1,1,34,134197,31,14,4,73.47,10,100,1,1
6777,588,57,1,3,1,2,32,146261,35,15,0,93.41,8.11,100,1,1
6778,4586,40,0,3,1,2,14,143644,41,8,35,73.93,10,92.69,1,1
6779,2843,47,0,0,5,2,20,111891,58,17,10,70.02,8.85,86.58,1,1
6780,7600,50,1,5,3,0,30,102661,45,21,64,93.17,8.26,100,1,1
6781,3793,41,0,3,1,2,16,141087,32,20,37,71.06,8.96,100,1,1
6782,973,37,1,6,1,2,15,58744,51,1,14,92.9,6.3,62.5,0,0
6783,6528,52,1,5,2,2,25,173974,38,8,60,84.33,10,100,1,1
6784,4735,58,0,2,0,0,35,168924,46,13,68,78.88,9.7,100,1,1
6785,351,30,1,4,0,0,7,72054,47,19,1,81.37,9.06,80.56,2,0
6786,3919,43,0,3,5,2,20,89738,33,9,52,83.31,7.1,73.37,2,1
6787,2399,38,0,0,3,2,17,68636,42,3,24,77.81,7.37,63.58,0,0
6788,384,46,1,2,1,2,19,116919,42,9,14,81.19,9.01,81.71,2,1
6789,5089,56,1,6,4,2,32,173158,30,22,59,84.89,8.2,100,1,1
6790,6115,47,0,6,0,2,26,102114,39,24,20,91.13,9.89,100,1,1
6791,8697,28,1,5,4,2,2,104855,49,15,59,84.56,10,96.64,1,1
6792,7110,28,1,1,5,2,8,46542,58,1,46,75.47,6.56,52.2,3,0
6793,2975,53,0,3,2,2,28,144569,39,5,72,87.78,10,100,1,1
6794,1587,25,0,1,3,0,4,34827,30,10,1,77.62,5.1,47.47,3,0
6795,4162,34,0,0,0,0,9,95142,43,22,14,83.76,10,100,1,1
6796,9162,36,1,4,5,0,11,93824,45,16,33,72.03,10,99.98,1,1
6797,7795,33,0,0,2,0,9,117126,45,20,27,99.81,9.1,100,1,1
6798,5228,52,1,6,3,1,30,106947,30,9,45,93.41,10,100,1,1
6799,7613,45,0,6,0,0,24,83615,34,1,12,98.15,6.96,72.92,2,1
6800,7790,56,1,3,3,3,31,176911,38,16,50,78.85,9.29,100,1,1
6801,3354,52,0,4,1,2,32,146339,37,7,71,86.19,10,100,1,1
6802,7764,26,1,5,5,0,5,138842,50,24,62,83.14,10,100,1,1
6803,7109,22,0,6,3,2,1,44172,49,4,44,89.89,6.37,48.11,3,0
6804,4535,33,1,6,3,0,10,65165,39,1,37,84.89,4,59.81,0,0
6805,5240,53,1,5,5,0,28,112828,42,20,6,89.32,10,100,1,1
6806,8093,38,0,6,2,2,13,149363,36,20,19,94.54,8.34,100,1,1
6807,4015,54,1,0,5,0,32,140246,47,14,20,98.3,10,100,1,1
6808,636,22,0,3,1,2,1,136019,43,13,73,81.86,10,96.03,1,1
6809,6576,58,1,5,2,0,33,179688,36,14,65,79.01,9.56,100,1,1
6810,5138,58,1,6,1,0,36,110151,49,15,57,83,9.59,100,1,1
6811,8256,49,1,6,5,1,22,110964,38,18,2,87.6,9.17,100,1,1
6812,2807,45,0,2,0,0,20,146001,50,13,62,83.01,9.33,100,1,1
6813,1293,58,0,6,1,2,35,112403,37,6,50,94.35,8.84,100,1,1
6814,4518,52,1,4,3,2,32,109594,43,12,33,79.88,9.62,100,1,1
6815,6100,44,0,1,3,2,23,83869,48,7,32,75.51,7.74,83.53,2,1
6816,2541,47,1,0,2,2,24,101207,41,7,51,73.51,9.01,94.4,1,1
6817,539,38,0,0,2,2,17,60203,59,4,35,81.4,5.95,64.75,0,1
6818,4383,55,0,1,4,1,29,175680,44,7,56,75.77,9.63,99.77,1,1
6819,7523,58,0,5,0,2,33,167758,30,8,37,97.96,10,100,1,1
6820,1165,55,1,3,5,1,30,126985,44,13,1,77.81,10,100,1,1
6821,5471,42,1,5,0,1,21,106223,55,6,61,81.73,10,100,1,1
6822,1764,39,0,4,4,2,17,95157,35,8,34,88.03,8.96,88.19,1,1
6823,6012,42,0,4,5,2,15,58473,39,5,15,79.4,5.87,68.61,0,0
6824,3030,23,0,3,4,0,1,97783,53,12,1,98.04,9.14,80.03,2,1
6825,6688,34,0,4,2,0,8,155408,55,18,11,76.99,9.94,89.9,1,1
6826,6357,47,0,2,0,0,21,149071,42,9,14,90.28,10,96.21,1,1
6827,4379,52,1,4,2,1,30,153722,52,13,38,79.4,9.8,100,1,1
6828,2751,23,1,0,0,0,2,87341,35,7,21,97.46,7.56,77.22,2,0
6829,3520,45,0,3,2,1,21,153565,58,21,75,85.24,10,100,1,1
6830,6435,22,1,6,2,0,1,63139,31,18,59,70.26,8.39,80.07,2,0
6831,5427,25,0,4,0,1,4,132386,46,22,62,93.89,10,100,1,1
6832,9039,53,0,2,0,0,27,90960,55,8,6,82.82,8.42,80.94,2,1
6833,5647,27,0,0,5,0,2,172572,45,7,78,83.32,8.63,94.04,1,1
6834,6333,43,0,2,4,0,22,141433,56,8,71,83.24,9.98,86.35,1,1
6835,345,39,0,5,3,2,18,179730,37,12,19,76.32,8.7,89.22,1,1
6836,2224,39,0,2,2,0,16,170190,39,11,29,83.78,10,99.94,1,1
6837,401,34,1,4,1,0,7,153256,56,18,67,84.06,8.86,100,1,1
6838,6929,34,0,2,5,0,13,103997,43,6,35,85.7,8.41,79.06,2,1
6839,2254,37,1,4,0,2,14,60794,59,7,29,91.47,8.13,75.3,2,1
6840,1077,38,1,0,3,2,15,82162,53,9,33,92.11,7.53,72.45,2,0
6841,3193,50,1,1,3,0,29,110498,42,6,57,88.45,10,100,1,1
6842,2243,29,0,0,1,1,2,42376,32,12,10,82.08,3.38,46.58,3,0
6843,4049,40,1,1,4,2,13,70730,36,12,23,76.23,6.81,81.81,2,0
6844,5343,41,1,6,1,2,15,106492,57,19,52,75.79,10,100,1,1
6845,1500,33,1,6,4,1,10,146143,54,14,29,77.26,10,95.28,1,1
6846,1132,29,1,0,4,2,7,98484,42,10,53,92.55,8.32,87.04,1,1
6847,3715,33,1,2,4,2,6,102689,55,14,55,73.13,7.59,76.41,2,1
6848,3031,29,1,0,0,2,8,65846,40,8,39,91.57,7.84,69,0,0
6849,3914,39,0,5,2,2,19,164255,56,10,46,93.78,9.38,89.18,1,1
6850,2540,23,0,2,1,2,1,78478,39,7,7,96.12,7.4,59.75,0,1
6851,3659,49,0,5,5,1,24,107155,58,16,5,88.08,10,100,1,1
6852,8109,39,0,5,1,0,18,136792,50,21,29,79.04,7.31,100,1,1
6853,8430,32,0,4,1,3,7,166538,55,14,71,94.23,9.22,100,1,1
6854,165,52,1,0,4,0,32,144731,44,6,68,76.24,9.65,100,1,1
6855,3591,51,1,4,2,2,29,124447,58,18,6,77.96,10,100,1,1
6856,8911,42,0,5,5,0,18,64066,58,5,16,82.1,5.46,62.13,0,0
6857,5484,28,1,0,3,2,7,75406,34,4,78,92.73,7.03,76.41,2,1
6858,7469,59,0,2,1,0,32,131798,33,9,74,87.49,7.6,100,1,1
6859,555,22,1,1,3,0,2,117859,43,20,78,79.23,10,100,1,1
6860,915,36,1,0,0,1,11,109533,45,10,37,77.1,7.56,73.82,2,1
6861,6303,43,0,4,0,0,16,60047,33,6,18,80.14,5.24,55.34,0,0
6862,1247,23,1,1,0,1,1,159990,57,11,74,90.74,10,91.22,1,1
6863,5242,56,1,5,3,0,36,105005,51,10,0,72.51,7.58,86.47,1,1
6864,5620,44,1,3,2,2,22,159307,56,18,74,74.53,10,100,1,1
6865,5679,39,0,0,5,1,16,172712,47,10,23,98.5,10,100,1,1
6866,4712,47,1,1,3,1,25,100530,30,10,10,82.64,7.54,84.17,2,0
6867,6679,38,1,4,1,2,18,171898,53,24,18,76.83,10,100,1,1
6868,7155,46,0,1,0,3,26,124998,57,7,65,98.55,10,98.19,1,1
6869,277,27,0,2,0,2,1,116377,60,23,77,96.29,10,100,1,1
6870,7392,26,0,5,4,0,6,93529,45,24,35,97.69,10,100,1,1
6871,8246,41,1,3,2,1,16,105804,46,4,44,97.75,6.58,80.15,2,1
6872,7002,41,0,4,1,0,21,179076,35,13,55,90.7,9.71,100,1,1
6873,594,39,1,0,5,0,18,150076,34,19,32,91.3,10,100,1,1
6874,3248,48,0,3,0,2,22,175615,31,17,79,82.19,8.72,100,1,1
6875,3671,30,1,5,5,0,7,147508,44,16,29,95.84,9.74,100,1,1
6876,3844,29,1,0,0,2,9,61836,43,11,9,77.03,7.57,82.73,2,1
6877,3437,52,1,2,2,0,31,124087,52,17,50,90.99,9.07,100,1,1
6878,9067,24,0,3,2,2,4,116595,54,11,47,85.02,6.29,71.11,2,1
6879,5250,38,0,4,0,3,15,163260,37,10,79,83.04,10,100,1,1
6880,5516,45,1,4,2,0,23,47760,35,6,39,70.08,5.34,60.15,0,0
6881,3105,25,1,6,4,0,3,70768,31,13,47,81.81,6.96,58.52,0,1
6882,3338,58,0,5,4,1,35,142978,47,5,32,97.71,10,100,1,1
6883,1029,25,0,2,2,0,2,47003,49,3,55,74.95,5.77,54.55,3,0
6884,6869,24,1,2,0,0,1,48138,60,6,2,75.13,3.09,40,3,0
6885,2132,45,0,0,4,0,20,105665,39,12,31,71.72,9.8,100,1,1
6886,1910,38,1,5,3,0,16,154934,54,24,22,93.24,10,100,1,1
6887,5999,48,0,2,3,0,27,110139,37,14,62,71.42,10,100,1,1
6888,2982,37,0,5,0,1,17,130641,51,15,37,87.21,10,100,1,1
6889,3369,52,0,3,3,2,31,150048,48,12,57,99.22,10,100,1,1
6890,4812,22,1,2,5,0,1,111851,56,23,17,75.74,8.61,84.4,2,0
6891,840,54,0,2,2,0,32,133840,56,9,52,95.76,9.24,100,1,1
6892,4736,25,1,6,2,0,1,66192,32,10,7,92.42,5.85,67.6,0,0
6893,4264,56,0,0,0,1,30,92762,44,4,54,87.61,10,97.1,1,1
6894,2362,33,1,2,3,1,6,46256,39,3,42,82.79,4.56,48.67,3,0
6895,8771,34,0,3,5,2,11,152045,56,15,31,98.23,9.77,100,1,1
6896,5058,52,0,1,0,0,31,151970,56,4,26,81.77,9.52,98.15,1,1
6897,6627,23,0,6,1,2,1,43999,35,3,28,78.6,3.6,44.25,3,0
6898,8767,24,0,1,1,0,1,59230,32,14,46,75.01,6.53,69.09,0,0
6899,3673,50,0,4,0,3,24,127608,41,14,26,72.14,9.25,88.03,1,1
6900,1222,47,0,0,1,2,23,134609,46,1,72,98.68,10,92.15,1,1
6901,658,48,1,1,3,2,28,127501,44,11,33,86.2,9.31,100,1,1
6902,1759,53,1,0,5,0,28,177782,43,9,12,92.98,10,100,1,1
6903,6527,24,0,1,2,3,1,87173,55,8,77,95.42,8.3,74.74,2,0
6904,8537,24,1,1,3,0,1,102722,30,23,41,80.66,9.87,94.15,1,1
6905,6273,31,1,4,5,2,4,70151,54,5,14,87.83,6.4,55.03,0,0
6906,9009,32,0,0,4,2,10,122559,59,23,35,93.02,8.78,100,1,1
6907,3657,25,0,6,2,2,4,82304,50,11,16,73.68,7.21,70.09,2,0
6908,5660,32,1,4,3,2,6,178121,55,15,53,84.36,8.17,93.6,1,1
6909,4306,50,0,4,1,0,30,170576,50,7,28,77.99,10,91.08,1,1
6910,7367,55,0,6,2,0,32,123558,34,22,11,93.65,10,100,1,1
6911,7747,54,1,3,5,2,30,111264,35,23,15,95.24,10,100,1,1
6912,8563,44,0,4,0,0,24,165128,51,14,22,79.46,9.65,98.21,1,1
6913,2367,55,1,2,0,2,34,134166,41,12,28,89.91,10,100,1,1
6914,5511,35,0,0,2,0,12,124974,54,20,33,72.62,10,100,1,1
6915,8741,50,1,1,5,2,24,91099,56,15,70,85.56,10,100,1,1
6916,3460,49,0,0,3,0,27,107349,51,6,55,73.65,7.8,77.08,2,1
6917,2024,31,1,4,1,2,5,92563,42,3,59,78.53,6.68,70.45,2,1
6918,4679,43,1,0,0,0,17,60510,57,5,68,85.86,6.78,72.4,2,1
6919,240,39,0,2,1,0,16,146246,54,8,22,94.41,9.95,87.05,1,1
6920,1300,57,0,6,5,2,30,174634,50,2,43,91.37,7.37,89.92,1,1
6921,3958,37,0,2,2,0,12,102326,34,23,52,95.21,9.93,100,1,1
6922,8192,30,1,2,3,0,10,92806,32,17,9,80.04,8.57,73.84,2,0
6923,6867,48,0,0,4,1,28,111447,60,1,57,94.89,8.09,83.15,2,0
6924,1897,38,1,5,0,0,11,93439,57,10,22,82.07,6.69,74.58,2,1
6925,7249,49,0,3,2,0,24,157226,31,18,47,73.36,10,100,1,1
6926,2965,59,1,2,4,0,35,110258,47,8,71,82.58,9.49,100,1,1
6927,7440,35,0,2,4,3,8,60451,34,9,1,93.92,6.8,67.73,0,1
6928,2936,43,1,2,4,1,17,109398,54,8,15,90.87,10,87.35,1,1
6929,5791,42,0,4,5,0,15,128424,42,19,29,70.89,10,100,1,1
6930,7242,41,1,6,0,0,19,146860,46,10,46,71.79,10,93.98,1,1
6931,16,51,1,5,3,0,27,102216,40,10,43,86.47,9.66,100,1,1
6932,659,54,1,3,0,0,34,179278,48,14,55,84.94,9.04,100,1,1
6933,6515,53,0,6,5,1,29,147990,32,14,35,98.84,9.78,100,1,1
6934,5610,44,1,3,2,2,20,159965,49,16,61,76.15,9.23,100,1,1
6935,9031,31,0,4,0,0,10,94262,36,20,40,83.23,7.38,100,1,1
6936,6971,40,0,2,3,2,15,95875,44,5,3,72.83,7.84,74.9,2,1
6937,7370,41,0,6,3,1,16,81814,49,4,50,84.57,8.03,75.95,2,1
6938,4239,29,1,2,0,0,3,49540,53,15,47,81.41,6.83,60.74,0,0
6939,674,46,1,1,0,0,19,112193,37,12,62,73.69,9.37,100,1,1
6940,7344,24,1,2,0,0,1,120860,53,22,66,82.26,10,100,1,1
6941,5962,47,1,2,2,0,23,156759,59,21,32,91.59,10,100,1,1
6942,5079,38,0,6,5,1,13,119206,46,14,37,80.5,9.49,100,1,1
6943,6592,41,1,2,1,0,16,134007,37,13,61,97.77,10,100,1,1
6944,1771,32,0,1,5,0,9,37805,51,2,22,73,4.69,40,3,0
6945,3407,26,0,1,5,0,6,71461,36,16,20,87.55,5.35,68.57,0,0
6946,8751,37,0,0,1,0,17,67966,38,6,29,79.83,7.62,81.03,2,1
6947,3186,38,1,6,4,0,18,130729,36,17,75,98.27,8.5,100,1,1
6948,5231,25,1,5,1,3,1,66828,38,10,61,74.4,9.9,78.72,2,1
6949,6376,42,1,6,3,0,18,153883,41,15,31,74.51,9.87,100,1,1
6950,865,44,1,0,0,2,19,144334,45,22,68,79.45,10,100,1,1
6951,7806,49,0,3,4,2,27,172292,53,18,14,90.16,10,100,1,1
6952,4157,23,1,0,5,0,3,41830,47,5,38,72.19,6.59,63.43,0,1
6953,3061,51,0,6,4,0,24,106336,41,12,2,79.04,10,100,1,1
6954,8301,55,0,1,5,2,34,172646,42,5,25,99.42,9.88,100,1,1
6955,5284,42,0,1,0,3,17,93007,60,3,74,81.73,6.86,71.61,2,0
6956,8483,24,1,1,0,2,1,64706,34,12,57,83.79,7.4,76.33,2,1
6957,2995,53,1,0,1,0,32,144037,47,15,74,72.09,9.09,100,1,1
6958,3885,56,0,5,3,1,31,112664,38,13,30,79.76,8.94,100,1,1
6959,2197,47,0,6,3,0,22,127006,60,17,54,94.87,10,100,1,1
6960,1728,53,1,5,2,1,31,125594,38,19,55,84.13,10,100,1,1
6961,6682,44,1,2,5,0,24,142483,55,19,27,76.95,10,100,1,1
6962,3655,52,0,2,1,0,30,114630,45,15,58,91.79,8.27,100,1,1
6963,6816,32,0,5,0,2,12,158340,49,18,77,76.91,10,100,1,1
6964,1138,48,0,2,3,0,27,99653,51,8,14,82.65,8.24,81.37,2,0
6965,3327,55,0,2,2,0,31,107377,59,3,61,99.02,8.92,89.59,1,1
6966,2347,38,1,4,5,3,14,71928,53,1,64,82.36,7.95,61.89,0,0
6967,4348,44,1,2,1,2,19,115765,49,12,70,79.78,8.01,100,1,1
6968,6395,55,0,1,0,3,35,134911,54,19,77,94.54,8.33,100,1,1
6969,1569,26,0,4,0,1,5,94794,33,12,24,80.19,6.75,73.13,2,1
6970,6873,24,0,4,5,2,1,46408,58,1,36,79.23,4.24,42.68,3,0
6971,6541,29,0,0,2,1,4,60253,41,13,20,79.24,7.9,75.41,2,0
6972,2109,35,1,3,1,1,15,175026,44,21,12,91.99,10,100,1,1
6973,6425,50,1,4,0,0,24,178295,39,19,36,76.56,9.66,100,1,1
6974,6650,59,1,4,0,1,33,97888,45,16,78,89.86,10,100,1,1
6975,1955,27,1,4,3,2,7,171247,58,20,67,77.35,10,100,1,1
6976,6518,32,0,3,3,0,10,172848,54,24,19,75.22,10,100,1,1
6977,7430,23,1,3,2,0,2,48056,53,1,71,73.63,5.01,48.45,3,0
6978,8799,53,1,3,5,0,27,121873,52,10,62,93.06,9.91,100,1,1
6979,1553,50,0,0,2,0,25,95420,50,20,33,85.58,9.9,100,1,1
6980,950,58,0,3,4,2,31,139258,58,24,54,96.26,9.32,100,1,1
6981,855,49,0,5,0,0,23,162013,57,13,78,78.63,10,100,1,1
6982,1893,24,1,4,4,2,3,115357,45,11,19,99.16,6.84,72.29,2,1
6983,3976,52,1,4,4,2,31,162101,56,24,21,85.63,9.33,100,1,1
6984,9197,28,0,3,3,3,1,69044,54,14,28,77.98,8.92,83.15,2,1
6985,8130,44,0,1,1,1,24,83258,33,15,4,74.42,9.12,82,2,0
6986,420,30,1,5,5,1,9,150654,52,24,1,86.12,9.39,100,1,1
6987,1661,39,0,2,4,0,16,114798,53,16,26,86.6,10,98.91,1,1
6988,562,55,1,2,3,0,30,144079,51,7,32,95.26,10,100,1,1
6989,2986,31,0,6,2,1,10,150406,58,13,72,85.47,10,97.1,1,1
6990,7134,34,0,4,1,2,9,63682,42,1,28,91.05,7.17,61.93,0,1
6991,5993,55,0,3,5,1,29,133912,53,2,24,95.67,9.31,92.74,1,1
6992,4003,35,0,5,4,2,15,107382,39,11,17,79.74,8.79,79.98,2,0
6993,4536,44,0,0,3,1,21,54412,34,3,36,82.06,7.18,67.82,0,0
6994,6552,43,0,1,5,0,23,103778,52,19,71,80.1,10,100,1,1
6995,5881,35,0,1,2,2,14,109183,48,7,67,72.52,8.55,81.22,2,0
6996,8432,59,0,5,1,0,37,163090,55,8,7,73.26,8.79,91.05,1,1
6997,5500,30,1,2,1,2,6,122082,46,21,58,77.2,8.3,100,1,1
6998,3491,52,0,6,2,0,30,111899,30,17,48,75.03,10,100,1,1
6999,1685,58,0,1,1,2,37,108910,30,9,34,74.9,6.86,81.09,2,1
7000,5477,30,1,6,0,0,9,159507,45,19,56,84.42,10,100,1,1
7001,6180,59,1,1,2,0,39,128939,50,21,18,98.62,10,100,1,1
7002,1093,24,0,5,3,2,4,99922,44,9,38,78.29,10,92.82,1,1
7003,2288,49,0,6,2,3,22,112657,52,10,56,80.76,10,97.59,1,1
7004,7385,22,1,4,4,0,2,135875,43,24,13,82.22,10,100,1,1
7005,2748,48,1,1,2,0,24,152300,46,11,79,98.35,9.7,100,1,1
7006,6001,32,0,5,2,0,12,114633,60,18,74,95.34,8.94,100,1,1
7007,214,30,1,3,1,2,4,63403,55,4,66,86.04,8.19,75.22,2,0
7008,8616,39,0,5,4,0,16,130565,60,20,2,91.63,10,100,1,1
7009,6304,22,1,1,1,1,1,111325,41,24,31,72.15,10,89.9,1,1
7010,2338,24,1,6,5,0,4,68029,56,6,22,77.55,5.05,63,0,0
7011,487,31,1,4,5,2,11,134952,47,14,59,81.99,9.13,100,1,1
7012,7862,41,1,5,5,0,14,164421,53,18,36,79.42,10,100,1,1
7013,5987,42,1,3,2,1,17,66989,30,4,54,81.94,7.71,77.39,2,0
7014,4239,37,1,1,5,2,15,90678,35,13,25,70.54,9.26,87.71,1,1
7015,4147,32,0,0,0,1,6,112687,37,15,15,75.72,8.22,84.12,2,1
7016,3559,54,1,1,3,0,28,157319,51,17,49,88.99,10,100,1,1
7017,2247,54,0,4,4,0,34,154638,37,6,73,95.27,9.91,100,1,1
7018,6960,27,1,5,3,2,6,57644,57,6,14,77.76,7.1,58.15,0,0
7019,1412,38,1,3,0,0,17,103521,40,19,42,72.96,9.6,100,1,1
7020,5006,28,1,0,0,0,4,160033,50,23,29,80.42,8.6,100,1,1
7021,1776,46,1,3,1,0,19,146474,60,12,67,79.31,9.51,100,1,1
7022,9311,55,0,6,2,0,29,151884,34,8,64,76.73,10,99.12,1,1
7023,2418,34,0,2,4,2,11,86936,47,10,1,85.82,8.07,72.35,2,0
7024,8426,27,0,3,0,0,6,103798,30,19,54,91.21,10,100,1,1
7025,334,40,1,3,1,0,16,155299,50,17,52,93.82,8.41,100,1,1
7026,2394,37,0,3,5,1,16,122997,57,24,12,83.34,9.51,96.84,1,1
7027,5047,58,1,2,1,0,38,105219,39,1,51,92.23,10,100,1,1
7028,3274,47,0,6,4,2,22,91383,42,3,33,70.05,6.94,75.25,2,1
7029,9299,42,0,3,3,0,19,109451,44,7,18,72.76,6.7,81.96,2,1
7030,6099,48,1,6,5,2,21,127577,36,9,70,73.82,9.46,87.72,1,1
7031,6319,45,0,2,5,0,24,131562,48,19,30,87.32,9.25,100,1,1
7032,4961,57,0,6,2,0,37,130545,41,21,14,94.67,10,100,1,1
7033,1141,55,0,1,2,2,32,110958,40,16,73,94.15,8.82,100,1,1
7034,3582,30,1,4,1,0,3,179148,54,22,55,90.95,9.25,96.67,1,1
7035,9372,36,1,6,2,1,12,117258,60,7,70,81.79,9.71,75.72,2,1
7036,9139,46,0,1,1,0,26,145314,50,20,73,97.45,10,100,1,1
7037,8385,26,0,5,3,0,2,45849,59,1,75,90.37,8.03,65.93,0,0
7038,7911,48,0,2,5,0,28,99634,36,2,22,80.63,6,70.05,2,0
7039,6630,51,0,2,0,2,29,128620,55,4,47,91.92,9.79,89.86,1,1
7040,4066,41,1,2,1,2,20,121058,33,12,17,98.59,9.38,98.89,1,1
7041,8411,46,0,6,1,3,23,101877,47,14,63,88.33,10,100,1,1
7042,4464,45,1,5,5,0,25,90327,53,16,31,90.81,10,100,1,1
7043,3196,36,1,1,4,0,13,59263,55,10,60,78.93,6.46,68.71,0,0
7044,8434,37,0,6,4,3,10,106407,48,21,2,95.05,9.91,100,1,1
7045,5181,34,1,1,4,0,7,147183,46,18,32,74.11,7.38,100,1,1
7046,1626,31,1,0,2,0,5,40598,52,1,75,89.92,6.81,62.96,0,0
7047,6437,41,0,5,3,0,15,127479,53,22,39,84.92,9.27,100,1,1
7048,5279,42,0,5,1,2,15,94109,39,6,35,80.14,8.23,74.92,2,1
7049,2110,45,0,6,5,0,19,97163,30,20,27,81.7,10,99.49,1,1
7050,5264,41,0,6,3,0,19,165743,42,12,46,75.48,8.6,100,1,1
7051,2452,37,0,4,0,2,13,43703,42,5,14,76.04,6.76,68.16,0,0
7052,4894,33,1,2,0,2,11,75470,54,12,11,80.28,6.74,66.24,0,0
7053,8400,46,1,1,3,0,19,173164,44,22,48,74.41,10,100,1,1
7054,7439,57,0,0,2,0,36,121783,42,22,76,75.63,9.48,100,1,1
7055,5929,58,1,0,3,0,33,102912,48,9,49,99.4,9.43,100,1,1
7056,5609,35,0,1,2,0,10,102872,46,18,45,86.45,8.1,100,1,1
7057,3371,32,1,5,1,2,8,59809,36,3,43,82.21,4.97,58.14,0,0
7058,4080,30,0,5,5,3,5,148082,54,19,5,90.1,8.07,100,1,1
7059,6804,28,1,0,3,3,8,111686,58,22,29,98.89,10,100,1,1
7060,4649,44,1,3,4,0,20,115892,34,19,67,99.38,8.86,100,1,1
7061,3737,54,1,4,5,0,32,117668,54,9,45,96.97,9.72,89.72,1,1
7062,7433,51,0,1,4,1,25,135367,38,5,46,73.93,9.71,91.69,1,1
7063,4654,33,1,1,2,0,7,47715,34,6,4,75.75,4.56,52.12,3,0
7064,2665,57,1,6,3,2,30,115742,32,9,49,75.58,10,100,1,1
7065,5256,33,0,4,1,2,10,38336,55,5,2,92.33,4.33,50.83,3,0
7066,152,53,1,1,0,0,30,146038,60,17,33,70.06,10,100,1,1
7067,8406,39,0,2,0,0,17,107009,53,8,51,75.41,7.68,70.21,2,1
7068,1850,24,0,3,4,0,1,77898,46,13,32,85.56,6.86,81.95,2,0
7069,8574,48,0,5,5,2,22,171905,55,19,22,95.98,10,100,1,1
7070,4694,24,0,3,0,0,1,98021,42,7,76,74.19,8.83,91.15,1,1
7071,3143,55,0,3,3,2,31,70347,31,4,24,82.53,8.02,82.74,2,1
7072,1814,24,0,0,5,1,1,35040,59,2,77,81.44,5.05,54.84,3,0
7073,2839,25,0,4,1,3,1,153870,50,24,51,82.98,10,100,1,1
7074,7486,58,1,0,1,0,33,142412,55,8,27,80.32,9.41,95.91,1,1
7075,5971,32,0,0,0,0,11,83954,48,7,14,83.7,7.06,74.19,2,1
7076,7066,29,1,5,0,0,8,175538,47,23,56,77.89,8.06,100,1,1
7077,2498,30,0,2,0,2,3,133231,48,14,36,96.48,10,96.96,1,1
7078,177,22,1,2,4,2,2,76943,37,5,70,74.53,4.92,59.43,0,0
7079,299,37,1,1,3,0,14,65060,32,7,26,88.23,7.11,68.62,0,1
7080,5208,37,0,0,2,2,15,147086,31,21,37,82.93,9.23,100,1,1
7081,8794,53,0,2,5,0,29,156756,46,2,48,86.19,10,100,1,1
7082,8436,37,1,3,1,0,14,69802,34,10,17,81.79,7.19,78.42,2,1
7083,2328,43,1,2,1,3,16,75037,53,3,2,81.19,6.97,66.3,0,0
7084,6306,42,1,3,2,2,15,84541,42,3,39,96.47,7.71,74.78,2,1
7085,499,57,1,1,1,1,36,148396,43,22,70,98.98,8.42,100,1,1
7086,1932,48,1,1,2,1,21,111809,33,17,45,80.47,9.72,100,1,1
7087,4588,43,0,1,0,0,19,131967,51,22,23,74.64,10,100,1,1
7088,5605,38,1,3,5,3,12,148052,40,6,58,79.15,8.67,95.29,1,1
7089,2693,57,1,5,4,0,32,143430,32,10,0,77.05,8.2,91.62,1,1
7090,6755,43,1,1,0,2,20,142164,34,18,42,73.52,9.25,100,1,1
7091,2330,29,0,2,4,0,2,120137,42,23,40,94.65,8.9,100,1,1
7092,7291,42,0,2,1,1,21,156622,57,14,21,83.96,9.81,100,1,1
7093,801,50,1,1,5,2,30,135106,45,17,30,72.07,10,100,1,1
7094,9199,27,0,6,5,0,4,109023,43,12,20,97.99,8.01,86.08,1,1
7095,7012,41,0,4,1,1,21,106447,49,8,19,89.4,7.61,100,1,1
7096,4077,37,1,2,5,1,14,69724,53,11,3,72.3,8.44,77.1,2,0
7097,7281,37,0,4,2,0,16,179065,59,19,22,71.11,10,100,1,1
7098,2059,36,1,2,4,3,13,117653,58,11,36,76.4,7.68,84.48,2,1
7099,5774,36,0,3,0,1,12,99055,47,21,61,77.02,9.15,100,1,1
7100,2566,35,1,2,5,2,13,63043,37,7,31,92.32,7.38,69.23,0,1
7101,5632,28,1,0,5,2,3,106502,40,13,30,86.6,8.82,79.75,2,0
7102,7987,43,1,3,0,1,18,156795,45,24,11,84.74,9.94,100,1,1
7103,6459,25,1,0,5,0,1,140833,53,24,18,73.38,7.49,92.26,1,1
7104,7765,28,1,4,5,0,4,46442,38,2,7,98.5,4.23,44.4,3,0
7105,4432,33,1,5,1,2,13,166589,37,3,28,98.02,8.61,86.73,1,1
7106,6958,49,1,4,2,0,29,81246,51,7,0,77.24,8.38,81.72,2,0
7107,3953,25,1,5,0,0,4,170461,49,21,61,70,8.57,85,1,1
7108,616,41,1,3,1,0,19,115965,42,1,12,73.26,7.77,75.27,2,1
7109,5588,41,1,6,4,1,18,115984,34,16,51,80.35,8.89,100,1,1
7110,7325,29,0,4,0,0,6,93577,50,21,30,83.78,10,88.34,1,1
7111,1682,22,1,5,2,2,1,157303,52,23,45,91.72,10,100,1,1
7112,1417,34,1,3,1,2,13,74885,37,4,13,96.79,7.74,73.18,2,0
7113,663,41,1,2,3,0,14,52811,50,7,2,79.71,6.09,69.62,0,0
7114,5091,54,1,3,2,0,32,101017,41,11,76,86.85,10,100,1,1
7115,4104,25,0,0,5,0,1,73441,60,2,28,99.89,5.36,58.79,0,1
7116,3702,50,1,0,5,2,30,119162,43,13,34,80.02,10,100,1,1
7117,8294,33,1,1,5,1,7,133230,56,22,44,81.82,10,100,1,1
7118,4975,38,1,1,0,2,11,88382,55,2,32,97.68,8.14,72.88,2,0
7119,7799,41,0,3,0,0,21,154489,58,19,11,94.51,9.74,100,1,1
7120,6713,38,0,2,0,1,16,154627,55,19,40,74.65,9.09,96.97,1,1
7121,6385,30,1,0,5,0,9,118036,30,20,17,95.94,9.68,100,1,1
7122,2960,33,0,0,1,3,10,114008,46,15,35,81.51,8.55,93.49,1,1
7123,657,34,0,3,3,2,13,165248,46,20,20,93.11,9.21,100,1,1
7124,1622,52,1,0,2,2,31,94466,45,20,77,80.19,8.8,100,1,1
7125,2055,38,1,6,3,2,16,137610,42,17,28,84.66,10,100,1,1
7126,798,34,0,4,3,0,7,108946,45,14,41,76.98,8.74,100,1,1
7127,2408,31,1,4,4,0,4,48461,51,3,3,89.23,5.86,53.03,3,0
7128,5125,50,1,6,2,1,25,76880,54,5,35,73.08,6.23,76.06,2,0
7129,5189,56,1,3,2,0,36,120568,46,17,12,95.29,8.99,100,1,1
7130,8807,46,0,5,5,1,23,99696,58,8,1,93.53,8.35,85.66,1,1
7131,1339,59,0,0,0,2,36,135160,49,22,47,82.47,8.55,100,1,1
7132,6505,44,1,0,0,0,20,127312,40,21,11,85.92,10,100,1,1
7133,791,25,0,6,3,0,5,60801,30,10,45,99.59,7.93,71.43,2,0
7134,954,47,0,4,2,1,23,167875,53,9,55,91.77,9.77,100,1,1
7135,3605,58,0,1,4,0,31,116873,39,5,22,79.11,10,91.2,1,1
7136,2520,44,0,3,1,3,18,89048,43,1,57,70.27,8.22,71.16,2,1
7137,4480,45,0,6,5,2,22,170228,57,22,48,70.14,9.79,100,1,1
7138,3742,32,0,3,0,0,9,35199,53,1,5,74.17,4.9,48,3,0
7139,426,37,0,3,1,0,14,112207,56,2,18,74.47,6.67,73.09,2,0
7140,6238,51,1,3,4,0,28,94973,43,9,31,99.02,8.51,100,1,1
7141,4936,36,0,5,5,0,9,88812,48,1,71,72.02,8.41,72.21,2,0
7142,2279,40,1,2,3,0,18,99216,59,23,38,79.25,9.55,100,1,1
7143,2581,26,1,6,0,2,6,62511,33,9,21,83.75,8.63,66.94,0,0
7144,4963,31,0,6,0,2,7,111181,49,22,6,94.22,10,100,1,1
7145,6636,25,0,5,5,0,1,113216,46,12,34,89.09,8.46,75.02,2,1
7146,6686,22,0,5,2,0,1,71446,46,9,13,85.21,8.44,64.51,0,0
7147,445,29,1,1,0,0,5,173956,45,20,31,91.6,10,100,1,1
7148,5526,26,0,1,1,0,1,79149,37,6,46,90.96,6.5,69.68,0,1
7149,6388,58,0,3,2,1,36,118901,44,15,57,71.61,9.97,100,1,1
7150,2930,32,0,5,5,0,5,54349,50,1,55,79.78,6.09,61.2,0,0
7151,2588,43,0,3,5,1,21,96265,35,4,29,84.39,7.27,78.12,2,0
7152,5452,35,1,3,0,0,13,117613,35,9,38,74.25,7.51,73.19,2,0
7153,8576,58,1,5,3,3,35,179402,45,18,62,89.81,10,100,1,1
7154,7931,50,1,0,1,1,25,172092,43,18,34,79.52,10,100,1,1
7155,8596,32,0,6,3,0,12,172583,32,10,23,96.27,8.91,89.64,1,1
7156,8651,47,0,6,4,2,21,165149,46,16,17,74.72,9.98,88.67,1,1
7157,9351,31,0,4,1,2,5,48664,60,2,48,77.25,4.76,51.89,3,0
7158,9187,57,1,0,3,0,37,94884,46,24,0,74.66,10,100,1,1
7159,6186,25,1,5,3,0,5,73940,30,5,76,78.58,8.27,71.51,2,0
7160,3530,55,0,2,3,2,30,172358,46,7,50,71.11,10,100,1,1
7161,79,55,1,4,1,0,29,140211,40,24,49,87.54,10,100,1,1
7162,3947,55,0,1,1,0,31,144732,50,4,62,89.85,10,100,1,1
7163,8735,35,1,4,5,1,9,93009,60,23,64,78.13,8.89,100,1,1
7164,5423,43,1,2,2,1,23,94433,42,3,60,85.29,9.29,100,1,1
7165,4022,36,1,1,5,0,15,99230,54,22,51,70.69,10,100,1,1
7166,2625,32,0,6,1,0,7,69156,55,8,69,73.16,7.35,74.41,2,0
7167,5734,43,0,4,3,2,20,169074,46,16,11,72.22,9.69,99.43,1,1
7168,6666,38,0,1,0,0,13,150227,52,13,41,93.65,10,91.89,1,1
7169,2453,22,0,5,1,2,1,55271,44,11,36,81.48,6.55,68.93,0,0
7170,6700,34,0,5,0,2,13,130613,42,14,51,99.83,9.78,100,1,1
7171,2499,34,0,5,2,0,12,119260,60,22,2,74.06,10,100,1,1
7172,5542,55,0,3,0,2,34,114886,49,14,2,73.94,10,97.78,1,1
7173,7904,58,1,4,2,0,32,179789,45,8,76,96.08,10,100,1,1
7174,6674,28,1,0,4,0,6,119225,45,4,44,85.65,8.48,79.96,2,1
7175,8247,25,0,5,3,0,5,41408,40,3,17,73.3,3.78,43.24,3,0
7176,503,37,0,1,3,3,17,106356,32,8,31,91.39,8.42,87.39,1,1
7177,8433,47,1,0,2,2,20,174490,42,19,24,93.3,10,100,1,1
7178,3621,53,1,2,4,1,26,101396,43,12,63,76.89,10,100,1,1
7179,8479,30,0,4,0,2,10,93229,42,16,4,98.44,10,100,1,1
7180,4433,28,1,0,3,1,8,113085,45,1,57,92.1,10,87.09,1,1
7181,5689,38,0,0,4,0,14,168894,46,15,38,82.98,10,100,1,1
7182,8988,36,1,0,4,0,9,132184,49,15,23,77.93,6.86,87.55,1,1
7183,3239,31,1,1,0,1,4,119670,55,11,35,72.9,9.24,70.46,2,1
7184,7676,43,0,1,1,0,23,60692,51,3,3,74.83,6.24,74.61,2,1
7185,6205,46,1,1,5,0,26,98263,43,14,49,88.8,10,100,1,1
7186,2552,31,1,1,3,2,10,82976,56,5,53,71.31,7.22,70.06,2,1
7187,405,33,1,2,1,0,11,123878,34,23,26,93.53,8.93,100,1,1
7188,2525,50,0,6,0,0,28,173700,31,19,78,75.74,9.62,100,1,1
7189,9371,35,0,5,4,0,11,107287,35,23,28,81.63,9.79,100,1,1
7190,6593,49,0,4,4,0,28,96869,35,14,48,76.56,10,100,1,1
7191,2239,52,0,2,4,0,27,129964,50,10,66,90.13,10,100,1,1
7192,1966,49,1,1,1,1,29,144241,34,17,54,73.74,9.97,100,1,1
7193,7645,52,1,5,1,0,25,139300,51,8,58,89.53,9.45,99.48,1,1
7194,7873,29,1,6,4,0,8,124150,31,24,74,96.43,10,100,1,1
7195,5342,31,0,3,5,0,9,107237,59,23,42,76.68,10,100,1,1
7196,1471,28,0,1,2,0,8,91913,50,23,50,89.76,9.81,100,1,1
7197,3220,32,1,1,1,0,11,126391,38,19,10,84.55,10,91.19,1,1
7198,9160,39,0,1,5,0,18,134295,34,21,71,78.85,9.92,100,1,1
7199,6109,56,0,1,3,0,35,92794,39,11,3,94.38,10,100,1,1
7200,5456,48,0,6,1,2,28,96891,59,10,0,70.37,6.9,87.67,1,1
7201,7755,37,1,5,1,2,12,149504,54,6,53,96.3,9.05,86.76,1,1
7202,5798,49,0,3,5,2,24,148715,51,19,71,82.69,10,100,1,1
7203,6473,33,0,3,5,2,7,66473,36,4,28,95.87,5.52,66.18,0,1
7204,9353,45,1,6,5,0,21,90313,33,7,58,87.17,8.18,88.46,1,1
7205,498,50,1,0,0,2,24,131733,39,15,56,84.41,10,100,1,1
7206,7554,46,0,0,3,0,26,117773,48,21,79,71.22,10,100,1,1
7207,8230,37,1,1,4,0,16,33236,55,1,0,95.19,4.14,52.83,3,0
7208,6365,24,0,3,0,0,2,72858,32,21,21,73.83,8.78,75.76,2,1
7209,3153,39,0,1,0,2,17,163338,41,16,9,76.93,10,94.95,1,1
7210,502,57,1,3,5,0,32,104552,60,9,1,70.57,8.1,88.99,1,1
7211,4718,39,1,5,3,0,19,122338,43,17,76,71.4,9.6,100,1,1
7212,348,39,0,4,5,0,17,109012,42,11,28,75.45,8.46,84.08,2,1
7213,7299,35,0,1,0,2,8,171265,41,19,26,84.31,10,89.19,1,1
7214,8772,34,0,0,3,1,14,171105,54,23,43,87.03,9.12,100,1,1
7215,8330,58,0,4,5,2,34,141466,43,23,30,90.07,8.88,100,1,1
7216,7831,27,1,4,0,2,6,65871,58,1,43,94.66,5.69,56.83,0,0
7217,5090,56,1,3,2,1,35,119734,56,15,28,88.4,9.51,100,1,1
7218,5571,27,1,0,1,0,2,136293,50,17,33,99.76,10,100,1,1
7219,6021,27,0,3,0,0,6,111103,42,17,59,81.12,8.74,100,1,1
7220,2988,42,1,6,2,0,15,157899,45,13,36,70.27,10,99.79,1,1
7221,1462,56,0,2,0,0,33,157979,59,20,50,95.66,10,100,1,1
7222,5921,57,1,1,1,1,36,152351,54,20,42,99.73,9.86,100,1,1
7223,3949,32,1,2,2,0,8,163580,49,20,29,92.94,9.58,100,1,1
7224,7892,36,0,3,0,1,13,79395,30,6,64,72.67,6.36,75.83,2,1
7225,2567,41,0,4,4,0,18,137494,56,7,75,75.23,8.28,89.19,1,1
7226,5515,40,1,5,1,2,13,111997,36,20,46,90.46,9.58,100,1,1
7227,8339,31,1,3,4,0,11,110676,41,23,4,98.29,10,100,1,1
7228,1433,29,0,3,2,2,2,117843,34,10,11,90.09,7.89,73.49,2,1
7229,2667,22,1,4,4,2,1,101941,40,7,74,85.01,7.47,86.16,1,1
7230,3893,44,1,3,2,0,22,152833,48,7,45,76.81,7.93,85.08,1,1
7231,5503,53,1,4,4,1,33,109689,56,11,69,76.76,7.63,100,1,1
7232,3616,55,1,3,0,0,32,165480,50,12,76,81.65,8.43,100,1,1
7233,7499,57,1,1,1,0,32,108101,33,8,28,76.12,9.13,77.01,2,1
7234,8675,23,0,4,0,2,1,75868,38,10,6,97.44,9.16,76.93,2,0
7235,6589,55,1,1,4,3,32,78480,54,4,2,90.37,7.79,69.24,0,0
7236,7051,52,0,6,0,0,32,175208,36,13,19,90.13,8.54,100,1,1
7237,8864,44,1,6,1,0,24,102447,47,3,22,80.47,8.82,86.96,1,1
7238,7748,35,0,5,4,2,10,159698,57,12,53,75.07,7.89,88.07,1,1
7239,3588,43,0,6,1,1,18,158978,51,4,50,99.35,9.93,98.29,1,1
7240,1323,30,1,4,4,0,3,49932,48,3,46,74.04,7.41,60.04,0,0
7241,3692,34,1,5,4,0,7,143345,42,23,75,89.18,10,100,1,1
7242,5924,46,0,5,1,0,20,124597,39,15,34,85.7,9.47,96.38,1,1
7243,4335,22,0,5,5,2,1,67334,37,6,78,98.29,8.07,75.48,2,0
7244,8888,30,1,6,2,3,6,175232,59,23,60,97.11,10,100,1,1
7245,3617,43,1,4,3,2,18,150913,32,17,19,76.24,8.53,98.17,1,1
7246,6862,48,1,2,5,2,24,126575,45,18,2,94.59,9.44,100,1,1
7247,6615,35,0,6,4,1,15,176785,58,15,55,87.12,10,100,1,1
7248,1467,38,0,6,5,2,17,115059,42,14,48,85.16,8.98,100,1,1
7249,1229,25,1,3,3,2,1,48378,39,3,15,74.47,3.93,42.95,3,0
7250,3418,53,0,2,3,2,26,164067,60,7,61,84.1,10,96.69,1,1
7251,8481,26,0,5,1,0,1,41747,30,1,59,71.34,4.1,46.02,3,0
7252,8588,33,1,5,5,3,10,83105,33,4,48,99.54,7.19,71.83,2,1
7253,1325,37,0,3,0,2,16,115644,56,18,26,98.06,9.86,100,1,1
7254,1687,32,1,4,3,1,10,121537,30,17,56,87.81,10,100,1,1
7255,1463,36,0,5,0,1,13,76720,30,2,79,93.56,7.99,82.07,2,1
7256,7770,50,1,5,3,0,23,122207,36,1,48,89.32,6.19,90.86,1,1
7257,4466,27,1,1,4,0,6,98658,45,4,66,96.25,7.83,81.89,2,1
7258,8090,32,1,1,4,2,5,88199,45,8,39,79.98,7.05,74.07,2,1
7259,4168,23,1,1,1,0,1,31136,48,5,4,73.59,5.06,51.87,3,0
7260,150,59,0,1,5,2,34,169389,57,14,66,86.39,8.61,100,1,1
7261,5602,36,1,6,0,0,13,103086,47,10,49,87.81,10,100,1,1
7262,9189,37,1,0,5,0,13,108585,32,19,3,84.92,9.47,85.45,1,1
7263,8560,59,1,1,2,2,39,175185,38,3,55,89.61,10,100,1,1
7264,4996,51,1,0,1,0,28,143187,44,7,71,95.58,10,100,1,1
7265,7632,46,1,5,5,0,24,146123,47,7,31,78.42,8.44,89.8,1,1
7266,4610,50,1,0,3,2,27,136650,32,20,62,89.39,9.15,100,1,1
7267,2851,42,0,6,5,0,20,117691,60,11,30,87.38,7.6,87.87,1,1
7268,2038,33,0,5,2,0,11,92933,50,13,49,76.12,9.7,98.96,1,1
7269,2377,42,1,0,4,0,18,73615,59,4,20,84.98,6.86,59.63,0,0
7270,6791,28,0,5,0,0,3,154985,51,18,60,85.68,9.05,96.77,1,1
7271,6992,22,0,1,0,0,1,174056,44,14,21,97.22,7.8,85.27,1,1
7272,1489,44,1,1,5,0,21,136000,38,13,48,92.76,9.84,100,1,1
7273,6398,47,0,1,0,1,27,159101,33,7,8,99.54,9.74,99.79,1,1
7274,8819,32,1,5,0,1,6,174641,53,18,56,89.66,8.35,100,1,1
7275,1976,22,1,5,5,0,1,49945,54,17,51,72.03,5.32,69.82,0,0
7276,3842,30,1,1,2,3,4,98721,35,17,53,90.04,9.93,100,1,1
7277,2702,56,1,0,5,0,31,161582,36,3,56,89.25,9.13,97.86,1,1
7278,4839,45,0,5,4,1,23,168952,58,16,38,84.54,7.87,100,1,1
7279,8008,25,1,6,3,0,1,100000,57,12,76,85.33,7.21,80.31,2,0
7280,2642,22,1,2,3,0,1,40677,38,9,9,93.5,8.07,69.22,0,1
7281,2710,45,1,3,4,2,18,146752,40,23,78,96.66,10,100,1,1
7282,4257,41,1,6,4,0,15,108281,46,4,63,87.76,9.08,84.65,2,1
7283,6225,28,0,1,1,2,1,46529,45,1,77,70.86,7.87,67.47,0,0
7284,5818,34,1,3,0,0,8,98439,59,22,76,89.81,9.61,100,1,1
7285,5041,48,0,4,2,2,26,130502,57,9,73,95.18,10,100,1,1
7286,1431,28,1,1,5,1,4,93555,37,21,9,82.4,9.32,90.15,1,1
7287,3998,29,0,1,4,2,4,68691,36,11,68,77.89,8.16,82.21,2,1
7288,3931,27,0,4,5,2,1,49779,59,4,19,97.47,8.29,68.94,0,0
7289,6788,47,0,4,5,0,27,148910,33,24,40,96.19,10,100,1,1
7290,4017,52,1,1,3,1,30,117202,60,2,9,97.67,7.56,81.71,2,0
7291,2119,51,1,5,4,3,25,122456,39,22,25,77.52,8.74,100,1,1
7292,9076,43,0,2,3,2,22,106896,31,17,3,91.03,8.69,84.64,2,1
7293,5583,43,0,2,5,0,23,120667,35,23,77,90.58,9.88,100,1,1
7294,698,24,1,2,1,1,1,171357,57,20,78,90.75,10,100,1,1
7295,6212,51,0,3,5,0,25,60915,45,2,52,95.28,7.58,84.17,2,1
7296,2045,59,1,4,1,0,39,126355,56,7,6,99.87,10,100,1,1
7297,6210,34,0,0,4,0,13,165194,43,21,32,99.37,10,100,1,1
7298,2420,23,1,6,2,1,1,66008,31,12,5,92.68,6.2,57.54,0,0
7299,3754,50,1,3,4,0,23,167809,46,15,13,94.86,8.96,100,1,1
7300,6164,57,0,6,0,1,33,141904,47,21,65,80.88,10,100,1,1
7301,4751,43,1,0,0,0,17,93037,46,2,68,73.78,9.57,85.85,1,1
7302,2569,35,1,3,3,1,15,90210,52,21,43,75.42,9.95,100,1,1
7303,5150,26,1,5,3,1,3,100290,55,13,79,85.69,10,99.18,1,1
7304,8207,33,1,5,3,2,8,131343,39,21,26,80.98,9.54,100,1,1
7305,2825,29,0,4,3,0,4,91468,31,24,62,93.17,10,100,1,1
7306,1537,46,1,5,3,2,20,170215,49,21,42,83.11,10,100,1,1
7307,3891,39,0,5,1,2,18,151927,50,12,16,71,8.14,88.95,1,1
7308,5352,32,1,4,1,2,9,103892,40,21,7,84.35,9.46,95.33,1,1
7309,6711,40,1,4,4,0,18,128322,42,15,66,91.54,9.85,100,1,1
7310,460,27,1,3,0,1,7,55243,44,9,10,78.64,6.74,62.91,0,0
7311,1778,44,1,1,0,2,19,179959,38,17,52,92.36,10,100,1,1
7312,7399,30,1,6,1,0,3,170285,44,18,57,82.84,9.99,100,1,1
7313,8609,27,1,0,4,1,7,111499,45,24,13,96.61,10,100,1,1
7314,6703,59,0,0,2,2,32,163789,47,22,27,80.24,9.14,100,1,1
7315,1799,49,1,4,3,0,26,153692,35,22,30,99.94,9.7,100,1,1
7316,1561,28,1,0,2,0,4,66997,46,5,59,76.01,8.08,69.91,0,0
7317,987,46,1,4,0,0,20,89077,58,7,61,86.85,6.56,78.06,2,0
7318,48,37,0,2,1,1,15,49886,38,2,0,71.81,4.5,45.16,3,0
7319,6223,31,1,3,4,3,6,82849,52,9,61,89.61,8.85,79.85,2,1
7320,9292,55,0,4,2,2,32,131994,32,8,52,76.52,10,95.04,1,1
7321,6943,50,0,0,1,1,27,153681,42,15,65,77.68,9.74,100,1,1
7322,8924,36,1,2,3,0,16,172339,33,10,67,77.66,10,100,1,1
7323,2385,34,0,2,5,1,12,90605,52,17,64,89.65,10,100,1,1
7324,8532,48,1,0,5,1,28,178932,44,9,17,89.29,10,100,1,1
7325,9363,27,0,4,4,1,5,34091,55,3,24,83.67,5.92,52.02,3,0
7326,6123,37,0,2,2,0,13,74021,35,4,77,78.51,6.31,84.99,2,0
7327,4086,32,1,5,4,1,8,91911,55,19,40,76.13,8.51,94.64,1,1
7328,209,48,1,1,2,0,28,164971,35,9,30,95.16,8.58,86.03,1,1
7329,7561,44,1,0,5,0,23,30820,59,3,7,75.78,6.56,53.31,3,0
7330,4513,34,0,3,0,0,12,136438,39,9,47,88.89,8.64,87.53,1,1
7331,1707,36,0,0,0,2,16,97790,35,20,68,74.32,10,100,1,1
7332,5584,44,0,6,1,2,23,151057,41,15,48,94.73,10,100,1,1
7333,6521,33,0,1,0,2,7,86102,57,9,39,89.01,8.45,77.61,2,0
7334,5617,25,1,0,2,0,4,42419,38,7,28,89.43,7.54,58.02,0,1
7335,6491,31,0,2,3,0,5,129297,35,20,71,73.19,9.96,89.02,1,1
7336,2780,55,1,1,4,2,33,156558,52,9,55,73.1,10,100,1,1
7337,2661,23,1,2,1,2,1,67411,33,16,2,90.89,6.48,77.97,2,0
7338,6284,32,0,4,1,2,11,74589,58,2,73,92.36,5.88,70.64,2,1
7339,3203,45,0,3,4,0,25,91871,43,12,19,78.74,9.01,100,1,1
7340,6258,44,0,6,3,0,20,95624,51,9,7,72.58,7.66,77.01,2,0
7341,5157,44,0,2,2,1,22,126032,57,7,63,98.82,10,100,1,1
7342,179,29,0,3,2,3,3,96070,50,7,72,75.99,6.37,71.73,2,1
7343,7020,26,0,3,0,2,1,120779,52,23,39,88.84,9.66,100,1,1
7344,7785,33,0,1,1,1,8,109197,39,12,23,85.96,7.15,73.78,2,0
7345,7094,55,0,1,5,2,32,103421,34,18,6,95.07,8.34,100,1,1
7346,6043,29,0,5,3,0,9,91336,43,2,55,72.45,5.58,78.9,2,1
7347,7095,41,1,1,3,0,17,149711,48,9,44,96.11,8.49,90.69,1,1
7348,3308,40,1,6,3,2,14,62881,55,1,57,90.33,5.76,63.19,0,0
7349,2649,38,0,2,4,1,17,177657,56,21,28,71.21,9.73,100,1,1
7350,2890,37,0,0,4,0,17,88564,57,8,56,81.4,7.25,74.09,2,0
7351,537,34,1,6,0,2,9,44748,38,5,43,73.1,5.7,56.11,0,1
7352,6475,48,1,1,0,0,22,105308,48,22,22,77.82,9.08,100,1,1
7353,4580,57,0,6,1,2,33,94308,57,5,44,77.42,9.03,95.39,1,1
7354,4342,46,1,6,5,0,20,144074,48,13,77,96.43,9.48,100,1,1
7355,7810,37,0,5,3,0,10,137787,37,23,61,91.15,9.77,100,1,1
7356,7743,45,1,3,0,2,24,138261,49,6,13,93.6,9.56,92.75,1,1
7357,4727,32,1,6,3,0,12,62248,53,3,5,88.3,5.78,62.97,0,0
7358,59,39,0,4,0,0,17,61703,46,6,10,77.12,7.41,74.55,2,1
7359,905,51,0,5,4,2,30,159240,57,21,29,75.66,10,100,1,1
7360,4209,51,1,3,0,0,25,107317,40,7,78,71.17,10,100,1,1
7361,8745,23,0,0,4,1,1,60799,47,15,9,93.75,7.64,75.93,2,1
7362,1546,33,1,6,3,0,9,104114,32,4,15,97.96,7.52,75.82,2,0
7363,1774,51,0,4,4,0,25,116351,59,23,33,73.65,9.67,100,1,1
7364,5096,56,0,6,1,0,35,175644,40,3,21,89.18,9.38,91.78,1,1
7365,8297,58,0,4,0,1,34,133315,31,2,73,81.4,9.78,91.21,1,1
7366,5430,48,1,1,5,3,26,179356,32,7,24,99.31,10,97.07,1,1
7367,687,39,0,6,3,0,13,83537,55,10,25,79.9,9.9,83.85,2,1
7368,2979,22,0,4,3,3,1,46137,39,3,76,73.39,4.54,53.03,3,0
7369,1843,59,0,4,1,0,33,143181,59,24,68,80.32,10,100,1,1
7370,2022,46,0,6,0,0,21,177071,32,11,66,89.26,9.59,100,1,1
7371,6461,38,0,5,2,0,16,88317,48,1,56,95.22,8.93,74.43,2,0
7372,232,43,0,3,3,0,21,169024,48,24,69,86.14,9.88,100,1,1
7373,6092,56,0,1,2,2,33,165415,42,18,21,96.3,8.18,100,1,1
7374,6651,44,1,6,4,2,19,61992,58,9,41,77.36,6.43,65.31,0,0
7375,8972,41,1,1,4,2,21,150845,39,20,55,78.85,9.93,100,1,1
7376,8343,26,0,1,5,0,3,43452,60,8,64,80.06,6.76,65.08,0,0
7377,7366,29,1,0,5,0,9,177131,32,21,17,95.34,8.66,100,1,1
7378,992,35,1,0,3,2,14,162781,60,13,63,91.3,10,100,1,1
7379,9318,26,0,0,2,0,3,154809,48,22,67,86.98,8.79,100,1,1
7380,396,28,0,5,5,0,4,36873,32,9,10,72.6,3.6,40,3,0
7381,5296,25,0,5,1,1,2,49407,56,7,15,96.18,6.51,58.57,0,0
7382,5659,37,0,5,2,2,17,164423,35,5,74,98.81,8.94,90.17,1,1
7383,8730,35,1,4,5,1,11,30671,40,1,26,80.97,6.46,52.47,3,0
7384,2845,31,0,6,4,2,8,163416,40,22,15,81.02,9.61,100,1,1
7385,2977,51,0,6,2,0,28,92676,55,9,55,92.55,9.52,100,1,1
7386,7077,54,1,3,5,1,27,152587,33,5,67,83.99,10,93.54,1,1
7387,4030,29,1,5,2,0,4,137357,50,23,27,93.9,9.3,100,1,1
7388,2362,47,0,0,5,0,24,127786,43,23,43,95.77,10,100,1,1
7389,6724,22,1,5,5,0,1,47118,58,2,13,96.82,4.68,40,3,0
7390,9280,37,0,5,4,1,12,77722,42,8,23,95.4,6.26,75.72,2,1
7391,597,49,0,4,3,0,23,127420,46,22,63,85.06,9.89,100,1,1
7392,4561,55,1,6,2,0,29,94141,59,3,58,79.95,8.72,96.69,1,1
7393,197,26,1,1,1,1,6,97564,39,10,51,89.22,9.15,82.65,2,0
7394,1131,36,0,3,0,1,16,98872,56,24,20,71.72,10,100,1,1
7395,2092,43,0,1,3,0,23,143735,35,9,66,97.57,8.67,100,1,1
7396,8473,59,0,0,5,2,38,108942,57,10,21,96.11,10,100,1,1
7397,6086,26,0,0,4,0,4,129254,54,13,27,97.69,7.92,88.52,1,1
7398,3251,45,1,3,1,0,20,146298,53,22,69,88.31,10,100,1,1
7399,6895,43,1,2,3,2,17,102271,38,1,44,84.04,7.74,75.4,2,0
7400,2141,54,0,0,0,3,32,124788,38,15,57,85.64,10,100,1,1
7401,501,40,0,2,3,1,14,59582,55,7,1,99.24,4.08,66.12,0,1
7402,8108,40,0,6,2,0,15,123148,39,17,11,78.15,10,97.41,1,1
7403,7400,51,1,0,3,3,24,176172,37,22,54,86.61,10,100,1,1
7404,9134,23,1,3,5,3,2,74172,55,10,69,76.86,6.34,73.97,2,0
7405,5723,35,1,2,0,0,11,152778,42,22,55,89.03,10,100,1,1
7406,3597,30,0,4,4,2,9,115917,46,17,50,76.62,10,100,1,1
7407,8136,39,1,6,0,0,15,145644,57,10,64,98.73,10,100,1,1
7408,5440,53,1,2,1,0,31,137259,30,10,63,76.67,9.49,99.36,1,1
7409,2752,30,0,0,5,2,10,110517,50,12,6,87.59,7.71,72.32,2,1
7410,7645,59,0,1,3,2,35,121072,52,13,19,91.93,10,98.11,1,1
7411,1248,52,1,0,1,2,29,131873,60,19,72,85.54,7.85,100,1,1
7412,4892,23,0,6,3,1,1,76387,50,11,61,71.56,6.72,63.55,0,0
7413,3002,49,0,1,5,2,24,93754,42,15,23,99.67,10,100,1,1
7414,7458,35,0,4,3,2,14,155021,49,10,53,86.08,10,100,1,1
7415,2048,22,0,0,0,0,1,79431,60,12,15,90.63,6.53,63.83,0,0
7416,2842,34,1,4,3,0,12,158643,36,23,52,98.71,10,100,1,1
7417,6543,26,1,3,2,0,3,103048,54,20,66,71.63,9.08,100,1,1
7418,8570,22,1,2,4,1,1,113963,54,14,17,95.31,8.6,72.9,2,1
7419,789,39,1,3,1,2,19,147939,31,16,68,85.76,8.07,100,1,1
7420,6619,49,1,2,1,2,23,160006,42,2,48,87.01,9.08,91.16,1,1
7421,6060,46,1,1,3,1,19,172903,34,11,40,79.74,8.3,93.73,1,1
7422,1520,38,0,6,1,2,14,157778,35,16,22,99.84,9.26,94.89,1,1
7423,6327,36,0,4,3,1,13,142114,50,22,70,87.03,10,100,1,1
7424,24,58,1,4,2,3,38,95413,59,4,74,95.67,10,100,1,1
7425,5670,23,1,0,2,0,1,42715,30,2,51,95.07,6.57,54.27,3,0
7426,173,48,1,0,0,2,28,156663,51,15,20,80.23,10,100,1,1
7427,1892,54,0,6,2,0,33,122675,39,7,30,82.75,7.55,100,1,1
7428,1186,27,1,4,3,0,4,92512,52,19,42,82.26,10,100,1,1
7429,6073,52,1,5,5,0,28,60077,52,7,22,73.73,5.28,69.68,0,0
7430,8610,27,1,4,4,1,1,107163,50,8,64,80.12,8.45,89.49,1,1
7431,8904,26,0,6,2,3,5,94796,46,4,44,98.16,7.01,72.17,2,1
7432,410,25,1,3,5,0,1,35644,32,6,4,94.99,2.32,41.46,3,0
7433,5248,42,1,1,1,2,16,72141,56,1,70,85.14,8.07,72.24,2,0
7434,7045,50,1,5,0,0,25,93434,49,9,16,97.71,10,100,1,1
7435,6201,38,1,2,3,0,18,48501,38,5,7,77.52,5.5,64.51,0,0
7436,1908,41,0,1,0,3,21,120214,53,20,26,71.77,10,100,1,1
7437,5381,36,1,0,2,1,11,167597,47,14,69,76.92,7.94,96.52,1,1
7438,1722,45,1,0,5,2,18,105024,33,9,50,96.15,10,100,1,1
7439,4722,26,1,2,1,2,1,112472,54,14,77,82.11,8.94,88.17,1,1
7440,8305,57,1,1,0,0,31,178168,50,7,36,83.99,9.88,100,1,1
7441,2530,50,1,5,2,1,30,92171,41,23,50,83.32,9.77,100,1,1
7442,3182,48,0,5,5,0,27,132740,57,22,78,78.26,10,100,1,1
7443,5528,30,1,5,1,2,7,84944,35,5,67,86.84,7.22,80.16,2,1
7444,2976,48,0,2,5,0,24,136583,34,24,63,70.96,8.46,100,1,1
7445,7186,39,1,2,4,2,13,106958,48,8,64,76.37,9.1,85.46,1,1
7446,2617,22,1,6,2,0,2,60828,45,3,41,97.99,8.35,72.53,2,1
7447,5580,27,1,4,3,0,3,112336,51,19,43,73.36,9.45,86.61,1,1
7448,6019,38,1,2,2,1,14,95642,59,24,29,79.85,8.11,100,1,1
7449,6665,36,1,0,5,2,14,174669,40,14,75,75.71,9.66,100,1,1
7450,3722,37,0,5,3,2,11,141744,43,21,70,78.55,10,100,1,1
7451,2280,57,1,6,1,2,36,137329,47,24,24,74.9,9.55,100,1,1
7452,3330,36,1,4,4,0,16,68572,48,11,5,90.47,8.26,78.23,2,0
7453,6601,30,0,2,5,0,10,62606,60,17,11,76.27,6.21,81.01,2,1
7454,1769,51,1,5,0,2,27,108804,47,13,42,71.98,9.69,100,1,1
7455,1223,40,1,2,0,0,18,107827,54,6,19,97.52,9.63,93.49,1,1
7456,4451,47,1,1,3,2,22,130959,40,11,9,96.48,10,100,1,1
7457,4151,43,0,6,4,1,18,83075,30,10,10,79.47,7.28,82.09,2,1
7458,4802,24,0,1,4,0,2,31811,33,2,78,87.65,4.11,48.98,3,0
7459,6783,36,1,2,5,2,10,156269,57,20,25,86.27,9.27,100,1,1
7460,7876,49,1,2,1,0,24,96721,32,24,67,82.64,9.86,100,1,1
7461,1655,57,1,4,2,0,33,104521,46,18,31,96.47,9.89,100,1,1
7462,9074,52,1,3,0,1,25,115494,37,20,12,70.89,9.62,98.03,1,1
7463,5800,47,1,3,3,2,25,131261,36,10,31,73.15,7.84,86.68,1,1
7464,392,47,0,0,0,1,25,130001,37,7,14,83.08,8.34,86.11,1,1
7465,985,40,1,6,5,0,14,129752,42,8,61,84.3,10,99.44,1,1
7466,2758,36,1,1,5,1,11,162057,40,15,46,78.82,9.33,100,1,1
7467,5949,58,0,6,4,2,33,101155,37,20,5,92.16,9.15,100,1,1
7468,5914,22,0,5,2,0,1,130997,58,24,15,77.32,8.24,94.12,1,1
7469,2727,44,0,6,4,2,17,109652,45,17,15,78.43,8.29,100,1,1
7470,8451,23,1,0,2,0,1,85011,31,18,63,79.69,8.59,74.57,2,1
7471,5783,53,0,3,5,2,33,158440,51,9,16,72.61,10,100,1,1
7472,240,38,1,6,3,1,11,130932,53,13,69,81.29,10,98.49,1,1
7473,8239,50,1,3,0,0,25,140970,54,9,59,77.28,8.67,100,1,1
7474,7235,41,1,0,4,1,14,45469,37,2,0,70.68,7.36,50.69,3,0
7475,3939,38,1,3,3,2,17,159897,40,21,54,79.25,9.16,100,1,1
7476,6163,22,1,0,0,0,1,110191,42,9,59,76.02,7.81,78.87,2,1
7477,3173,32,1,4,0,0,7,79030,30,6,11,82.94,5.28,55.06,0,0
7478,7236,43,0,0,3,0,20,100344,33,23,57,90.8,10,100,1,1
7479,8164,32,1,3,2,0,7,49596,32,4,40,77.47,2.75,53.63,3,0
7480,5719,24,0,2,1,2,2,78785,35,5,62,70.38,5.52,64.33,0,0
7481,769,53,0,4,4,0,28,112698,46,8,9,73.07,8.44,84.92,2,1
7482,8272,53,0,2,0,0,26,114575,33,17,10,84.93,10,92.25,1,1
7483,7922,45,0,4,2,0,22,137557,36,12,16,81.65,9,97.72,1,1
7484,1532,52,1,2,4,0,32,117140,55,4,28,94.62,8.76,100,1,1
7485,9017,55,1,1,5,1,31,175599,55,14,33,78.71,10,100,1,1
7486,4072,51,1,4,4,0,27,91946,47,18,42,84.43,10,100,1,1
7487,4265,58,1,6,0,0,32,66127,58,1,32,98.41,6.57,80.51,2,1
7488,4385,28,0,1,3,0,8,164013,58,18,15,94.31,9.68,95.89,1,1
7489,3045,49,0,0,3,0,28,120332,35,22,13,77.51,10,100,1,1
7490,5644,41,1,2,1,0,19,166278,44,11,50,75.96,9.11,100,1,1
7491,1739,32,1,2,2,2,10,90316,30,13,32,94.42,8.7,99.12,1,1
7492,9257,37,0,0,1,0,10,100719,55,19,64,98.37,8.28,100,1,1
7493,1172,54,1,4,4,1,31,114496,38,14,3,84.07,9.04,100,1,1
7494,1136,46,0,0,5,3,22,107779,35,9,48,77.78,9.49,91.71,1,1
7495,1745,24,1,2,1,0,2,103469,41,16,21,72.27,8.11,80.24,2,1
7496,1413,32,1,4,5,2,11,130850,49,16,69,88.71,10,100,1,1
7497,2621,22,1,2,1,0,1,41856,49,3,1,86.34,3.99,51.71,3,0
7498,8710,33,0,6,2,0,12,137624,58,11,25,96.43,8.24,95.03,1,1
7499,1332,28,1,1,2,3,1,115627,45,15,44,85.65,9.45,99.31,1,1
7500,145,44,0,0,4,0,19,82502,45,5,28,76.75,8.08,78.8,2,0
7501,2025,58,0,5,3,0,31,159610,30,3,41,73.93,8.84,92.31,1,1
7502,163,36,0,4,1,2,16,111469,41,16,15,99.76,8.84,100,1,1
7503,8724,25,1,6,3,3,1,80027,58,21,15,85.76,7.77,81.43,2,0
7504,5244,48,1,2,2,2,22,105490,51,22,76,96.98,9.39,100,1,1
7505,4621,22,1,5,5,0,1,57038,58,18,8,73.38,5.97,63.04,0,0
7506,5045,30,1,4,1,1,4,46138,35,1,62,84.5,6.16,50.34,3,0
7507,4284,30,0,1,2,0,4,117083,46,8,60,75.84,8.11,85.62,1,1
7508,4467,40,1,6,3,0,17,113864,48,23,20,95.51,9.7,100,1,1
7509,2472,33,0,5,1,0,11,139725,33,16,21,91.55,7.82,91.19,1,1
7510,1560,48,0,6,0,1,25,161812,59,20,37,77.4,10,100,1,1
7511,3512,58,1,3,3,0,38,151721,50,17,18,83.84,10,100,1,1
7512,720,53,0,1,4,2,32,157146,59,5,31,91.28,8.9,88.89,1,1
7513,7843,59,0,3,1,2,33,90946,47,7,31,96.5,10,100,1,1
7514,6919,33,1,3,0,0,12,110816,58,9,38,96.12,6.56,75.02,2,1
7515,5486,58,0,1,3,1,34,171117,48,8,44,78.88,10,100,1,1
7516,4387,58,1,2,0,1,31,172496,42,19,23,87.47,9.5,100,1,1
7517,542,36,1,3,1,2,10,164762,48,20,76,87.53,8.04,100,1,1
7518,1697,27,1,5,1,2,2,74322,36,8,36,91.27,6.39,73.28,2,1
7519,862,31,0,0,2,0,5,52134,38,5,38,70.61,6.42,58.15,0,0
7520,1456,57,1,3,3,2,37,142573,57,5,23,95,10,100,1,1
7521,4120,22,1,0,5,1,1,171697,33,8,48,94.23,9.69,85.28,1,1
7522,4482,45,0,6,4,1,20,162258,50,15,52,96.66,9.52,100,1,1
7523,6806,39,0,0,2,0,14,93295,44,19,64,94.34,9.99,100,1,1
7524,8163,53,0,1,1,2,26,50700,48,1,28,74.13,6.04,65.67,0,0
7525,9220,58,1,6,4,0,37,111669,42,10,75,87.46,10,100,1,1
7526,4671,49,0,2,4,2,23,176603,47,6,61,75.51,10,98.1,1,1
7527,8620,56,1,5,5,0,35,166041,31,19,60,96.66,10,100,1,1
7528,2252,29,0,2,5,2,6,179899,44,10,54,73.53,7.04,90.2,1,1
7529,5450,34,0,2,4,0,9,155202,43,14,77,89.52,10,100,1,1
7530,1198,55,0,0,4,1,31,168874,36,5,32,79.33,10,92.95,1,1
7531,4266,32,0,3,3,0,12,106470,51,17,41,72.9,10,100,1,1
7532,728,43,0,2,5,0,22,119659,48,10,51,94.63,9.95,100,1,1
7533,26,54,1,4,2,0,30,156445,43,17,23,76.41,9.22,100,1,1
7534,4234,23,0,5,4,0,1,38967,58,4,29,82.53,4.94,45.74,3,0
7535,2551,53,1,6,3,0,31,90874,31,5,13,96.09,7.87,93.37,1,1
7536,3936,44,1,3,3,1,22,178343,34,13,60,83.14,10,100,1,1
7537,6941,52,0,2,2,1,28,140602,31,23,19,76.69,10,100,1,1
7538,3475,41,0,4,3,0,17,168950,56,13,75,91.15,8.51,100,1,1
7539,2370,30,0,1,4,0,5,114893,48,24,12,77.2,9.44,100,1,1
7540,2646,22,0,1,5,0,2,101700,34,20,34,90.09,10,100,1,1
7541,3352,39,0,3,0,0,18,159179,45,22,40,91.66,9.12,100,1,1
7542,1859,27,1,4,4,2,2,43301,43,9,6,72.06,5.64,60.45,0,0
7543,3960,43,0,2,2,0,19,111896,32,16,17,71.8,10,100,1,1
7544,8838,39,1,2,1,2,16,90709,55,22,55,76.73,9.37,100,1,1
7545,2880,39,0,5,2,0,12,177988,45,19,69,96.63,10,100,1,1
7546,2301,49,1,1,3,3,25,105914,36,4,52,85.21,8.36,90.85,1,1
7547,2868,59,1,5,1,3,35,111244,42,13,1,90.05,9.26,100,1,1
7548,2080,32,1,1,0,0,8,77315,33,18,21,76.88,7.75,82.17,2,1
7549,9358,48,0,6,2,2,23,130947,46,4,32,94.76,6.37,86.43,1,1
7550,6010,30,0,2,3,1,10,41178,56,4,20,84.07,4.73,54.91,3,0
7551,4863,51,1,3,3,2,24,151206,50,23,53,87.09,10,100,1,1
7552,5327,38,1,3,4,2,14,119899,45,16,21,77.17,10,100,1,1
7553,2439,27,1,1,1,3,2,96786,58,21,52,77.68,9.01,94.99,1,1
7554,2139,28,0,5,4,2,6,175425,35,21,43,98.61,10,100,1,1
7555,7142,42,0,0,2,2,22,171576,30,17,4,93.46,8.41,98.46,1,1
7556,6473,56,1,1,0,2,33,139380,40,22,54,95.96,9.89,100,1,1
7557,7075,32,1,4,0,0,11,164505,36,16,76,92.31,10,100,1,1
7558,8091,33,1,1,3,3,7,99665,44,7,35,80.43,6.86,73.62,2,1
7559,5574,42,0,0,0,0,22,159881,56,5,79,98.1,8.23,91.09,1,1
7560,3688,23,1,1,0,1,1,49769,34,1,20,86.73,3.5,53.09,3,0
7561,3345,56,0,6,3,2,34,120375,48,10,47,81.6,10,100,1,1
7562,6154,33,0,1,2,1,9,120159,44,22,29,95.85,10,100,1,1
7563,8463,31,0,2,3,1,10,120923,53,22,4,82.44,10,100,1,1
7564,5965,52,0,3,0,0,26,174912,32,15,37,93.51,10,100,1,1
7565,5069,50,0,4,0,0,28,118821,40,6,25,95.55,8.54,100,1,1
7566,5058,49,1,3,2,0,26,112190,49,6,46,72.74,7.42,72.68,2,1
7567,5014,36,0,3,0,1,15,158440,43,20,67,88.11,9.25,100,1,1
7568,3009,46,1,2,3,0,23,104506,57,9,72,93.47,8.51,100,1,1
7569,6307,22,0,2,5,2,1,43546,47,9,12,76.85,6.52,68.93,0,1
7570,935,45,0,1,4,2,22,164027,49,9,67,91.44,9.51,100,1,1
7571,1930,48,0,4,4,0,28,117654,35,24,40,96.15,10,100,1,1
7572,4390,58,0,5,4,1,35,148001,53,8,54,79.06,9.48,100,1,1
7573,8235,51,1,1,4,0,27,91698,39,21,76,70.08,10,100,1,1
7574,4494,42,1,0,3,0,19,162286,46,15,67,73.55,10,100,1,1
7575,4051,38,0,2,0,2,12,172177,44,8,48,94.18,8.55,89,1,1
7576,6475,36,0,4,2,1,10,117288,52,23,65,71.71,10,100,1,1
7577,8388,23,0,2,2,0,3,84070,30,23,0,75.5,8.53,79.68,2,1
7578,4788,57,0,4,2,0,36,173709,41,22,40,79.54,9.67,100,1,1
7579,454,37,0,0,1,0,10,171440,48,6,57,78.88,10,92.08,1,1
7580,5704,29,1,3,4,0,3,104001,49,11,51,75.06,8.5,81.13,2,1
7581,3164,30,0,2,0,0,9,156796,50,16,35,75.11,9.93,85.21,1,1
7582,8875,44,0,0,3,2,24,173690,45,18,78,90.43,10,100,1,1
7583,3651,30,1,2,0,2,7,85793,34,9,37,96.63,6.28,76.83,2,1
7584,7556,22,1,0,3,1,1,104429,43,8,76,95.67,8.48,90.7,1,1
7585,2549,57,0,2,5,2,31,135133,52,8,78,70.71,10,100,1,1
7586,9274,29,0,2,0,0,3,95131,38,10,41,88.87,8.76,75.33,2,0
7587,5304,57,1,2,0,1,36,170584,49,22,37,78.33,9.15,100,1,1
7588,5645,57,0,1,4,2,37,118859,43,3,33,95.16,9.45,95.42,1,1
7589,8507,38,0,0,0,2,12,167625,54,16,71,99.47,9.59,100,1,1
7590,6089,44,1,0,5,1,24,170664,34,16,68,74.62,10,100,1,1
7591,540,33,0,0,5,0,11,98146,45,2,58,95.27,7.39,80,2,0
7592,1106,45,0,1,1,0,25,97556,34,18,38,91.42,10,100,1,1
7593,4402,54,1,1,5,0,32,130597,39,16,27,79.8,8.83,100,1,1
7594,7213,31,1,5,2,0,5,164478,48,12,71,80.34,8.81,99.19,1,1
7595,8768,53,0,0,3,0,30,138690,31,21,52,85.47,10,100,1,1
7596,6094,54,1,0,3,0,30,121389,32,12,26,90.93,10,100,1,1
7597,5389,39,0,4,0,0,15,136685,45,24,42,98.16,8.65,100,1,1
7598,7869,30,0,1,2,0,7,40344,34,2,53,88.43,5.65,68.63,0,0
7599,8773,53,1,0,3,2,30,147362,49,1,33,97.97,10,100,1,1
7600,1299,36,1,0,1,2,9,74890,46,7,10,78.77,7.2,82.27,2,1
7601,2924,41,0,6,1,0,20,159908,32,19,28,83.68,8.57,100,1,1
7602,9166,54,1,0,4,0,28,129793,47,20,38,71.99,10,100,1,1
7603,2308,41,0,5,1,0,21,136555,57,5,41,97.79,8.77,92.14,1,1
7604,6341,48,0,3,2,2,23,138629,42,23,48,84.8,10,100,1,1
7605,6390,30,0,2,5,2,4,74775,35,14,20,90.25,6.55,64.73,0,0
7606,1429,53,0,4,5,0,27,100459,48,21,1,83.27,9.97,100,1,1
7607,7102,34,1,3,2,0,14,125665,50,20,45,76.07,9.79,100,1,1
7608,3986,25,0,5,0,2,4,88495,33,3,57,90.95,5.65,76.89,2,1
7609,7827,51,0,0,0,0,25,102264,33,21,3,75.73,10,100,1,1
7610,421,53,0,3,3,2,27,62418,39,4,9,73.69,7.25,77.67,2,1
7611,6709,42,1,5,2,0,17,64937,37,10,21,79.2,6.49,69.69,0,1
7612,4915,52,0,4,2,2,30,131115,47,20,26,85.86,10,100,1,1
7613,2925,50,1,4,1,0,29,104374,54,4,9,76.1,7.43,79.76,2,1
7614,8229,50,1,4,0,1,29,162597,39,23,67,94.88,9.15,100,1,1
7615,1770,39,1,0,1,2,12,101552,57,16,14,79.69,6.38,77.58,2,0
7616,8160,45,1,6,1,2,19,159335,46,20,62,88.57,10,100,1,1
7617,1922,49,1,3,2,0,23,158491,53,17,65,85.64,10,100,1,1
7618,2992,42,1,5,4,0,18,122283,35,20,53,75.05,10,100,1,1
7619,9366,49,0,1,1,0,29,156650,50,9,41,75.48,10,100,1,1
7620,4793,31,0,3,1,0,5,93290,30,13,46,76.55,7.36,85.35,1,1
7621,8017,42,1,0,1,2,18,134934,47,24,72,82.09,10,100,1,1
7622,4453,42,0,5,4,2,19,139893,37,16,52,91.36,10,100,1,1
7623,8384,50,1,3,5,1,29,112990,59,4,41,71.64,8.03,71.31,2,1
7624,6932,53,1,2,4,2,29,129130,44,21,76,82.74,9.99,100,1,1
7625,4478,49,0,3,1,3,22,153911,49,20,62,90.83,8.62,100,1,1
7626,5165,42,1,2,1,0,19,152055,47,9,22,95.73,10,96.96,1,1
7627,3889,49,0,0,3,0,25,160223,53,8,74,75.71,8.83,100,1,1
7628,5223,24,1,0,3,1,1,120375,33,12,73,88.98,8.01,100,1,1
7629,4774,36,0,0,0,0,10,165663,56,19,70,88.22,8.75,100,1,1
7630,8803,44,1,2,0,0,21,68183,55,13,0,85.02,8.32,77.83,2,0
7631,5873,48,0,4,4,0,24,164665,51,5,56,86.54,10,100,1,1
7632,4020,32,0,3,3,2,5,112382,60,23,79,71.54,8.59,100,1,1
7633,5907,29,1,2,5,2,3,140630,46,19,50,79.26,8.86,100,1,1
7634,3130,46,1,0,1,3,26,164837,41,21,59,76.31,10,100,1,1
7635,7834,41,1,5,1,0,20,156082,36,11,42,99.93,9.82,100,1,1
7636,1741,22,0,1,2,2,1,160249,32,24,60,96.43,10,100,1,1
7637,113,56,0,2,2,2,31,141144,59,10,62,70.38,10,100,1,1
7638,1343,34,1,6,0,2,8,46187,31,1,41,95.89,7.37,62.99,0,0
7639,3693,42,0,2,3,2,20,132858,41,16,13,89.32,10,100,1,1
7640,6851,27,1,0,3,2,5,171551,57,19,61,95.16,9.48,100,1,1
7641,7336,56,1,2,1,0,36,148505,55,12,18,73.73,10,100,1,1
7642,6134,41,1,0,1,2,18,119102,58,18,71,73.62,9.68,100,1,1
7643,3741,36,0,1,0,1,15,117225,47,10,6,78.11,7.56,77.4,2,1
7644,2269,31,0,1,2,2,7,170136,58,11,62,90.02,9.19,93,1,1
7645,8794,52,1,0,4,0,29,134186,46,16,0,96.99,9.56,100,1,1
7646,7580,57,0,6,1,0,37,129808,54,20,55,79.12,10,100,1,1
7647,434,36,0,4,2,0,12,107010,34,7,41,98.11,8.57,73.41,2,1
7648,8081,39,1,6,4,0,13,126107,50,11,41,78.43,9.99,93.64,1,1
7649,7997,50,1,1,4,1,26,125278,59,18,13,94.45,8.95,100,1,1
7650,5750,48,1,3,4,2,28,145472,50,20,5,85.52,10,100,1,1
7651,5357,46,0,2,3,0,23,164828,54,23,10,72.38,10,100,1,1
7652,3660,42,0,3,2,1,18,125957,60,6,66,89.98,8.21,88.92,1,1
7653,1369,56,0,5,5,2,36,148899,48,18,2,92.15,10,100,1,1
7654,4959,50,1,4,3,1,30,114236,60,1,67,97.38,9.69,100,1,1
7655,1813,33,1,4,5,0,12,127682,45,8,45,75.67,9.43,100,1,1
7656,8281,31,0,4,4,1,6,115846,41,4,60,97.51,6.26,77.43,2,0
7657,4629,52,1,3,3,2,31,139777,54,6,0,97,10,93.89,1,1
7658,8374,34,1,5,1,2,13,127286,52,15,76,90.74,10,100,1,1
7659,6111,55,0,5,0,2,35,174157,47,22,61,81.28,10,100,1,1
7660,2641,57,0,1,3,2,36,144554,40,10,12,90.4,10,100,1,1
7661,8413,24,1,3,2,0,2,145799,43,20,61,97.92,10,100,1,1
7662,1902,26,0,0,4,0,5,157514,50,21,8,93.71,9.66,100,1,1
7663,3089,29,1,2,1,2,9,116286,38,13,25,84.16,9.09,98.54,1,1
7664,8176,41,0,3,0,2,15,167779,38,20,42,82.36,8.61,100,1,1
7665,1144,31,0,2,0,0,5,61405,50,10,29,70.68,5.06,61.2,0,0
7666,383,40,0,0,5,0,15,153649,54,24,60,83.7,8.45,100,1,1
7667,1041,42,0,1,2,2,21,146293,38,18,41,89.54,10,100,1,1
7668,187,55,1,6,0,0,35,115050,32,23,19,90,8.82,100,1,1
7669,5721,54,0,0,4,3,31,157191,57,6,9,85.34,7.66,85.52,1,1
7670,8064,27,0,1,1,0,7,134804,54,14,66,77.89,7.65,90.73,1,1
7671,3273,31,1,3,0,3,7,107688,56,20,0,72.85,9.5,83.9,2,1
7672,8753,54,1,2,1,0,30,155902,51,23,36,85.09,8.95,100,1,1
7673,5651,29,1,4,1,2,7,136013,30,16,58,75.84,8.88,88.9,1,1
7674,9209,28,1,3,5,1,4,52240,56,2,62,84.95,4.92,61.26,0,1
7675,7090,55,0,4,1,2,30,159497,37,8,8,71.04,7.35,92.44,1,1
7676,8726,54,1,5,2,1,29,156504,39,9,79,78.68,9.67,100,1,1
7677,3963,53,0,4,3,2,32,111150,52,24,79,74.93,7.9,100,1,1
7678,7857,51,0,3,3,0,24,144838,34,11,60,82.01,9.87,100,1,1
7679,528,30,0,5,1,0,6,141203,35,20,41,72.96,10,100,1,1
7680,2849,49,0,0,2,2,29,96820,47,8,53,92.42,9.57,100,1,1
7681,8951,51,0,0,4,0,26,160965,35,9,39,85.11,10,100,1,1
7682,2209,29,0,0,4,0,8,90469,32,21,73,70.77,10,100,1,1
7683,7437,53,1,1,1,2,32,158806,56,21,36,91.16,7.67,100,1,1
7684,3963,48,0,1,1,0,21,117532,44,10,15,80.6,8.25,82.71,2,0
7685,4517,42,0,6,5,2,17,171546,48,23,20,91.7,9.6,100,1,1
7686,5023,43,0,5,0,0,22,158173,38,20,1,89.54,9.3,100,1,1
7687,5725,42,0,2,4,2,16,156931,50,22,51,95.52,10,100,1,1
7688,6199,52,0,3,1,0,32,155288,38,9,63,81.9,10,100,1,1
7689,7980,55,0,2,2,0,29,127638,53,10,0,91.69,10,100,1,1
7690,1606,43,0,5,4,2,21,109883,43,18,57,77.16,10,100,1,1
7691,2963,43,0,3,5,2,21,143495,53,2,30,96.01,8.19,88.25,1,1
7692,6794,57,1,0,1,1,32,176613,31,7,24,97.39,8.54,96.64,1,1
7693,6456,50,1,0,5,0,28,97235,51,23,19,99.92,9.45,100,1,1
7694,5949,25,1,5,2,0,1,46873,31,4,1,84.71,3.77,40,3,0
7695,126,56,1,6,2,0,36,134979,56,8,68,87.1,9.16,100,1,1
7696,7331,58,0,4,3,0,36,90459,33,11,69,87.21,10,100,1,1
7697,7355,56,0,1,5,0,30,154067,30,13,38,87.02,10,100,1,1
7698,8104,44,0,1,0,3,21,108949,48,23,20,83.36,9.83,100,1,1
7699,5349,41,0,2,5,1,15,93081,46,11,31,99.46,10,100,1,1
7700,7683,54,0,2,1,0,29,135151,36,24,49,91.01,10,100,1,1
7701,1303,48,1,0,2,0,22,127328,50,23,46,80.62,10,100,1,1
7702,4772,41,1,4,1,1,19,155504,44,2,25,95.46,7.84,88.22,1,1
7703,3112,42,0,4,4,2,20,81229,35,8,25,89.67,6.89,80.51,2,0
7704,5636,25,1,4,4,2,1,72498,51,8,17,80.29,5.95,61.76,0,0
7705,4639,42,1,5,2,2,19,151744,35,16,22,82.51,9.67,100,1,1
7706,7632,55,0,6,5,0,31,107142,51,8,66,71.41,9.96,92.12,1,1
7707,3750,45,1,5,0,0,24,94629,42,10,21,86.79,9.5,97.49,1,1
7708,6604,26,0,0,5,1,5,36584,56,2,20,93,3.99,50.94,3,0
7709,4153,54,0,5,2,0,32,157206,59,19,21,71.05,10,100,1,1
7710,6691,47,0,4,1,0,23,160684,52,10,25,77.81,8.61,94.89,1,1
7711,8349,26,0,1,0,1,1,133821,33,23,28,87.1,9.84,100,1,1
7712,4980,40,0,6,4,0,14,86460,39,6,10,99.33,8.36,77.66,2,0
7713,8630,52,0,5,0,0,29,87068,58,3,36,79.76,7.96,84.2,2,1
7714,2303,28,0,4,2,0,6,42575,60,2,71,74.11,7.41,56.32,0,0
7715,5490,51,1,3,2,0,27,143900,43,15,7,78.29,10,100,1,1
7716,785,39,0,3,1,3,17,141728,32,8,70,89.56,10,97.4,1,1
7717,1999,28,1,6,0,3,6,94713,44,21,77,89.05,10,100,1,1
7718,1666,51,1,5,3,2,31,136875,43,19,18,99.03,10,100,1,1
7719,1772,54,0,4,5,0,31,134352,35,2,42,81.46,8.56,86.98,1,1
7720,6457,56,1,2,0,0,32,139701,42,17,15,80.97,9.53,100,1,1
7721,7728,38,1,2,5,0,12,112499,44,2,77,87.18,10,90.1,1,1
7722,3197,28,1,1,4,0,2,131888,53,20,36,89.69,8.65,93.71,1,1
7723,9261,23,1,5,0,1,1,75294,34,12,48,78.87,7.7,78.17,2,1
7724,5570,58,1,5,5,0,37,124519,30,20,62,95.41,9.08,100,1,1
7725,6975,33,0,0,1,0,10,77118,30,14,76,77.35,9.35,84.56,2,0
7726,4310,23,1,0,0,0,1,69301,46,4,29,70.27,6.66,65.99,0,1
7727,5370,45,1,1,3,3,21,163329,35,23,57,95.52,8.97,100,1,1
7728,7925,56,0,0,4,0,30,112154,59,2,26,78.55,9.66,93.55,1,1
7729,4479,58,0,5,5,1,32,142023,31,6,49,83.28,9.39,100,1,1
7730,4170,55,0,6,5,2,35,176164,57,19,11,81.47,10,100,1,1
7731,5732,33,0,0,5,2,7,43849,37,7,30,89.26,5.65,66.08,0,1
7732,8960,47,1,5,0,0,23,76729,44,2,46,72.2,6.7,81.71,2,1
7733,7802,30,1,1,0,2,6,132292,36,14,44,75.4,6.92,92.68,1,1
7734,779,39,1,5,1,0,12,178153,40,7,39,78.27,9.22,90.72,1,1
7735,6004,57,1,0,3,0,37,158957,41,21,29,95.11,10,100,1,1
7736,8782,47,0,5,5,0,25,126986,32,7,36,83.66,8.35,93.92,1,1
7737,8412,27,0,2,2,0,7,67978,58,6,62,96.23,7.83,67.64,0,0
7738,6184,23,1,5,2,0,2,90937,40,22,34,86.08,10,100,1,1
7739,5690,41,1,2,0,2,19,109780,50,7,47,81.07,7.54,78.58,2,0
7740,4392,47,0,6,2,0,24,157507,54,22,69,83.88,8.93,100,1,1
7741,5256,33,0,1,0,0,6,84355,57,12,47,86.99,6.36,80.19,2,0
7742,1202,38,1,5,4,0,14,93303,34,23,53,82.84,10,100,1,1
7743,6253,56,0,0,2,0,32,179619,37,4,75,90.66,10,100,1,1
7744,5029,59,1,6,2,1,36,110632,40,17,11,99.55,8.5,100,1,1
7745,8704,55,0,3,3,1,33,61296,36,8,18,81.44,9.71,81.02,2,1
7746,8386,32,1,2,4,0,10,132046,51,16,56,86.32,8.78,100,1,1
7747,4316,53,0,2,0,0,27,136193,41,23,19,72.45,9.65,100,1,1
7748,2276,36,1,4,1,2,16,117682,40,13,38,97.2,9.5,100,1,1
7749,2913,25,1,0,5,0,1,37891,44,6,5,98.13,4.29,49.52,3,0
7750,3570,26,1,5,4,2,1,68242,58,10,36,93.24,6.07,64.34,0,0
7751,4142,41,1,4,1,2,16,110170,53,9,64,87.35,8.1,83.56,2,1
7752,3926,48,0,3,3,3,27,173929,35,4,77,76.3,10,89.29,1,1
7753,8122,31,0,3,5,3,6,34027,33,1,43,82.89,5.06,51.3,3,0
7754,96,43,0,6,1,0,18,148907,56,5,45,99.84,9.1,91.68,1,1
7755,8468,27,1,5,5,0,7,106904,53,12,38,75.86,10,90.95,1,1
7756,2108,48,1,0,5,1,25,120492,42,20,49,92.14,10,100,1,1
7757,284,43,1,6,1,0,21,132782,54,16,0,87.44,10,100,1,1
7758,8371,57,0,5,4,0,30,116854,38,4,37,86.37,8.55,89.13,1,1
7759,5569,35,0,6,0,2,8,39341,50,4,10,72.73,5.14,46.95,3,0
7760,3630,33,0,3,2,1,7,68555,41,1,39,83.98,5.21,65.02,0,0
7761,2654,51,1,0,2,1,26,169483,48,20,30,79.08,9.95,100,1,1
7762,4847,49,1,4,4,2,25,148145,53,5,8,76.57,7.33,85,1,1
7763,6389,48,1,4,4,0,24,136866,33,9,71,87.83,10,99.6,1,1
7764,4250,49,1,1,2,0,23,102826,41,8,57,71.46,9.85,93.9,1,1
7765,6432,59,0,3,5,0,35,130424,44,13,26,92.78,9.65,100,1,1
7766,5821,42,0,0,2,0,15,130191,44,1,13,90.84,9.31,85.36,1,1
7767,8884,47,1,5,4,0,26,124453,58,5,65,91.38,10,96,1,1
7768,3705,29,0,5,0,2,4,91671,47,22,10,94.21,10,100,1,1
7769,4002,40,1,2,5,0,20,147241,44,9,6,99.33,8.64,92.24,1,1
7770,5649,49,0,5,3,1,29,135850,47,21,22,83.92,8.89,100,1,1
7771,7013,23,1,5,2,2,3,62428,55,14,8,74.75,7.57,72.88,2,0
7772,5267,56,1,1,3,2,32,105460,58,6,7,72.1,9.33,88.51,1,1
7773,8739,47,0,1,2,2,25,70016,54,2,62,78.43,7.99,83.82,2,1
7774,78,23,1,1,5,2,1,69026,51,7,29,87.74,9.73,79.04,2,1
7775,475,51,0,4,4,2,24,154549,47,20,9,70.56,10,100,1,1
7776,8661,25,1,3,4,1,3,122813,40,7,74,90.16,8.59,86.57,1,1
7777,8882,57,1,0,2,0,33,167735,50,20,28,74.86,8.56,100,1,1
7778,7722,47,1,4,1,0,21,61729,50,4,49,70.07,7.79,67.55,0,0
7779,976,47,1,2,2,0,22,84168,31,4,72,73.21,8.41,79.54,2,0
7780,7056,56,1,5,2,0,35,128099,50,10,8,88.46,6.73,100,1,1
7781,686,37,1,2,1,2,16,71945,60,8,33,75.05,5.09,74.74,2,1
7782,9087,45,0,5,1,3,24,154762,55,23,1,79.59,10,100,1,1
7783,2017,38,0,4,2,0,11,66194,58,7,49,91.21,6.79,60.93,0,0
7784,3871,23,0,6,4,2,2,96462,58,8,4,98.82,8.81,75.82,2,0
7785,1481,22,0,5,1,1,1,45144,48,9,32,80.22,6.86,62.79,0,0
7786,7451,39,0,5,5,2,19,101175,46,2,67,76.01,8.75,74.12,2,0
7787,6431,33,0,0,1,2,10,109787,57,11,19,84.43,7.13,70.5,2,1
7788,6180,47,0,0,3,0,24,134650,52,12,27,97.23,8.72,100,1,1
7789,4190,32,1,4,3,0,9,102085,38,14,66,94.98,9.45,100,1,1
7790,9104,36,0,5,0,0,11,107279,44,19,39,70.62,9.46,100,1,1
7791,6397,39,0,5,2,1,15,97553,48,11,32,96.17,10,100,1,1
7792,3513,23,0,1,3,2,2,178132,37,19,19,92.12,10,99.34,1,1
7793,3035,46,1,4,5,0,20,146931,53,4,62,92.86,9.6,88.97,1,1
7794,7661,42,0,3,3,2,15,153470,37,17,4,91.23,9.89,100,1,1
7795,4971,35,0,6,1,3,8,126576,32,13,43,87.94,8.78,87.4,1,1
7796,1266,42,0,1,4,0,17,103288,46,9,43,88.37,10,97.9,1,1
7797,3128,34,0,0,0,0,7,86567,37,8,52,96.2,8.27,78.68,2,0
7798,6946,44,1,2,4,1,18,122166,42,16,14,92.23,10,98.55,1,1
7799,5601,55,1,5,4,2,32,138471,44,21,22,77,10,100,1,1
7800,3823,46,1,2,1,2,23,146636,43,19,31,91.79,7.66,100,1,1
7801,2931,32,0,2,5,2,10,47429,40,10,58,71.72,6.88,69.42,0,0
7802,3776,59,0,6,2,1,32,132903,33,16,6,79.11,10,100,1,1
7803,7429,35,1,6,5,3,8,75809,31,9,31,80.41,6.99,66.26,0,0
7804,3448,38,1,0,5,0,14,88584,50,3,62,95.75,7.2,73.78,2,1
7805,1444,42,1,4,4,2,19,159130,35,23,73,89.04,9.3,100,1,1
7806,2628,34,0,0,0,0,14,102992,42,24,22,85.23,10,100,1,1
7807,810,50,1,0,4,1,27,135280,52,7,70,90.1,8.52,97.11,1,1
7808,8214,30,0,3,2,0,8,45363,30,4,48,94.08,6.34,69.98,0,0
7809,4001,49,0,0,1,0,22,117574,51,18,68,77.8,8.35,100,1,1
7810,2434,40,0,6,4,2,17,158621,53,5,71,85.27,6.77,90.7,1,1
7811,7610,37,1,1,3,1,11,62697,46,8,12,74.26,7.63,79.44,2,1
7812,6114,43,1,1,3,0,19,144676,41,2,69,96.37,8.95,95.18,1,1
7813,4570,32,0,2,2,2,7,91512,41,13,68,95.27,10,100,1,1
7814,3249,24,0,3,1,0,3,80639,38,1,77,96.34,7.76,77.9,2,1
7815,2201,53,0,6,4,0,27,128700,57,7,6,85.41,10,95.19,1,1
7816,2233,26,0,4,4,2,1,124034,38,22,73,92.99,8.55,100,1,1
7817,3500,34,0,3,0,1,10,141306,44,19,78,78.92,9.93,100,1,1
7818,5447,39,0,6,3,2,17,160584,56,11,27,89.91,8.64,94.18,1,1
7819,1117,23,0,6,2,1,1,158866,48,12,55,79.3,10,85.88,1,1
7820,84,25,1,4,5,2,1,169552,50,15,62,88.86,10,96.02,1,1
7821,7428,54,0,3,2,0,33,170112,49,4,8,95.17,9.49,89.44,1,1
7822,5826,39,0,5,0,0,17,105941,45,21,59,91.25,10,100,1,1
7823,1938,36,0,2,4,0,10,78491,42,6,41,92.4,6.56,68.19,0,0
7824,4329,47,0,6,5,0,22,162003,56,21,46,76.55,9.84,100,1,1
7825,3508,49,1,4,1,1,29,133753,34,15,62,89.22,10,100,1,1
7826,4784,43,0,2,5,1,22,143754,42,8,62,83.62,8.65,100,1,1
7827,6335,29,0,6,2,0,7,88022,47,10,21,78.79,8.96,78.91,2,0
7828,5400,45,0,2,1,0,22,105601,53,4,71,93.42,8.88,100,1,1
7829,4477,31,0,0,5,2,4,63819,36,12,29,78.08,5.81,69.37,0,0
7830,8131,40,1,5,4,0,16,105630,48,1,20,75.99,6.7,71.04,2,1
7831,511,25,0,4,1,2,2,62440,45,9,65,94.13,6.99,83.66,2,0
7832,8196,24,1,4,1,0,1,48081,53,1,15,87.42,3.19,40,3,0
7833,7333,58,1,2,2,0,32,93633,32,20,65,75.03,8.18,100,1,1
7834,6898,44,0,0,3,1,22,146079,55,8,44,78.12,10,100,1,1
7835,9170,52,1,4,5,2,26,93839,59,7,55,80.43,8.63,94.22,1,1
7836,2237,50,1,4,1,3,29,134659,35,15,54,77.39,10,100,1,1
7837,4216,34,0,1,5,0,12,134541,57,19,23,96.24,9.69,100,1,1
7838,5838,29,0,5,5,0,2,61958,50,1,54,90.33,7.24,74.97,2,1
7839,8152,38,0,3,5,1,12,83429,45,6,65,73.63,7.94,83.65,2,1
7840,3020,50,0,5,1,2,30,91675,45,19,44,77.43,10,100,1,1
7841,1411,43,0,3,4,1,23,176791,30,20,1,75.33,8.95,99.43,1,1
7842,8589,45,1,5,1,2,21,110249,37,12,73,81.38,10,100,1,1
7843,8869,47,0,6,4,2,22,124807,36,13,68,97.2,10,100,1,1
7844,3618,37,0,3,5,0,14,46211,40,5,41,74.75,7.95,64.77,0,0
7845,670,25,0,1,2,0,5,76444,38,14,12,81.03,8.02,80.35,2,1
7846,5600,49,0,3,2,0,28,115096,52,5,32,80.54,10,94.09,1,1
7847,3238,56,1,6,1,0,32,171072,41,17,62,85.03,9.75,100,1,1
7848,6283,29,0,1,3,0,2,99373,47,13,64,97.1,10,99.53,1,1
7849,1220,46,0,0,3,0,26,100618,40,13,68,95.72,10,100,1,1
7850,1601,38,1,1,4,0,13,36541,39,1,25,71.78,2.63,44.75,3,0
7851,6445,33,0,3,2,1,6,108217,44,15,58,93.42,9.97,100,1,1
7852,7954,30,1,2,1,2,7,136633,48,15,32,99.9,10,94.7,1,1
7853,6356,52,0,5,1,1,25,95770,41,13,64,91.73,9.65,100,1,1
7854,2571,51,1,6,4,0,26,172957,41,6,4,95.16,9.52,86.88,1,1
7855,7022,38,1,3,0,0,18,143084,46,20,68,80.4,9.1,100,1,1
7856,1416,36,0,3,5,2,10,155201,37,22,29,95.94,10,100,1,1
7857,3328,49,1,0,1,2,27,123984,48,6,74,80.29,10,100,1,1
7858,2740,38,0,6,3,0,15,97041,35,1,68,92.92,8.06,74.28,2,1
7859,3950,59,0,3,1,0,38,128650,38,9,32,77.22,9.54,100,1,1
7860,5804,26,0,2,0,2,5,86815,55,12,63,80.44,6.84,76.65,2,1
7861,353,43,1,6,1,0,22,103726,54,13,46,91.8,9.77,100,1,1
7862,7162,47,0,4,1,3,22,132408,52,10,46,90.07,10,100,1,1
7863,7245,57,0,0,5,0,32,175815,45,8,64,84.2,9.62,100,1,1
7864,8911,41,0,6,3,1,21,141838,57,22,21,97.72,9.19,100,1,1
7865,1562,52,0,5,2,1,32,166592,45,9,76,79.52,10,100,1,1
7866,3259,31,0,3,4,2,4,131457,35,15,35,97.55,8.2,92.25,1,1
7867,9204,23,1,5,4,0,1,47125,33,9,27,70.36,5.32,48.85,3,0
7868,3551,50,0,0,4,0,24,150498,33,10,46,94.84,9.72,100,1,1
7869,9123,34,1,6,3,0,12,62037,49,3,70,81.25,6.9,63.04,0,1
7870,6947,33,0,4,2,1,6,95120,50,24,67,87.16,10,100,1,1
7871,5943,56,1,5,2,1,29,62907,53,1,12,77.53,6.7,66.9,0,0
7872,3211,53,0,5,3,3,28,175738,55,18,45,94.97,10,100,1,1
7873,1166,29,1,0,5,0,4,163426,43,12,28,91.93,8.01,87.86,1,1
7874,4388,46,0,6,4,2,19,82904,33,7,13,96.11,8.66,77.98,2,0
7875,8248,55,1,2,5,0,34,130148,44,1,11,81.18,7.78,86.1,1,1
7876,8116,54,0,0,4,3,33,140248,44,8,60,88.57,9.36,100,1,1
7877,9298,41,1,5,2,0,16,74103,41,5,11,74.64,5.76,62.81,0,0
7878,546,53,0,4,1,0,33,135063,31,20,0,92.61,9.73,100,1,1
7879,2125,57,1,3,0,1,31,164030,31,10,72,96.79,9.3,100,1,1
7880,1011,36,0,6,1,1,10,132631,47,24,73,77.21,9.95,100,1,1
7881,39,23,1,4,5,1,2,105694,43,10,71,70.55,7.9,80.74,2,1
7882,7109,41,1,0,4,1,14,89019,37,7,0,99.25,8.45,72.61,2,0
7883,2234,50,0,1,1,0,25,109380,48,19,65,86.03,10,100,1,1
7884,3484,30,0,6,3,2,4,30485,37,3,9,72.8,5.39,44.94,3,0
7885,961,31,1,0,3,1,9,148782,57,19,32,77.59,10,100,1,1
7886,7982,55,0,6,2,0,30,170886,56,16,41,91.19,8.5,100,1,1
7887,2302,54,0,0,3,1,31,143151,60,13,34,83.48,10,100,1,1
7888,2597,56,1,4,5,0,34,63115,30,4,9,71.41,8.07,65.18,0,0
7889,7699,50,0,3,3,0,27,102674,31,12,13,89.86,10,95.87,1,1
7890,1581,30,0,3,3,0,7,68682,41,7,61,70.13,7.77,66.73,0,0
7891,9086,48,0,3,3,0,26,170616,37,5,64,75.89,10,98.27,1,1
7892,6362,59,1,2,1,2,37,145986,45,3,75,80.37,10,100,1,1
7893,2721,42,0,1,1,0,22,128742,31,6,51,79.25,10,92.61,1,1
7894,1197,27,0,5,2,2,1,172460,43,23,78,87.5,8.68,100,1,1
7895,6431,26,1,6,3,0,2,105508,55,23,20,93.83,10,100,1,1
7896,8786,24,0,5,3,1,2,173520,55,17,25,95.4,9.09,98.55,1,1
7897,2741,36,0,6,4,2,11,64381,36,4,42,78.65,5.13,55.64,0,0
7898,5379,27,1,0,3,0,2,99228,51,18,34,98.35,9.13,96.41,1,1
7899,1866,52,0,4,3,2,28,117771,30,13,14,87.09,10,100,1,1
7900,1221,36,1,4,4,1,9,66797,54,5,27,91.61,6.23,67.58,0,0
7901,2159,30,0,1,2,0,4,112228,34,23,76,89.92,10,100,1,1
7902,4176,56,0,1,2,0,34,131919,32,13,44,91.12,8.85,100,1,1
7903,297,38,0,6,1,0,15,78260,56,6,30,82.01,6.9,61.89,0,0
7904,4747,49,1,2,5,3,29,127277,60,18,16,78.03,10,100,1,1
7905,8703,41,1,0,5,1,16,113447,50,8,22,72.24,8.48,83.02,2,1
7906,6408,37,0,5,0,0,12,161576,35,14,29,94.59,10,100,1,1
7907,3445,40,1,6,3,1,15,60100,30,7,39,77.79,8.59,76.49,2,1
7908,3088,51,0,0,0,1,24,45899,60,4,14,96.85,6.03,67.02,0,0
7909,2372,47,0,5,5,0,27,156679,38,1,62,77.78,9.67,89.34,1,1
7910,2169,32,1,4,2,0,6,83777,30,16,26,87.95,8.63,83.7,2,0
7911,7646,47,1,2,0,0,22,154422,31,23,50,81.34,8.9,100,1,1
7912,3806,54,1,6,5,0,27,140627,43,4,26,75.54,7.89,85.07,1,1
7913,7759,53,0,1,0,1,29,116683,54,6,58,99.13,10,100,1,1
7914,4702,52,1,2,3,1,31,175237,52,21,41,86.22,8.64,100,1,1
7915,2619,44,0,4,5,2,23,122310,37,3,0,96.66,10,87.13,1,1
7916,9137,32,1,3,1,1,6,160193,34,22,61,82.93,9.03,100,1,1
7917,1187,42,1,3,1,0,20,144107,52,6,76,93.25,8.74,100,1,1
7918,2680,55,1,2,4,0,29,131762,51,4,57,91.24,10,100,1,1
7919,405,49,0,5,0,0,27,167499,58,14,59,82.75,8.64,89.08,1,1
7920,1207,23,1,0,2,2,1,151900,42,23,47,70.52,9.1,97.64,1,1
7921,4797,55,1,5,1,0,35,155494,53,18,79,95.34,10,100,1,1
7922,2127,49,0,2,4,0,24,143951,57,23,30,97.88,10,100,1,1
7923,2622,47,1,0,4,0,27,99336,56,11,44,93.8,10,100,1,1
7924,7856,33,1,0,4,0,6,177819,53,20,49,96.95,10,100,1,1
7925,8634,58,1,5,1,2,37,98095,51,13,65,76.64,9.31,100,1,1
7926,3157,46,0,6,4,2,19,169889,55,10,38,91.41,10,96.76,1,1
7927,2450,22,0,6,0,2,1,98725,55,18,38,70.45,8.14,89.2,1,1
7928,2,54,0,4,5,2,30,132204,41,1,14,80.32,9.85,91.43,1,1
7929,6690,35,1,1,3,2,11,136690,54,24,12,81.35,8.66,100,1,1
7930,4744,27,0,5,0,2,2,46026,58,7,36,83.9,5.66,61.12,0,1
7931,2997,49,1,2,3,0,22,62703,52,3,12,81.89,6.53,74.27,2,1
7932,6997,29,1,1,2,0,2,102293,34,13,78,93.48,7.15,85.65,1,1
7933,5301,37,0,2,0,1,10,77412,38,1,12,82.63,6,55.53,0,0
7934,2861,35,0,2,5,0,10,48961,56,1,19,73.95,4.02,45.97,3,0
7935,2563,58,1,5,4,2,32,166879,35,17,7,81.49,9.03,100,1,1
7936,3514,28,1,0,2,0,8,73443,48,3,17,80.02,5.99,59.95,0,1
7937,4541,41,0,5,4,0,20,130894,40,15,41,95.14,10,100,1,1
7938,1315,36,0,0,5,1,16,127596,38,11,38,92.6,9.91,100,1,1
7939,1289,51,1,3,5,0,27,104149,34,14,43,83.2,10,100,1,1
7940,7973,42,0,1,0,2,22,108942,57,5,44,94.3,6.73,93.15,1,1
7941,3678,27,1,4,0,0,7,60545,32,12,39,99.1,9.26,83.66,2,1
7942,6750,35,1,4,5,0,8,169205,53,17,14,83.27,7.97,93.39,1,1
7943,1680,58,0,1,5,0,35,167620,44,16,4,93.48,10,100,1,1
7944,809,37,1,0,2,0,11,124955,40,9,74,87.63,8.88,87.34,1,1
7945,62,31,0,0,4,2,5,103795,53,17,4,97.28,9.77,82.17,2,0
7946,6269,49,1,1,5,2,23,104571,33,9,25,88.04,8.73,86.28,1,1
7947,6602,36,0,1,2,1,13,55340,54,2,7,95.67,7.52,64.19,0,0
7948,2952,40,0,0,5,3,18,136933,46,24,57,77.51,9.1,100,1,1
7949,4879,33,1,3,1,0,8,111641,50,21,59,83,10,100,1,1
7950,3732,44,0,5,3,0,22,118587,31,20,40,80.14,10,100,1,1
7951,7177,36,0,5,0,0,12,140726,53,8,20,90.16,8.72,85.72,1,1
7952,3935,32,1,1,1,0,9,179379,46,2,68,82.87,10,90.06,1,1
7953,1167,37,1,1,1,0,16,107968,47,22,7,73.86,10,100,1,1
7954,644,56,0,0,0,1,32,107328,44,22,62,98.24,10,100,1,1
7955,7089,40,0,5,0,0,14,173994,37,11,24,72.51,8.43,86.43,1,1
7956,8820,22,1,4,4,1,1,89753,50,10,12,88.92,7.19,76.86,2,1
7957,5576,59,1,5,4,0,35,147474,49,11,60,71.4,10,100,1,1
7958,6523,26,0,6,5,0,1,62528,39,8,64,85.24,7.05,69.76,0,0
7959,7443,59,0,2,3,1,34,102286,58,5,30,97.16,10,100,1,1
7960,4395,24,1,6,2,1,1,93108,31,14,75,73.06,7.69,75.52,2,1
7961,5265,48,1,5,1,2,24,115795,37,21,22,70.79,10,100,1,1
7962,5414,45,1,3,0,0,25,174221,47,24,62,98.13,10,100,1,1
7963,6638,53,0,0,0,0,26,109494,49,23,51,99.88,9.39,100,1,1
7964,5162,49,1,0,4,0,25,171856,54,13,14,85.26,6.98,89.65,1,1
7965,340,59,1,6,1,0,32,137937,52,3,53,92.52,7.55,90.12,1,1
7966,2969,35,0,0,5,0,13,103025,58,23,12,82.63,8.91,100,1,1
7967,4578,40,0,0,2,0,17,112713,56,11,39,82.76,6.15,80.83,2,0
7968,3067,34,0,2,4,0,13,115879,44,15,47,97.21,9.47,100,1,1
7969,2719,27,1,5,1,0,1,167254,50,11,75,98.77,9.75,92.9,1,1
7970,2077,44,0,1,1,0,24,133148,49,14,68,70.49,10,100,1,1
7971,8024,52,1,1,5,1,27,36694,53,1,8,78.45,5.54,54.67,3,0
7972,3703,43,0,2,1,2,23,61743,32,3,24,89.96,6.79,81.78,2,1
7973,9064,50,1,3,4,2,30,144213,44,4,12,88.95,9.13,94.04,1,1
7974,4087,55,0,3,3,1,31,178496,36,9,25,80.84,10,100,1,1
7975,1610,34,1,5,2,0,11,174617,49,23,72,74.02,9.18,100,1,1
7976,6567,25,0,1,4,0,1,81442,41,8,44,82.27,6.46,77.27,2,1
7977,4095,22,0,4,5,2,2,71703,33,6,47,96.08,7.73,76.71,2,1
7978,1069,35,0,5,4,0,12,95345,49,7,65,78.28,7.15,80.33,2,0
7979,7220,32,0,5,2,0,8,173333,60,22,19,95.16,8.67,100,1,1
7980,4026,47,0,2,5,2,27,124444,44,8,26,96.53,10,100,1,1
7981,7158,45,0,6,4,2,18,168924,42,23,59,84.73,8.82,100,1,1
7982,4767,59,1,4,4,2,38,159831,53,9,4,96.89,9.67,100,1,1
7983,6428,33,0,6,3,0,6,81578,32,11,68,77.6,9.04,75.31,2,0
7984,516,45,0,3,3,0,20,115958,58,14,21,89.33,8.11,100,1,1
7985,5391,34,1,2,5,1,11,131536,52,7,41,95.81,9.46,89.08,1,1
7986,2313,40,1,5,2,2,18,107342,58,8,44,76.45,6.9,81.85,2,1
7987,1238,45,0,6,0,2,18,87608,60,15,43,96.94,7.69,82.09,2,1
7988,7694,36,0,5,1,0,13,179283,56,22,45,94.14,9.28,100,1,1
7989,4628,24,0,0,3,0,1,60607,48,4,31,84.87,6.05,64.73,0,0
7990,4719,26,0,6,4,0,1,67365,40,17,11,82.17,5.53,82.71,2,0
7991,7121,44,1,2,3,0,24,103457,60,19,43,87.87,10,100,1,1
7992,1657,30,0,1,5,0,6,169903,49,23,49,74.28,10,100,1,1
7993,6087,49,1,2,4,2,22,159315,58,14,12,75.49,10,92.24,1,1
7994,1855,37,1,1,0,0,11,125725,49,24,57,80.79,9.96,100,1,1
7995,105,37,0,5,3,0,10,118621,43,9,11,82.14,6.95,80.91,2,0
7996,4606,46,0,5,1,2,19,129918,48,18,69,81.61,10,100,1,1
7997,7203,40,1,5,4,0,13,65724,41,1,50,93.47,6.52,74.83,2,1
7998,3879,38,1,3,4,0,16,89491,30,6,42,92.45,8.46,78.5,2,1
7999,3661,53,0,5,0,2,31,99411,37,14,69,76.66,10,100,1,1
8000,4331,27,0,2,2,2,5,124658,47,23,50,76.84,10,100,1,1
8001,2531,58,0,5,3,1,35,135085,57,18,21,86.04,8.91,100,1,1
8002,3321,49,0,0,0,0,22,112239,39,8,12,82.48,6.46,80.57,2,1
8003,2042,33,1,3,5,0,9,63893,41,6,62,71.49,6.94,83.64,2,1
8004,3078,36,1,1,3,0,11,108028,38,11,62,76.55,8.98,100,1,1
8005,8275,29,1,4,3,2,7,74940,50,2,46,76.67,4.89,57.42,0,0
8006,5816,25,0,1,0,0,3,106418,30,16,53,85.92,9.41,100,1,1
8007,5939,46,1,4,2,0,26,154151,50,1,38,73.77,7.77,85.2,1,1
8008,8866,31,0,1,4,3,5,154954,47,16,18,94.85,10,100,1,1
8009,5572,37,0,6,3,3,16,79239,37,3,76,77.56,8.29,76.42,2,0
8010,1010,36,0,0,4,2,11,103705,60,6,54,92.13,7.69,76.37,2,0
8011,2695,36,1,2,4,0,15,40454,38,3,44,79.02,6.43,64.71,0,0
8012,116,56,0,5,2,2,31,154478,58,15,25,90.14,10,100,1,1
8013,7981,22,0,5,5,0,2,161808,41,11,66,84.6,9.48,88.67,1,1
8014,5439,25,0,3,3,0,5,97316,55,23,11,86.42,10,91.46,1,1
8015,7651,48,1,0,5,1,27,153553,53,19,17,85.78,10,100,1,1
8016,6684,41,1,6,5,2,18,124052,32,9,75,86.36,9.78,98.56,1,1
8017,4488,30,1,3,0,1,4,148292,56,22,61,95.95,7.29,100,1,1
8018,489,42,1,0,5,0,21,151281,42,23,28,89.28,10,100,1,1
8019,4204,44,1,4,3,0,20,159276,31,14,4,99.42,10,100,1,1
8020,9167,50,0,0,1,2,26,143974,42,6,56,96.63,9.92,100,1,1
8021,8437,50,1,2,3,3,26,166290,32,13,68,77.84,10,100,1,1
8022,6143,22,1,5,1,0,1,102396,40,21,11,74.89,10,87.27,1,1
8023,1743,37,0,1,2,2,13,60399,30,8,56,91.24,9.74,81.66,2,0
8024,3044,41,0,6,4,2,14,163065,47,20,12,98.96,10,100,1,1
8025,8062,38,0,5,2,0,17,109974,45,22,27,98,10,100,1,1
8026,7579,55,0,0,5,0,30,97220,35,12,40,76.61,10,100,1,1
8027,721,40,0,6,4,2,16,102516,51,5,59,76.8,8.63,88.5,1,1
8028,8800,46,1,2,1,0,19,141892,32,11,42,70.38,7.95,96.57,1,1
8029,3180,37,0,4,5,1,10,121553,52,14,68,90.21,10,100,1,1
8030,3085,23,1,5,1,1,1,35997,34,8,47,75.15,6.27,54.4,3,0
8031,2515,37,1,0,3,2,14,150414,41,22,45,99.35,8.25,100,1,1
8032,4618,46,0,3,2,0,24,101772,36,17,5,95.12,10,100,1,1
8033,1867,59,1,2,4,1,32,163902,57,15,67,84.13,10,100,1,1
8034,6547,22,1,4,0,2,1,41675,30,10,60,82.03,3.14,59.51,0,0
8035,3690,48,1,5,2,1,28,111039,49,21,6,96.47,9.13,100,1,1
8036,8376,30,1,4,4,0,7,164448,49,24,27,81.58,10,100,1,1
8037,6216,46,0,0,2,0,26,146462,48,9,33,82.21,9.23,100,1,1
8038,8184,32,0,5,0,2,9,139747,45,12,43,94.33,8.94,92.64,1,1
8039,3411,30,0,6,0,0,6,120451,51,7,65,97.13,10,88,1,1
8040,2344,43,1,6,0,0,22,116323,57,12,14,78.79,7.91,79.59,2,0
8041,6024,43,1,2,2,0,16,118780,44,9,12,72.65,7.39,81.8,2,0
8042,2284,30,1,5,0,0,6,159799,33,24,73,75.28,10,100,1,1
8043,4223,44,1,0,0,0,24,133456,44,15,26,88.88,9.31,100,1,1
8044,3712,46,0,2,4,1,24,129975,57,11,5,90.76,9.05,85.31,1,1
8045,3340,41,0,6,5,2,14,97604,39,8,59,79.73,8.89,94.97,1,1
8046,6214,51,0,6,1,0,29,172984,48,18,70,94.45,10,100,1,1
8047,799,43,0,2,0,0,21,39823,35,2,12,85.97,4.61,48.76,3,0
8048,7990,51,1,2,1,0,29,169027,48,11,33,80.1,9.7,97.01,1,1
8049,6934,28,0,6,4,0,5,111422,53,12,13,85.88,7.95,74.71,2,1
8050,4939,38,1,5,0,0,12,176728,56,22,3,96.24,10,95.69,1,1
8051,2160,49,0,6,5,0,24,174148,33,17,47,99.86,9.98,100,1,1
8052,5017,27,1,3,3,2,2,54301,51,8,26,91.66,7.47,62.28,0,0
8053,2822,58,0,3,2,2,35,141255,56,22,56,71.97,10,100,1,1
8054,971,38,0,3,1,0,14,89721,30,13,38,81.03,6.72,80.79,2,1
8055,944,24,1,6,0,0,1,114041,53,13,76,83.41,8.58,82.28,2,1
8056,6264,59,1,2,0,2,32,165674,32,23,64,95.83,9.76,100,1,1
8057,1153,46,1,3,1,0,24,94969,59,6,70,90.72,9.41,90.55,1,1
8058,1693,44,1,1,4,2,22,176351,54,16,25,75.54,9.81,100,1,1
8059,5309,23,1,4,2,0,1,73954,34,15,63,76.1,7.71,83.28,2,1
8060,1678,49,1,0,2,1,28,116649,36,6,72,87.31,9.58,100,1,1
8061,2424,27,1,1,3,2,4,82027,47,12,0,76.79,8.14,71.08,2,0
8062,6910,52,1,3,2,2,28,118142,59,19,72,71.93,9.23,100,1,1
8063,4359,50,0,6,3,2,27,130334,47,14,58,97.17,10,100,1,1
8064,4651,23,1,3,2,2,1,162385,35,23,48,88.68,10,100,1,1
8065,7192,50,1,6,0,0,28,142921,59,18,0,70.4,8.61,93.4,1,1
8066,2534,53,0,3,4,0,31,168401,33,16,2,87.48,10,100,1,1
8067,2676,29,0,4,5,0,7,137931,43,21,56,86.15,9.8,100,1,1
8068,4429,45,0,1,2,2,24,126570,44,5,45,84.3,10,98.22,1,1
8069,851,23,0,4,0,1,1,113996,56,17,38,84.72,8.26,86.18,1,1
8070,6540,57,1,6,4,1,35,141949,53,20,46,73.86,9.98,100,1,1
8071,4574,55,0,0,4,0,32,92327,30,8,0,85.23,9.45,84.88,2,1
8072,5676,27,0,5,2,0,4,178021,60,20,63,95.5,10,100,1,1
8073,1863,30,1,1,3,2,9,109207,35,19,48,72.98,9.5,94.24,1,1
8074,73,47,1,5,0,0,24,67770,53,3,49,97.72,10,84.36,2,1
8075,9248,38,0,0,3,0,11,104900,44,5,24,92.3,10,84.7,2,1
8076,4119,35,1,1,1,0,11,40952,50,1,10,71,5.47,47.88,3,0
8077,5759,28,1,1,5,3,3,113834,50,14,15,90.01,8.07,81.64,2,0
8078,117,54,0,3,3,0,31,172363,57,1,57,98.75,8.71,96.22,1,1
8079,7913,32,0,1,5,1,11,96629,41,18,14,75.74,10,94.02,1,1
8080,5510,59,0,5,3,2,36,154567,48,2,77,88,10,100,1,1
8081,732,52,0,2,3,0,29,161081,33,5,46,72.54,9.05,88.35,1,1
8082,9223,24,0,6,3,2,1,117456,59,14,75,73.85,6.87,77.8,2,1
8083,2944,23,0,3,0,0,3,92441,48,15,51,84.39,10,95.66,1,1
8084,653,42,0,0,2,1,18,157708,55,23,3,83.04,10,100,1,1
8085,584,57,0,0,5,1,33,130004,31,8,51,80.56,9.9,100,1,1
8086,7549,48,0,4,4,0,21,118642,49,8,65,93.72,10,100,1,1
8087,4313,24,0,6,4,0,3,120975,37,15,57,75.92,7.46,87.78,1,1
8088,2745,50,0,3,3,0,26,144194,59,22,11,87.65,9,100,1,1
8089,6740,35,1,6,5,0,8,161754,45,20,31,76.42,8.78,100,1,1
8090,1710,47,0,3,1,0,25,127400,44,17,74,84.05,10,100,1,1
8091,3689,35,1,4,1,2,8,76297,33,15,28,71.47,6.55,67.41,0,0
8092,6135,41,0,3,4,2,15,71484,31,4,69,85.25,9.64,78.99,2,1
8093,4268,26,1,5,5,0,4,48338,60,7,24,78.24,4.5,52.37,3,0
8094,2409,26,0,5,4,0,3,77368,58,7,6,92.38,5.78,65.3,0,0
8095,694,41,1,1,1,0,19,108734,37,19,64,75.79,10,100,1,1
8096,2311,46,1,4,1,0,22,90977,43,12,25,78.78,9.3,100,1,1
8097,8018,39,1,4,4,1,14,117404,46,8,60,83.66,6.2,77.63,2,0
8098,6497,54,1,0,3,0,33,111048,57,19,53,88.13,10,100,1,1
8099,5825,25,1,0,0,0,4,115284,58,23,58,75.25,8.95,100,1,1
8100,6489,36,1,5,2,3,13,114985,46,5,69,80.6,7.11,82.42,2,0
8101,8527,35,0,4,2,2,8,33580,59,4,28,88.22,3.52,43.72,3,0
8102,6751,48,0,5,0,2,23,141293,51,13,11,85.1,9.7,100,1,1
8103,1098,52,1,3,3,0,32,108802,36,16,19,88.63,8.44,100,1,1
8104,3070,53,0,5,0,2,29,177296,34,14,44,80.74,9.92,100,1,1
8105,6431,24,0,3,1,1,1,137290,59,15,42,95.42,9.34,87.26,1,1
8106,1768,43,1,0,5,0,16,78994,49,2,35,99.78,8.05,79.34,2,0
8107,2004,49,1,0,0,0,27,152695,55,23,74,90.29,9.51,100,1,1
8108,2193,54,1,3,1,3,32,106004,59,16,45,92.57,10,100,1,1
8109,557,56,1,4,2,2,36,111065,57,7,61,74.02,9.14,100,1,1
8110,7210,23,1,0,4,0,1,72208,58,12,34,97.92,8.37,79.54,2,0
8111,8614,45,0,3,1,2,20,162536,37,17,67,84.88,9.5,100,1,1
8112,7173,22,0,4,4,3,1,118973,32,18,15,99.78,10,99.07,1,1
8113,3938,28,1,4,1,0,5,70267,46,12,3,83.85,9.76,84.45,2,1
8114,7758,43,0,0,0,2,19,153684,58,13,78,80.47,10,100,1,1
8115,9169,55,0,0,3,0,35,145776,41,23,3,77.64,10,100,1,1
8116,4676,44,1,6,0,2,20,154580,44,23,44,97.37,8.45,100,1,1
8117,4290,33,0,3,4,1,12,152003,58,19,51,72.26,10,98.2,1,1
8118,7535,55,0,0,3,1,29,177826,44,24,65,80.43,10,100,1,1
8119,2606,49,0,1,0,0,28,116265,39,21,65,94.45,8.28,100,1,1
8120,37,28,0,5,2,2,5,69109,56,6,70,80.68,6.37,67.23,0,0
8121,7350,26,0,0,1,0,1,95954,30,1,79,99.09,8.11,73.14,2,0
8122,8487,29,0,4,5,0,2,173495,59,24,69,97.2,10,100,1,1
8123,7264,36,0,4,0,0,14,98290,41,15,60,88.42,10,100,1,1
8124,468,56,1,5,4,2,35,172380,39,11,1,70.5,9.43,100,1,1
8125,3786,59,1,1,2,2,38,142655,47,21,38,87.73,10,100,1,1
8126,9319,34,1,5,1,0,11,103162,52,11,34,77.87,7.83,92.16,1,1
8127,2329,36,0,5,2,1,14,167314,32,23,26,97.55,9.09,100,1,1
8128,2069,40,0,1,3,2,13,117824,48,10,47,96.1,9.64,100,1,1
8129,3218,49,1,4,4,0,28,151631,54,13,16,96.92,9.84,100,1,1
8130,609,52,0,1,1,0,32,94693,45,2,16,75.38,7.92,80.51,2,0
8131,569,29,1,6,1,0,3,110072,46,7,74,91.13,7.18,83.9,2,0
8132,3281,38,0,1,3,1,14,99459,53,2,66,94.1,8.11,79.46,2,1
8133,1482,28,1,6,2,1,4,53308,50,6,3,85.82,6.98,67.37,0,1
8134,7832,40,0,4,2,2,19,156793,38,16,5,80.42,10,100,1,1
8135,4351,48,1,0,2,0,23,151743,31,19,20,90.79,9.05,100,1,1
8136,1604,47,0,5,5,1,23,150444,52,11,67,78.44,9.58,100,1,1
8137,8833,28,1,0,5,0,7,51082,58,13,16,78.72,6.86,62.87,0,0
8138,2071,26,0,4,5,1,1,131104,49,19,78,75.69,9.2,100,1,1
8139,4005,55,1,1,4,2,32,120387,38,20,35,77.08,10,100,1,1
8140,2356,45,0,5,4,0,23,127632,56,17,47,76.39,10,100,1,1
8141,7181,56,1,4,2,2,32,136200,52,21,18,79.98,9.21,100,1,1
8142,4870,23,1,1,3,0,1,81332,41,5,11,94.78,7.43,75.44,2,1
8143,1441,28,1,0,2,0,8,39594,30,4,8,99.54,5.35,49.52,3,0
8144,4846,31,1,3,2,0,10,118535,42,12,18,77.63,7.58,87.33,1,1
8145,1016,52,1,1,4,2,28,109900,53,4,32,76.34,7.58,79.77,2,0
8146,5237,51,1,5,0,3,28,118950,31,21,75,80.18,9.22,100,1,1
8147,2659,58,0,0,3,2,32,67683,30,3,9,83.81,5.81,75.96,2,1
8148,8462,25,1,6,0,3,1,43816,42,1,23,85.6,5.15,47.34,3,0
8149,9219,59,0,4,4,3,39,117796,34,9,68,96.17,10,100,1,1
8150,6573,55,0,1,1,2,30,94834,60,6,66,81.36,10,100,1,1
8151,9032,22,0,4,2,0,1,176847,45,14,66,77.92,9.63,88.78,1,1
8152,1092,24,0,2,1,0,1,86663,54,16,34,92.32,6.59,76.71,2,0
8153,6204,32,1,3,5,2,10,150756,53,10,68,76.73,6.87,88.99,1,1
8154,1516,25,0,6,5,2,3,75638,44,11,27,76.03,6.03,69.17,0,0
8155,2633,40,0,5,3,0,19,115884,47,13,78,96.67,10,100,1,1
8156,8282,27,1,0,5,0,1,126002,54,21,25,79.93,9.64,99.62,1,1
8157,8377,39,1,6,3,3,13,94735,35,18,33,74.81,10,100,1,1
8158,4327,41,1,1,1,0,17,133430,58,8,76,76.17,8.58,87.24,1,1
8159,4817,54,1,6,1,0,32,112553,37,17,39,94.94,7.87,100,1,1
8160,2905,32,1,1,0,0,7,31216,57,1,5,89.06,4.58,40,3,0
8161,3723,40,1,6,1,2,20,129714,31,11,79,89.03,10,100,1,1
8162,2716,44,1,4,1,0,17,115257,49,6,59,83.29,8.05,87.62,1,1
8163,5224,36,0,3,3,2,9,147291,48,16,22,92.03,10,92.27,1,1
8164,755,24,0,3,3,3,1,68680,52,7,6,77.93,6.91,55.14,0,0
8165,7813,50,1,3,0,3,28,92547,51,22,70,77.98,8.95,100,1,1
8166,137,35,1,6,1,1,14,74485,30,11,13,71.97,6.47,70.05,2,0
8167,6843,31,0,5,1,2,4,98535,50,24,73,95.98,8.99,100,1,1
8168,531,55,0,3,0,2,29,159854,38,12,49,76.45,9.35,98.62,1,1
8169,8533,34,1,4,1,2,13,37184,43,1,1,81.56,6.34,52.31,3,0
8170,1901,38,0,1,5,1,13,108979,46,19,48,95.72,8.61,100,1,1
8171,4530,31,1,2,4,1,9,61435,31,7,71,77.59,8.63,72.21,2,1
8172,559,42,1,0,2,0,18,151918,42,12,39,82.44,9.34,100,1,1
8173,1291,27,1,6,3,3,5,108628,36,19,5,98.13,10,97.22,1,1
8174,2137,45,0,1,0,2,24,78794,49,12,1,76.03,7.26,79.09,2,0
8175,4037,54,1,6,4,2,29,100798,54,11,62,72.64,10,100,1,1
8176,7386,45,0,6,5,0,23,88945,35,5,22,93.71,8.88,83.73,2,0
8177,8953,41,0,5,1,2,16,150240,46,11,52,91.55,8.75,99.55,1,1
8178,7764,46,1,2,3,2,23,141483,41,16,56,75.36,8.77,100,1,1
8179,397,41,0,2,4,0,14,135601,57,13,57,89.48,9.69,100,1,1
8180,2503,29,1,2,5,2,8,173182,58,22,13,72.39,10,100,1,1
8181,1889,57,0,3,2,2,35,169730,32,5,11,79.14,9.16,88.45,1,1
8182,2883,49,1,0,4,0,29,93111,46,17,74,82.65,9.01,100,1,1
8183,5429,33,0,5,2,0,10,143390,46,20,24,70.22,9.31,100,1,1
8184,3771,58,1,0,3,1,32,151788,48,13,69,80.37,10,100,1,1
8185,3028,23,0,3,4,1,1,77457,58,10,67,74.66,6.34,55.3,0,0
8186,4421,29,0,1,5,1,2,124634,45,20,26,91.83,9.72,100,1,1
8187,1051,39,1,4,0,2,13,91103,35,21,63,90.76,10,100,1,1
8188,2918,32,0,6,1,2,5,118157,55,13,28,74.89,7.93,78.85,2,1
8189,3529,34,0,2,5,0,14,175930,49,18,5,83.51,9.88,93.48,1,1
8190,4919,40,0,3,4,2,18,144255,34,10,62,78.51,9.19,100,1,1
8191,3207,43,1,0,2,3,23,65990,54,3,36,82.01,7.03,65.77,0,0
8192,4448,22,0,2,4,1,1,72711,46,8,8,75.51,4.79,63.74,0,0
8193,1180,54,0,3,4,0,27,123952,52,18,29,89.77,10,100,1,1
8194,6222,55,0,0,0,2,31,99007,44,5,41,89.15,10,94.44,1,1
8195,1752,47,1,3,2,1,24,95879,60,1,3,93.19,6.2,70.29,2,1
8196,7443,48,0,6,1,0,26,125275,40,9,10,84.36,7.17,97.24,1,1
8197,7887,39,1,0,4,1,15,168024,46,10,12,98.01,7.59,85.24,1,1
8198,5038,55,0,2,0,2,28,105690,43,2,47,98.9,9.03,99.12,1,1
8199,4490,46,1,6,2,2,21,143952,44,9,45,94.4,10,100,1,1
8200,6618,43,1,5,2,2,19,164602,38,8,28,76.32,10,92.59,1,1
8201,1258,25,1,1,1,0,3,97590,45,23,75,99.34,10,100,1,1
8202,9174,26,0,2,4,0,5,115706,60,11,45,98.05,6.19,78.83,2,1
8203,7348,27,1,6,1,0,1,97268,44,18,52,76.27,9.58,100,1,1
8204,4872,45,0,1,2,2,23,68550,45,3,30,84.06,8.92,84.89,2,1
8205,7898,48,0,6,2,0,22,100751,55,3,23,93.82,8.56,89.45,1,1
8206,6914,29,0,4,0,0,9,175815,54,18,79,94.35,10,100,1,1
8207,6572,44,0,3,0,0,22,176871,45,5,44,76.58,9.84,90.92,1,1
8208,1991,56,0,0,3,0,36,175416,53,7,20,78.98,10,97.36,1,1
8209,1405,45,1,5,5,0,22,111735,47,18,65,81.51,10,100,1,1
8210,2122,55,1,1,1,2,28,90910,35,4,32,99.32,10,100,1,1
8211,7220,31,1,2,1,2,6,179280,43,17,27,80.43,9.91,100,1,1
8212,8821,30,1,2,3,1,3,80865,46,9,40,81.37,7.14,78.16,2,1
8213,1142,49,0,2,3,0,26,120666,43,10,11,87.58,8.97,100,1,1
8214,6295,30,1,5,4,0,6,153146,52,24,33,71.03,10,100,1,1
8215,1022,56,1,6,4,1,33,179331,49,3,61,95.8,10,100,1,1
8216,8270,34,0,5,3,0,13,115872,53,6,63,83.19,7.41,84.76,2,1
8217,9234,50,0,3,0,1,30,112006,41,14,57,83.88,10,100,1,1
8218,4594,47,1,0,0,2,22,76977,35,1,7,71.37,5.57,56.89,0,0
8219,7870,22,0,6,1,2,1,173054,40,19,75,84.79,9.42,100,1,1
8220,7406,45,0,5,0,2,22,146608,37,10,26,72.85,8.32,92.74,1,1
8221,3403,44,1,2,4,0,19,95346,43,23,50,82.12,10,100,1,1
8222,1488,57,1,3,1,1,37,136414,51,12,39,81.04,8.95,100,1,1
8223,2231,25,1,4,0,0,1,32916,59,9,28,89.34,6.01,54.71,3,0
8224,1089,37,1,0,4,2,15,94181,56,13,69,83.02,9.23,100,1,1
8225,3598,45,0,3,5,1,25,107479,57,2,56,89.43,8.67,90.7,1,1
8226,8424,44,1,3,0,0,21,75444,55,7,54,78.07,6.77,84.69,2,1
8227,395,31,0,4,4,0,11,83500,52,5,67,77.38,6.39,72.77,2,1
8228,8421,57,1,3,0,3,33,91835,38,15,28,70.72,9.22,100,1,1
8229,8843,41,1,0,1,0,16,163068,46,15,24,71.01,10,99.08,1,1
8230,88,48,0,4,4,3,28,168963,47,3,76,91.01,7.9,100,1,1
8231,3903,41,0,4,0,0,14,72236,41,2,15,93.61,8.21,70.47,2,1
8232,4829,51,0,4,3,2,31,159035,60,22,31,70.71,10,100,1,1
8233,5152,54,1,0,5,1,31,161295,37,18,54,73.86,9.5,100,1,1
8234,8284,37,1,0,5,0,14,130096,50,11,12,92.91,9.51,91.58,1,1
8235,680,34,1,6,5,2,10,128747,53,10,20,91.04,7.9,90.6,1,1
8236,3331,52,0,6,3,1,29,74166,47,1,14,71.9,7.62,72.1,2,1
8237,9215,30,1,1,4,0,9,104119,33,19,17,88.04,9.36,89.4,1,1
8238,4125,44,1,4,2,0,22,55207,40,4,7,82.71,6.98,69.48,0,1
8239,6220,26,0,6,2,0,2,72429,54,13,9,71.73,6.14,62.48,0,0
8240,3349,51,0,5,2,2,25,69464,59,4,38,89.79,5.58,71.24,2,1
8241,2916,27,0,0,0,3,2,45230,59,1,36,76.32,3.99,40,3,0
8242,3439,41,1,6,5,2,14,60472,51,6,30,81.55,7.24,76.39,2,1
8243,2955,22,1,5,2,3,1,41030,45,5,13,74.51,6.43,54.44,3,0
8244,221,23,1,6,2,2,1,92938,51,14,54,85.32,10,88.55,1,1
8245,2681,41,1,5,1,0,14,119521,32,16,12,98.11,6.9,90.24,1,1
8246,6224,44,0,4,5,2,21,60115,57,10,27,71.5,7.15,83.41,2,0
8247,7435,54,0,1,2,0,33,169252,56,18,78,73.96,9.81,100,1,1
8248,1125,53,0,2,3,0,30,173906,41,17,77,83.21,10,100,1,1
8249,8100,23,0,1,1,3,1,104727,53,14,55,92.2,9.22,87.8,1,1
8250,9011,50,0,2,2,0,28,94726,30,24,23,70.34,10,100,1,1
8251,3051,32,1,2,2,2,9,136741,31,22,8,92.58,7.48,86.37,1,1
8252,8075,57,0,4,3,2,33,132024,40,15,32,74.93,10,100,1,1
8253,6288,26,0,1,0,0,5,60158,58,1,67,86.76,6.17,67.21,0,0
8254,437,22,1,4,3,2,1,74517,42,6,28,99.37,8.39,78.99,2,1
8255,2919,39,0,5,5,2,14,110511,48,13,78,83.64,10,100,1,1
8256,1192,49,1,1,1,2,28,150552,40,10,61,85.79,9.47,100,1,1
8257,6660,28,1,2,4,2,2,123732,51,14,37,88.44,9.9,100,1,1
8258,1473,55,1,6,5,0,32,116420,41,15,1,72.34,10,100,1,1
8259,4219,22,1,6,2,2,1,169328,52,14,70,78.57,9.11,91.91,1,1
8260,6227,39,0,6,2,0,14,105318,46,1,14,80.74,8.91,71.06,2,1
8261,5156,50,0,6,0,1,23,75533,58,9,52,72.75,7.22,78.19,2,0
8262,866,41,1,1,2,0,17,118249,48,21,28,82.25,10,100,1,1
8263,1154,49,1,5,1,2,26,122827,31,15,68,94.34,9.36,100,1,1
8264,7684,57,0,6,5,2,34,169650,59,4,12,95.03,7.89,91.7,1,1
8265,1975,40,1,6,2,0,16,118137,33,1,69,75.75,8.39,82.86,2,1
8266,2590,53,0,3,5,0,29,179456,54,13,13,88.15,10,100,1,1
8267,4405,52,1,5,5,2,27,64483,59,7,5,96.65,8.15,81,2,1
8268,7794,24,0,0,3,0,2,76696,54,4,76,94.01,5.96,70.28,2,1
8269,6955,45,1,6,2,0,19,83989,55,1,24,94.88,8.35,78.37,2,1
8270,8715,52,0,1,2,0,31,100342,55,23,73,94,8.65,100,1,1
8271,7049,34,0,5,5,2,10,82270,55,6,32,72.95,6.8,70.43,2,0
8272,8766,56,0,2,1,2,36,106951,60,11,41,94.22,10,100,1,1
8273,1250,36,0,5,0,1,9,51445,34,6,43,70.44,6.28,61.54,0,0
8274,7352,40,0,5,4,2,17,45721,51,1,0,96.04,6.93,64.1,0,0
8275,6781,53,0,4,0,0,32,93907,42,5,74,75.1,10,100,1,1
8276,6162,52,1,3,5,2,30,130254,52,19,63,91.53,9.41,100,1,1
8277,6729,38,0,3,2,0,18,100940,37,12,50,78.45,9.59,93.16,1,1
8278,9145,47,0,1,1,0,20,79832,58,2,17,79.45,6.92,67.54,0,0
8279,5061,28,0,1,2,0,6,117918,47,23,39,74.84,9.14,98.77,1,1
8280,8809,44,0,4,3,2,24,61708,58,3,18,82.5,7.68,70.95,2,0
8281,5871,27,1,2,2,0,7,150591,56,19,13,80.07,8.69,89.69,1,1
8282,941,29,1,3,2,0,7,86597,39,12,31,91.34,6.26,75.64,2,0
8283,2605,37,1,4,0,2,12,71270,45,7,17,75.63,8.9,66.81,0,0
8284,6524,27,1,5,3,2,2,78682,54,9,32,74.69,6.2,61.72,0,1
8285,1630,36,1,0,4,0,13,176532,37,16,33,90.48,10,100,1,1
8286,6883,49,0,2,1,0,28,108546,46,16,4,74.95,10,100,1,1
8287,586,29,1,0,2,0,2,176109,41,15,63,82.49,9.56,100,1,1
8288,429,48,0,6,5,2,26,95821,41,2,60,90.16,9.5,87.68,1,1
8289,1355,42,0,4,2,0,22,149222,54,22,38,83.74,9.96,100,1,1
8290,3944,55,1,0,0,0,33,106586,57,9,31,94.34,10,100,1,1
8291,7275,45,0,1,1,0,22,156967,35,10,6,97.35,10,97.43,1,1
8292,4629,55,0,1,0,0,29,98695,33,17,68,81.45,10,100,1,1
8293,6266,33,0,1,1,0,11,146179,43,21,68,88.44,8.62,100,1,1
8294,1241,47,1,3,3,2,26,94497,52,21,45,85.25,8.88,100,1,1
8295,3072,29,0,1,2,2,2,39264,36,11,1,76.11,4.44,54.55,3,0
8296,6760,33,1,6,0,2,12,62555,43,9,28,73.1,7.8,77.22,2,1
8297,8477,29,0,1,1,2,4,44944,47,6,5,87.52,7.12,65.53,0,0
8298,5833,22,1,2,2,2,1,45656,55,3,27,86.46,4.71,48.14,3,0
8299,7057,57,1,2,5,0,34,178589,52,11,21,79.32,10,100,1,1
8300,7028,50,1,6,1,0,28,94997,46,7,59,73.51,9.17,100,1,1
8301,2186,32,0,0,5,0,10,158747,35,23,15,75.38,9.5,100,1,1
8302,7052,35,1,4,0,0,14,108165,54,19,79,91.77,9.16,100,1,1
8303,2074,54,0,2,3,0,33,114390,53,24,33,86.07,8.21,100,1,1
8304,1318,47,0,5,1,0,27,155351,33,8,41,98.75,9.68,100,1,1
8305,3650,22,1,4,2,0,1,165495,31,23,53,88.78,10,100,1,1
8306,5690,39,0,6,0,3,19,67500,39,8,42,71.37,8.16,78.61,2,1
8307,2686,36,1,3,3,1,12,167355,48,20,60,94.95,10,100,1,1
8308,413,36,0,4,4,0,15,96478,60,6,53,88.21,8.48,83.45,2,1
8309,6962,22,0,5,2,3,1,167469,40,7,75,98.73,8.56,85.95,1,1
8310,3539,52,0,0,2,2,27,63182,34,1,23,74.46,6.8,67.87,0,1
8311,5418,25,0,3,5,0,5,169724,50,6,53,98.2,8.32,90.63,1,1
8312,7009,44,1,0,1,0,21,171174,34,12,60,94.17,10,97.89,1,1
8313,2130,55,0,6,2,2,31,116824,57,14,70,86.27,10,100,1,1
8314,3488,39,0,6,4,1,19,136167,31,21,44,75.91,9.97,100,1,1
8315,8327,53,0,5,1,2,28,113896,59,1,15,96.46,7.7,77.72,2,0
8316,50,53,1,0,4,1,28,116334,56,8,79,73.62,10,100,1,1
8317,6275,57,1,0,0,0,37,115137,56,24,22,81.08,10,100,1,1
8318,6685,47,0,5,5,0,27,114931,35,23,50,89.44,10,100,1,1
8319,967,53,1,6,4,0,27,163900,36,14,43,94.27,9.81,100,1,1
8320,7058,40,0,0,2,2,15,177821,51,17,45,71.41,8.92,91.72,1,1
8321,8648,39,1,3,2,1,14,45620,56,1,4,95.72,6.14,66.88,0,0
8322,8211,39,1,3,4,0,16,175851,31,18,74,79.71,9.41,100,1,1
8323,4013,27,1,4,0,0,3,72729,38,9,70,72.68,8.14,80.41,2,0
8324,981,44,1,1,1,2,20,117284,44,24,78,90.86,8.89,100,1,1
8325,2187,40,0,1,1,0,15,78625,52,5,38,79.92,5.8,75.15,2,1
8326,3226,29,1,2,3,2,3,75977,51,3,74,99.12,6.25,67.65,0,1
8327,5275,43,0,4,3,0,19,152180,48,10,34,86.6,10,91.43,1,1
8328,647,57,0,3,1,0,34,159490,60,19,77,91.44,10,100,1,1
8329,4497,39,1,3,2,2,18,93239,56,16,70,74.24,9.46,100,1,1
8330,1027,53,1,1,0,0,30,107102,49,3,38,87.65,8.92,100,1,1
8331,8534,58,0,2,5,0,35,104775,44,24,56,97.21,9.33,100,1,1
8332,4164,44,0,2,0,2,23,156947,46,9,3,91.72,8.51,100,1,1
8333,8394,57,1,6,5,0,35,89204,57,4,21,89.2,8.32,80.2,2,1
8334,5410,35,1,6,1,1,13,71176,53,2,10,95.29,5.61,66.52,0,0
8335,4320,49,1,2,3,1,28,172404,45,7,48,71.68,9.94,100,1,1
8336,8021,29,1,3,3,0,8,48843,41,3,2,73.17,6.87,50.62,3,0
8337,672,29,0,6,5,2,9,179646,44,10,38,77.87,8.79,86.16,1,1
8338,2878,22,0,6,5,0,1,119461,46,19,59,77.67,10,92.17,1,1
8339,4364,50,0,1,1,3,30,138202,54,16,5,85.7,9.41,100,1,1
8340,1177,25,0,0,3,0,4,54621,49,5,47,93.35,7.06,67.52,0,0
8341,3531,32,1,1,2,2,8,94645,30,22,29,94.3,10,100,1,1
8342,149,45,0,5,3,0,18,107582,54,19,74,94.91,9.63,100,1,1
8343,4815,48,1,0,2,1,26,170242,42,11,74,84.1,9.95,100,1,1
8344,778,25,0,3,0,3,5,40255,35,9,6,93.99,6.77,69.49,0,0
8345,5702,28,1,6,5,3,3,63083,30,12,33,87.79,9.33,76.72,2,0
8346,4186,31,1,3,3,0,6,53646,58,9,31,71.06,7.71,62.55,0,1
8347,7384,47,0,5,4,0,24,168150,55,15,4,79.32,9.9,88.5,1,1
8348,463,42,1,5,2,2,15,107939,51,12,9,89.67,8.6,83.85,2,1
8349,1395,39,0,0,2,0,17,175196,58,13,54,79.97,9.11,89.22,1,1
8350,2763,53,1,3,4,3,31,150073,42,14,28,94.83,7.58,100,1,1
8351,3628,52,1,0,2,2,30,106167,46,14,73,98.63,10,100,1,1
8352,7849,34,0,4,2,2,14,48507,38,5,28,84.37,6.73,66.67,0,0
8353,6545,55,1,0,4,0,31,113489,56,9,0,73.36,7.78,84.99,2,1
8354,9235,26,0,2,3,0,1,148200,55,11,45,93.45,10,94.68,1,1
8355,4842,42,0,3,0,0,18,104497,54,7,4,77.38,8.03,71.53,2,1
8356,2145,23,0,0,3,0,1,48121,56,12,48,72.38,5.63,59.03,0,0
8357,3724,55,1,2,3,0,30,123312,37,8,45,86.99,10,100,1,1
8358,5316,23,0,6,0,2,1,152093,32,21,34,75.17,7.12,88.08,1,1
8359,7527,57,0,0,1,0,34,93253,55,2,22,74.81,7.08,73.35,2,1
8360,8523,37,1,6,4,0,14,58694,60,5,3,91.97,4.99,63.04,0,0
8361,7434,55,0,6,5,1,32,151891,45,20,27,88.59,10,100,1,1
8362,5268,48,1,6,3,2,24,118843,31,18,42,90.52,10,100,1,1
8363,1118,49,1,6,4,0,25,170250,48,21,25,75.36,9.18,100,1,1
8364,6877,32,1,1,5,0,12,38226,30,2,32,74.52,4.21,51.42,3,0
8365,582,40,0,4,3,2,19,66611,55,3,22,92.78,5.68,58.2,0,0
8366,2770,22,1,6,5,0,1,168309,50,16,63,81.91,9.62,98.67,1,1
8367,4778,40,0,6,0,1,15,107714,37,22,78,96.24,9.58,100,1,1
8368,2276,34,1,5,5,0,13,133609,51,13,31,86.64,10,100,1,1
8369,767,24,0,2,4,0,1,176966,40,19,44,92.1,8.87,100,1,1
8370,7470,29,1,6,4,0,5,37498,33,2,0,85.71,3.97,48.2,3,0
8371,4998,51,0,3,5,2,28,129027,48,15,33,94.08,9.39,100,1,1
8372,5777,33,0,1,5,0,9,113775,34,9,18,87.44,8.13,72.54,2,1
8373,3245,29,0,2,0,2,7,149613,50,23,2,80.28,10,100,1,1
8374,5563,31,0,4,5,0,5,159135,49,20,32,95.03,10,100,1,1
8375,6363,48,0,4,5,2,28,111247,38,14,59,71.9,8.6,100,1,1
8376,500,58,0,1,0,0,32,171504,39,22,3,87.15,9.01,100,1,1
8377,4114,41,1,6,5,2,21,175183,30,5,62,98.99,8.59,94.61,1,1
8378,9297,40,1,1,4,3,15,114243,54,4,79,82.08,8.15,83.22,2,0
8379,4200,35,0,5,3,0,11,107092,57,19,49,90.09,8.2,100,1,1
8380,4202,32,1,1,3,2,12,137497,52,16,47,84.44,10,98.67,1,1
8381,2325,32,0,5,0,0,9,53329,54,6,43,80.53,7.34,68.18,0,0
8382,4777,32,1,6,5,1,6,33482,59,4,36,72.66,4.67,50.38,3,0
8383,8853,58,0,4,1,3,31,107648,40,15,78,87.63,10,100,1,1
8384,347,49,1,2,4,0,23,126967,30,14,23,95.91,8.51,100,1,1
8385,8543,44,0,6,2,2,18,116401,45,5,40,94.93,7.94,100,1,1
8386,7788,27,1,0,5,0,1,99995,40,15,11,87.81,8.25,79.27,2,1
8387,310,40,0,4,0,3,15,169317,40,21,9,81.12,9.89,100,1,1
8388,8378,45,0,4,2,0,20,157784,41,12,33,89.04,9.29,100,1,1
8389,6896,59,1,5,1,0,32,117620,47,17,39,74.77,9.74,100,1,1
8390,7485,40,0,0,4,1,16,103386,49,14,58,80.47,8.61,100,1,1
8391,4801,27,1,4,5,0,3,40652,51,2,37,99.67,6.4,64.71,0,0
8392,3896,37,0,6,5,2,14,156384,33,6,45,99.89,8.23,87.23,1,1
8393,4050,37,1,4,4,0,11,61803,53,3,33,90.38,6.22,64.63,0,0
8394,9231,39,0,5,3,0,12,45008,58,1,9,85.2,3.41,46.08,3,0
8395,2429,34,1,4,4,0,10,168804,41,12,57,97.53,10,100,1,1
8396,6811,25,0,3,2,1,1,158205,44,19,17,74.62,9.2,91.63,1,1
8397,2760,57,0,2,1,0,32,94745,44,23,21,92.36,8.06,100,1,1
8398,3156,47,1,0,4,0,23,93021,30,20,38,95.65,10,100,1,1
8399,1097,44,1,1,1,0,23,122788,52,2,79,96,10,100,1,1
8400,672,29,0,3,2,2,5,68197,50,1,67,93.94,7.08,73.05,2,1
8401,6485,40,1,1,2,0,18,41299,37,6,39,76.16,7.63,67.81,0,0
8402,6907,33,0,6,3,0,13,158280,31,19,55,88.92,9.5,100,1,1
8403,6337,35,0,4,0,2,10,41454,53,7,8,83.34,6.24,54.74,3,0
8404,6597,29,1,3,0,0,7,66818,41,11,15,71.71,6.49,65.04,0,0
8405,8673,30,1,6,3,0,10,92074,55,12,79,82.44,10,100,1,1
8406,5397,26,1,0,2,1,1,128423,44,20,11,96.06,8.89,100,1,1
8407,5257,30,1,5,5,0,9,177197,43,16,19,76.51,8.58,94.08,1,1
8408,6617,34,0,4,5,0,9,130630,52,23,31,96.95,9.84,100,1,1
8409,204,51,1,1,2,0,27,97395,35,19,67,85.29,9.03,100,1,1
8410,7519,50,0,4,0,0,25,146806,59,20,36,84.04,9.12,100,1,1
8411,7915,26,0,3,0,0,6,64748,58,11,57,87.01,7.47,78.64,2,1
8412,1350,37,0,1,1,2,17,64605,42,3,36,71.93,4.42,62.29,0,1
8413,8818,42,1,3,4,0,19,144143,30,23,61,86.65,10,100,1,1
8414,5272,47,1,0,2,2,23,91891,36,21,57,95.56,10,100,1,1
8415,2261,52,1,2,0,0,31,137142,60,17,73,78.48,10,100,1,1
8416,7623,30,1,4,3,2,7,104681,42,2,58,96.68,8.54,78.63,2,1
8417,5070,53,1,0,5,0,33,108610,51,7,73,94.9,10,100,1,1
8418,4156,44,1,3,1,2,19,136698,40,9,70,88.68,9.18,100,1,1
8419,12,33,1,4,5,1,11,128042,39,2,67,98.62,9.49,93.31,1,1
8420,4861,40,1,4,5,0,20,137506,50,13,77,74.26,10,100,1,1
8421,2484,30,1,1,0,0,9,51874,46,10,42,70.14,7.43,68.9,0,0
8422,6007,35,0,4,4,0,12,60045,60,4,20,90.03,7.29,59.85,0,0
8423,8746,35,0,4,1,0,14,105640,50,16,29,75.86,10,100,1,1
8424,1007,25,1,3,0,0,4,150099,54,19,12,96.69,9.7,100,1,1
8425,3779,51,1,6,1,2,31,175795,41,11,44,90.97,10,100,1,1
8426,2422,31,1,0,1,1,10,71432,57,2,72,96.68,6.31,64.19,0,0
8427,6695,50,1,0,0,0,28,176684,41,12,10,92.72,9.09,100,1,1
8428,5160,36,1,2,3,2,14,158310,39,15,10,99.33,9.29,97.41,1,1
8429,9207,32,1,4,5,0,8,66161,60,13,23,89.47,8.16,78.63,2,1
8430,8379,46,1,2,2,0,23,73648,36,6,30,81.54,5.97,75.55,2,1
8431,6848,44,0,5,5,1,22,119507,46,8,20,90,9.46,100,1,1
8432,6104,50,0,2,4,1,30,166625,42,17,22,98.02,9.58,100,1,1
8433,3230,37,0,5,3,0,14,102058,31,11,24,91.61,7.9,73.83,2,1
8434,5911,34,1,1,3,0,10,157782,49,7,38,99.23,7.82,91.53,1,1
8435,7021,53,1,4,1,2,27,166400,53,13,74,93.99,9.86,100,1,1
8436,8644,27,1,5,4,3,5,67403,44,8,29,87.42,8.26,81.47,2,1
8437,7919,42,0,6,2,0,21,111256,56,15,67,80.13,10,100,1,1
8438,474,44,0,2,2,2,20,133382,47,22,14,80.14,10,100,1,1
8439,3604,32,0,3,2,0,6,179404,54,23,21,98.87,9.01,98.99,1,1
8440,913,27,0,5,5,0,7,47657,52,1,11,81.9,5.25,51.72,3,0
8441,2044,29,1,6,3,0,2,114909,39,20,34,72.93,10,94.32,1,1
8442,6930,38,1,4,3,0,14,97333,37,9,28,75.22,6.13,76.2,2,0
8443,6311,25,0,6,0,0,1,125496,32,13,76,81.71,10,93.99,1,1
8444,5109,38,1,1,0,2,14,114127,54,16,69,82.75,9.06,100,1,1
8445,7131,28,1,1,0,0,3,91204,37,21,36,86.04,10,92.45,1,1
8446,2070,47,0,4,0,0,23,102544,32,5,22,73.22,7.83,76.33,2,1
8447,8806,47,1,0,0,1,26,145056,37,1,62,97.74,8.53,90.34,1,1
8448,7125,47,1,0,1,1,27,134971,49,19,34,90.37,10,100,1,1
8449,3457,31,1,6,3,2,7,152437,41,24,60,73.8,9.64,100,1,1
8450,3054,36,0,2,3,0,13,41609,36,8,28,81.53,7.39,65.9,0,0
8451,5915,47,0,3,4,2,25,166217,43,9,66,76.5,10,100,1,1
8452,5453,45,0,3,0,2,23,137234,34,12,46,89.86,10,100,1,1
8453,6826,38,0,6,5,2,16,97588,48,12,40,91.43,10,100,1,1
8454,8147,31,1,5,0,1,9,146914,32,18,77,96.29,9.38,100,1,1
8455,5399,24,0,4,5,0,1,76832,39,8,54,94.84,6.93,75.71,2,0
8456,7129,38,0,6,0,2,11,124949,41,4,78,90.84,9.35,94.2,1,1
8457,7059,26,1,5,0,3,1,36199,57,9,15,74.62,4.77,51.19,3,0
8458,6672,57,1,4,2,1,33,123325,58,8,12,76.7,10,94.5,1,1
8459,1121,52,1,6,4,0,28,148315,51,13,10,76.69,10,100,1,1
8460,6944,49,1,4,2,1,22,104878,37,16,52,71.43,9.32,100,1,1
8461,4698,27,0,3,3,0,7,138107,47,24,69,97.69,10,100,1,1
8462,3894,51,1,5,1,2,30,179222,47,13,34,86.56,10,100,1,1
8463,3011,46,0,0,0,1,24,95190,30,7,58,90.39,10,100,1,1
8464,5922,35,1,2,3,1,11,122817,57,18,22,95.83,8.72,100,1,1
8465,5864,24,0,1,3,2,1,34990,58,6,41,96.05,5.03,51.92,3,0
8466,1551,50,0,4,4,1,27,94021,56,16,47,80.76,10,100,1,1
8467,3166,22,1,0,1,0,1,105970,57,15,21,97.41,8.03,71.71,2,1
8468,565,23,0,6,4,0,1,106177,44,9,41,78.16,7.64,72.87,2,0
8469,1982,55,0,4,2,2,28,96340,48,15,33,89.34,10,100,1,1
8470,1766,33,0,0,4,0,8,71066,56,1,60,99.6,5.91,67.7,0,0
8471,9181,44,1,6,2,1,17,117594,34,12,56,85.63,8.2,100,1,1
8472,761,52,1,6,0,0,27,125394,48,22,66,77.98,9.38,100,1,1
8473,886,22,0,4,3,1,1,68557,35,11,33,97.01,5.96,77.23,2,0
8474,6150,50,0,5,0,2,30,166615,44,11,30,72.49,9.33,100,1,1
8475,574,23,0,6,5,0,1,41780,51,6,0,91.24,5.44,49.36,3,0
8476,106,50,0,3,1,2,28,104586,48,1,61,83.77,10,87.43,1,1
8477,7902,31,0,5,3,3,6,111165,60,17,21,94.11,8.98,90.38,1,1
8478,7016,24,0,0,1,0,3,61529,58,19,17,84.75,7.91,83.36,2,1
8479,1219,59,1,4,4,2,39,90806,57,12,54,85.1,9.18,100,1,1
8480,4044,35,0,4,3,0,12,115148,53,9,51,89.74,9.76,99.28,1,1
8481,5092,55,0,5,4,0,35,94558,38,2,70,70.74,10,100,1,1
8482,9340,35,1,4,2,0,14,100510,41,14,30,72.63,10,99.32,1,1
8483,1851,40,0,5,0,3,18,168400,45,12,5,70.64,10,98.7,1,1
8484,6503,53,0,3,5,0,26,135787,38,21,34,76.91,10,100,1,1
8485,8579,48,1,1,0,0,26,99842,57,1,50,80.37,5.5,72.08,2,1
8486,3420,26,1,0,4,0,1,48281,53,2,10,91.83,7.5,66.9,0,0
8487,5127,58,0,5,5,0,36,153295,36,24,43,77.31,9.76,100,1,1
8488,6539,47,1,1,5,0,20,64675,46,5,3,76.59,7.77,67.97,0,1
8489,7445,49,0,4,4,0,22,175261,40,18,3,76.91,10,100,1,1
8490,5880,35,0,0,2,1,9,165359,32,22,33,82.76,10,100,1,1
8491,8070,58,0,2,5,0,38,120125,43,16,72,72.08,10,100,1,1
8492,2336,45,0,4,0,1,23,150204,51,18,68,99.72,10,100,1,1
8493,7182,27,1,2,2,2,3,103977,42,2,72,72.42,7.53,70.04,2,1
8494,8519,38,1,3,4,1,14,115563,44,18,34,90.16,10,100,1,1
8495,1384,33,1,5,3,0,10,88067,60,8,27,74.87,7.9,75.04,2,0
8496,8194,40,0,5,2,2,18,103733,60,14,78,87.68,8.93,98.47,1,1
8497,660,51,0,0,4,0,24,144738,58,23,7,73.9,10,100,1,1
8498,9098,57,0,3,4,0,30,97114,32,23,26,70.41,9.95,100,1,1
8499,6882,39,1,5,3,2,15,92413,42,9,54,81.79,9.29,91.66,1,1
8500,9317,39,0,6,4,1,14,173537,48,17,41,86.27,9.43,100,1,1
8501,8218,46,1,3,4,0,19,142721,38,16,37,94.97,10,100,1,1
8502,7456,25,0,5,4,2,1,111901,36,10,26,88.91,7.99,72.24,2,1
8503,45,40,1,4,3,0,13,158053,36,18,36,95.06,10,100,1,1
8504,3876,58,1,0,1,0,34,126619,41,23,33,82.81,9.98,100,1,1
8505,4891,39,1,4,2,2,15,72687,58,5,30,80.25,5.99,62.98,0,0
8506,5614,37,1,1,1,0,13,115344,55,17,43,81.27,9.25,100,1,1
8507,1081,49,1,3,1,0,29,69017,37,4,59,74.46,8.02,81.18,2,1
8508,1911,38,1,3,0,2,14,94409,30,13,51,92.83,10,97.1,1,1
8509,9028,30,0,3,3,0,5,95406,53,18,51,84.74,10,96.4,1,1
8510,2306,53,1,1,3,0,27,161741,59,9,69,82.77,10,100,1,1
8511,7974,49,0,3,0,0,24,177896,39,15,0,91.86,8.88,100,1,1
8512,7593,45,1,0,2,1,19,128803,41,23,49,78.14,10,100,1,1
8513,962,29,1,1,0,0,8,59272,49,1,29,89.51,7.96,61.35,0,0
8514,1262,43,1,6,3,2,18,110555,51,20,71,98.87,9.18,100,1,1
8515,8131,49,1,2,2,0,28,138279,57,20,55,81.63,10,100,1,1
8516,3455,45,1,3,2,0,20,103759,32,6,6,96.21,6.07,76.97,2,0
8517,7763,56,1,6,4,0,32,142753,58,10,69,80.81,10,100,1,1
8518,6604,38,1,5,1,1,17,79719,60,13,29,73.07,7.45,69.2,0,0
8519,4366,25,1,0,1,0,4,71555,30,12,68,78.19,9.01,75.1,2,1
8520,8846,56,1,0,0,2,36,163534,60,12,6,93.65,10,100,1,1
8521,520,32,0,5,2,0,10,96815,48,16,27,78.09,9.32,88.86,1,1
8522,3952,22,1,2,4,0,1,35843,30,1,21,87.77,3.8,40,3,0
8523,5024,37,0,5,3,2,17,92230,60,6,43,96.02,7.13,70.69,2,1
8524,7585,27,0,1,1,3,1,73141,40,5,64,80.27,7.12,69.02,0,0
8525,8728,28,1,6,3,0,5,129142,35,21,66,71.24,10,100,1,1
8526,2501,51,1,4,1,2,26,94437,44,15,10,95.55,9.43,100,1,1
8527,3148,22,0,1,1,1,1,146441,46,15,58,75.75,8.49,89.31,1,1
8528,4779,57,0,1,5,2,36,154963,49,1,67,81.47,10,100,1,1
8529,4877,44,0,3,4,0,21,71165,40,5,11,76.93,8.7,77.76,2,1
8530,2580,53,0,4,4,0,26,137017,41,15,47,81.21,9.88,100,1,1
8531,248,25,1,5,3,2,1,85508,54,9,53,95.11,7.68,75.18,2,0
8532,2334,22,0,3,1,1,1,123057,56,9,71,94.38,8.34,86.2,1,1
8533,5950,30,0,5,0,1,9,105060,48,3,71,73.89,6.92,81.65,2,1
8534,331,41,1,5,4,0,19,78223,55,6,32,92.14,7.35,76.93,2,0
8535,4426,57,1,3,0,2,33,120394,53,2,40,88.83,9.92,96.92,1,1
8536,2405,36,0,5,0,1,14,117392,36,15,12,98.27,7.96,100,1,1
8537,2084,32,0,2,2,3,11,174482,46,17,50,75.7,10,100,1,1
8538,2706,38,0,4,4,0,12,69457,60,12,45,74.6,8.5,82.46,2,0
8539,2942,30,0,0,2,2,7,93126,43,17,33,86.65,9.73,100,1,1
8540,4982,49,1,6,0,2,26,73710,60,9,33,74.83,8.07,81.69,2,0
8541,4136,36,1,1,3,2,16,122158,48,16,2,85.99,9.75,100,1,1
8542,1945,28,0,3,2,2,1,52101,30,12,9,97.91,6.71,61.44,0,0
8543,7444,43,0,5,5,0,20,63068,52,1,20,78.29,7.07,59.09,0,0
8544,8683,23,1,1,1,2,1,82541,59,6,79,87.15,6.11,73.26,2,1
8545,2537,43,1,1,2,2,19,162665,32,19,20,98.69,9.2,100,1,1
8546,6722,24,0,6,3,2,1,96103,31,13,76,72.43,9.07,83.98,2,0
8547,6017,33,0,3,2,2,8,154838,31,12,70,89.27,9.43,91.37,1,1
8548,6840,56,0,4,4,0,30,82394,33,2,34,91.28,8.97,81.59,2,1
8549,2119,44,1,0,2,2,22,133435,53,18,19,83.73,10,100,1,1
8550,3501,36,1,0,0,0,12,32299,47,2,11,89.86,4.3,54.59,3,0
8551,2840,54,1,6,2,0,27,140437,55,2,16,93.7,7.3,90.16,1,1
8552,5855,37,0,6,2,2,13,87326,44,7,74,85.59,7.94,79.99,2,0
8553,726,31,1,4,5,2,9,40636,35,7,0,89.09,6.59,58.16,0,0
8554,139,42,1,3,1,1,18,120976,44,20,11,93.24,10,100,1,1
8555,6480,58,0,3,3,0,36,110634,53,10,66,77.83,10,100,1,1
8556,5122,45,1,6,5,1,19,118487,39,16,10,81.94,9.44,98.46,1,1
8557,8687,50,1,1,1,2,26,48238,37,1,26,86.28,4.56,69.19,0,0
8558,8839,59,1,4,0,1,33,117068,44,24,21,99.74,9.91,100,1,1
8559,5757,53,1,1,3,0,29,106913,50,18,40,85.3,10,100,1,1
8560,4851,51,0,2,1,2,29,140237,46,14,12,99.14,9.45,100,1,1
8561,512,24,0,6,5,0,3,122317,50,21,42,74.77,9.03,100,1,1
8562,5549,32,1,6,1,0,6,119691,43,21,4,99.74,10,100,1,1
8563,4326,32,1,6,0,2,5,48069,33,3,22,82.49,6.36,64.21,0,1
8564,5938,47,1,3,2,3,24,104153,34,5,42,76.06,7.23,80.41,2,1
8565,7472,35,0,3,0,0,11,100097,59,18,39,73.82,8.78,83.73,2,1
8566,4362,26,1,0,0,0,5,126179,51,23,72,72.22,10,100,1,1
8567,8742,47,1,2,2,1,27,65968,34,4,62,79.13,8.46,80.37,2,1
8568,8737,38,0,2,3,2,16,166796,37,19,57,85.6,9.59,100,1,1
8569,4862,47,1,5,0,3,20,61642,50,1,39,77.04,6.54,74.69,2,1
8570,1310,35,1,0,2,0,10,100958,30,11,41,79.68,7.4,83.72,2,0
8571,255,25,0,6,3,2,1,75217,60,16,48,85.96,9.54,81.75,2,0
8572,5655,44,0,0,3,0,19,55283,36,4,35,73.35,5.98,67.82,0,0
8573,4899,54,0,4,2,3,30,102998,39,8,13,94.62,9.19,80.55,2,1
8574,1837,43,0,3,2,0,18,145639,44,18,28,83.7,10,100,1,1
8575,1524,58,1,3,2,0,35,107172,50,8,63,98.47,9.43,100,1,1
8576,5581,57,1,4,1,0,34,164415,36,13,23,82.22,10,100,1,1
8577,7405,43,1,1,2,2,16,111190,40,9,19,91.81,8.91,85.21,1,1
8578,4438,35,0,1,0,2,11,100947,46,7,49,97.22,10,94.33,1,1
8579,6814,49,0,1,1,0,25,69049,39,2,42,71.11,7.88,74.62,2,1
8580,5945,29,0,2,4,0,3,103860,53,24,21,92.13,9.5,100,1,1
8581,3878,42,1,0,1,0,19,171665,49,10,19,96.72,9.75,92.63,1,1
8582,8459,41,1,6,5,2,16,39512,55,4,2,91.67,4.97,53.31,3,0
8583,3543,41,0,2,4,0,21,101090,33,11,41,94.98,10,99.41,1,1
8584,7371,41,1,5,2,0,20,108860,42,20,41,73.62,10,100,1,1
8585,7183,28,1,5,0,2,1,147696,30,17,68,78.17,9.55,91.27,1,1
8586,4368,27,0,6,4,1,6,108798,55,21,24,86.68,8.79,99.58,1,1
8587,3707,57,1,2,4,0,37,153040,51,5,26,99.31,9.33,100,1,1
8588,7234,53,0,4,1,1,28,141403,58,16,27,93.48,10,100,1,1
8589,2812,37,1,2,5,1,14,71959,33,4,48,77.99,5.68,63.89,0,1
8590,7756,25,0,0,1,1,1,83965,51,6,21,84.96,7.48,76.64,2,1
8591,269,30,0,4,0,0,3,31738,58,5,35,73.26,5.33,41.21,3,0
8592,7243,33,0,3,0,1,10,85607,54,8,19,99.01,6.68,75.98,2,1
8593,3647,25,1,6,5,0,5,76916,60,7,34,79.03,7.28,65.94,0,0
8594,5505,24,0,2,1,1,3,56477,30,7,22,82.06,6.2,56.21,0,0
8595,7741,51,0,3,2,2,28,90823,42,13,61,90.44,9.1,100,1,1
8596,5034,59,1,6,4,1,35,128732,45,3,54,97.36,9.25,100,1,1
8597,2377,30,0,3,0,2,7,110969,41,24,7,85.61,10,100,1,1
8598,8566,47,1,5,0,2,26,137207,53,18,59,78.49,9.94,100,1,1
8599,6174,23,0,6,3,2,1,111342,47,11,19,92.01,7.74,80.11,2,1
8600,1186,54,1,3,3,0,33,130920,34,17,44,84.88,10,100,1,1
8601,9054,56,0,5,1,2,32,117737,42,15,37,84.58,10,100,1,1
8602,2033,38,0,2,1,2,13,170130,41,19,63,71.66,9.48,100,1,1
8603,7198,29,1,5,4,2,9,148667,51,11,65,94.91,10,100,1,1
8604,1854,31,1,1,4,2,11,60823,59,13,26,98.26,7.27,83.71,2,1
8605,4584,43,1,5,5,2,16,138432,53,17,78,94.5,9.72,100,1,1
8606,1647,35,1,2,2,0,13,41003,33,5,18,96.83,6.98,68.32,0,0
8607,773,53,1,2,0,0,33,115929,45,7,12,99.44,10,100,1,1
8608,3287,31,0,0,4,0,5,172735,42,14,4,93.18,8.43,94.48,1,1
8609,7896,41,0,6,2,0,14,91764,43,8,2,98.72,7.96,72.37,2,1
8610,3728,40,1,3,2,0,13,96107,60,21,49,91.75,9.4,98.54,1,1
8611,7412,41,0,1,5,1,15,146946,41,11,45,98.46,8.83,100,1,1
8612,8987,38,0,4,4,2,18,127107,38,17,45,93.35,9.06,100,1,1
8613,1627,38,0,0,1,0,12,116163,37,2,62,90.57,9.66,82.91,2,1
8614,3265,27,0,5,3,2,1,77452,40,7,44,79.93,8.95,79.54,2,1
8615,5961,36,1,0,3,1,15,136455,35,19,71,99.68,10,100,1,1
8616,560,57,1,0,1,0,32,66085,53,5,28,78.66,7.06,74.6,2,1
8617,308,22,1,1,2,0,1,141034,45,23,43,94.25,9.35,100,1,1
8618,7730,52,1,6,3,0,27,111990,40,6,49,75.88,7.86,82.95,2,1
8619,706,22,1,0,5,3,1,159830,45,19,52,99.41,10,100,1,1
8620,4004,58,1,2,4,0,32,96706,56,15,57,93.05,10,100,1,1
8621,4672,45,0,1,5,0,25,131039,40,20,75,80.19,10,100,1,1
8622,8881,33,0,4,1,1,7,33666,30,2,48,74.22,4.75,44.43,3,0
8623,3394,23,0,3,4,3,1,106328,31,12,36,96.06,7.52,76.96,2,0
8624,3882,40,0,6,2,0,18,167060,58,16,34,97.42,8.37,100,1,1
8625,4179,23,1,0,5,0,1,41042,52,6,15,86.48,5.85,53.82,3,0
8626,1600,47,1,5,5,0,27,117738,47,6,29,84.11,10,96.5,1,1
8627,2410,38,0,3,2,0,16,75773,37,3,24,96.45,7.12,69.8,0,1
8628,8994,27,1,1,1,1,6,42489,43,8,8,87.36,6.8,54.47,3,0
8629,1924,40,0,2,5,2,18,174108,39,15,4,87.84,8.38,96.94,1,1
8630,5409,28,0,2,3,1,7,65374,30,11,33,70.34,8.09,75.87,2,1
8631,5897,22,0,4,4,0,1,106822,44,24,77,78.24,10,100,1,1
8632,1349,25,1,2,0,0,4,116744,39,13,10,95.6,8.4,78.84,2,1
8633,8135,34,1,6,2,2,8,117856,35,18,18,87.21,7.25,75.83,2,0
8634,2195,44,1,5,4,2,24,158907,53,12,59,92.55,9.19,100,1,1
8635,4898,37,1,4,0,0,14,143045,52,17,49,78.97,9.19,100,1,1
8636,6754,54,0,1,0,0,29,163238,34,1,61,86.89,9.43,92.76,1,1
8637,949,53,1,6,1,2,28,87024,58,3,14,83.31,7.39,81.95,2,1
8638,6219,33,1,3,2,0,11,60654,44,7,12,79.86,10,84.54,2,1
8639,8865,50,0,5,2,0,26,97869,55,10,9,99.74,8.99,100,1,1
8640,5443,23,1,6,0,1,3,146945,40,15,18,99.72,8.8,93.41,1,1
8641,3527,32,1,3,2,0,5,45427,36,8,24,77.47,5.02,63.45,0,0
8642,5056,27,1,3,0,0,2,74779,34,12,2,94.46,8.05,62.83,0,0
8643,1406,37,1,6,2,0,16,147959,47,7,10,92.19,10,97.22,1,1
8644,7449,54,0,0,5,0,33,151436,34,3,60,97.45,10,100,1,1
8645,2170,45,0,2,0,0,22,94935,40,23,40,97.74,10,100,1,1
8646,1757,26,0,0,3,2,4,158882,44,16,40,98.64,10,97.71,1,1
8647,4007,50,1,1,1,2,29,149136,39,24,3,70.36,10,100,1,1
8648,5501,59,0,6,5,3,33,179594,45,23,39,81.38,10,100,1,1
8649,5329,32,1,3,1,2,6,71356,30,7,61,76.95,5.49,55.6,0,1
8650,5170,36,0,1,1,2,12,76539,56,4,67,71.98,5.85,65.77,0,0
8651,5312,46,1,1,4,0,25,122294,53,17,68,83.87,9.59,100,1,1
8652,3502,37,1,6,5,2,11,126282,47,16,65,71.65,10,100,1,1
8653,5917,48,1,4,4,0,21,36150,30,1,1,70.16,5.57,40,3,0
8654,4021,37,0,3,2,0,13,111342,57,16,23,93.49,8.1,83.38,2,1
8655,1351,36,1,1,1,0,13,140538,41,17,43,99.61,8.9,100,1,1
8656,4922,46,0,0,4,0,22,103698,37,11,70,86.38,9.97,100,1,1
8657,856,26,1,3,3,2,6,108759,38,15,40,72.97,10,88.14,1,1
8658,8662,48,1,0,2,2,25,173999,37,15,45,80.46,10,100,1,1
8659,215,28,0,5,1,3,8,102349,42,17,11,76.33,8.7,94.59,1,1
8660,4309,29,1,4,3,0,7,145173,44,12,66,91.06,10,100,1,1
8661,5188,41,0,0,4,0,16,80853,55,11,32,82.44,8.05,84.2,2,1
8662,5919,35,1,0,4,2,15,78756,60,5,37,87.84,6.67,60.36,0,0
8663,4137,51,0,6,0,1,28,139348,39,17,59,78.52,9.06,100,1,1
8664,7494,38,1,6,3,1,17,146951,39,13,17,70.51,7.55,90.46,1,1
8665,6366,30,1,1,1,3,5,46962,38,6,31,87.21,5.43,58.76,0,0
8666,8769,27,1,6,3,1,4,136082,58,22,61,98.33,9.26,100,1,1
8667,1842,30,0,0,4,0,9,128644,55,15,79,88.2,10,98.97,1,1
8668,733,30,0,1,1,0,4,109092,39,10,79,96.76,8.87,90.74,1,1
8669,1763,41,1,5,2,2,20,165227,55,15,17,96.24,9.99,96.25,1,1
8670,9308,54,0,2,4,2,33,115726,53,21,44,70.37,9.5,100,1,1
8671,845,44,1,4,3,0,20,129771,40,13,57,81.46,9.81,100,1,1
8672,7863,56,0,1,4,0,35,105014,58,19,3,95.02,9.73,100,1,1
8673,993,28,1,5,5,0,6,41045,59,2,35,91.05,5.88,54.07,3,0
8674,1869,49,0,2,3,0,29,168734,30,21,41,90.97,9.64,100,1,1
8675,8892,39,1,0,2,0,14,71350,40,2,9,88.84,3.66,67.32,0,0
8676,5385,43,0,0,3,2,20,42092,39,1,5,78.68,6.43,62.12,0,0
8677,6138,45,1,2,3,2,23,171817,42,11,16,83.21,10,100,1,1
8678,1830,39,1,2,3,0,16,106932,31,12,20,71.28,8.83,71.44,2,1
8679,8313,49,1,1,0,2,28,139778,58,16,31,81.9,8.96,100,1,1
8680,2179,54,0,4,3,0,29,126790,51,8,10,83.82,9.6,100,1,1
8681,4636,24,1,1,3,2,1,158452,42,21,76,96.97,10,100,1,1
8682,6922,47,1,3,5,1,22,101082,42,6,57,85.96,10,100,1,1
8683,8335,47,1,5,0,1,27,128243,49,16,6,78.9,9.7,100,1,1
8684,5770,38,0,4,5,0,12,172632,45,14,22,90.32,10,100,1,1
8685,1401,54,0,5,1,0,33,137783,50,22,1,85.67,9.18,100,1,1
8686,1150,57,0,6,3,1,33,125162,31,24,25,72.17,9.61,100,1,1
8687,7669,36,0,2,5,1,15,110240,34,19,24,88.29,9,100,1,1
8688,1990,26,1,0,0,1,4,170170,32,23,63,98.7,10,100,1,1
8689,1820,39,0,0,0,2,15,119220,37,13,27,74.37,9.15,84.37,2,1
8690,4436,48,0,5,4,1,25,128935,51,6,70,90.87,9.93,100,1,1
8691,3518,22,1,1,3,0,1,104747,54,14,68,90.32,10,95.67,1,1
8692,6481,40,0,4,1,0,14,107441,48,7,67,72.41,8.46,81.52,2,0
8693,5026,57,1,6,4,0,31,93306,49,23,34,81.09,10,100,1,1
8694,5920,58,0,2,3,2,31,145628,58,19,71,79.74,7.76,100,1,1
8695,3851,54,0,2,0,1,34,157117,45,24,40,74.36,10,100,1,1
8696,5839,56,0,6,3,1,31,97729,30,9,43,76.51,10,96.26,1,1
8697,3731,52,1,0,1,0,31,106266,33,16,66,85.52,10,100,1,1
8698,6478,55,1,1,4,0,32,148018,43,24,25,75.9,10,100,1,1
8699,709,55,0,2,0,2,28,118180,42,23,7,75.24,9.5,100,1,1
8700,4032,30,1,3,2,0,10,138765,33,24,25,86.22,9.49,100,1,1
8701,7650,41,0,4,0,0,18,131668,59,16,70,82.97,10,100,1,1
8702,8722,42,1,1,5,0,19,135268,46,23,8,80.9,9.89,100,1,1
8703,6217,48,0,6,1,0,22,118095,55,12,30,89.47,10,93.12,1,1
8704,1651,28,1,1,2,0,1,146461,43,23,8,73.17,10,100,1,1
8705,6901,35,1,3,1,2,11,43153,60,3,11,99.2,6.58,43.89,3,0
8706,6623,51,0,4,5,0,25,178114,40,10,56,81.26,10,93.25,1,1
8707,1547,28,0,6,3,1,1,61089,32,7,61,98.39,7.34,76.97,2,0
8708,5726,57,1,1,1,1,30,104397,52,14,77,74.97,10,100,1,1
8709,496,27,1,4,5,2,2,40681,58,6,50,72.94,4.83,52.61,3,0
8710,2293,30,0,0,5,2,9,93855,58,5,52,96.2,7.42,87.24,1,1
8711,871,37,1,6,1,0,13,40566,57,8,0,76.09,5.99,60.75,0,0
8712,3258,39,0,1,1,1,18,121787,45,5,44,89.96,10,95.23,1,1
8713,6799,36,0,6,4,3,11,170508,49,22,73,93,10,100,1,1
8714,8681,51,0,5,1,2,31,130676,35,20,38,89.08,10,100,1,1
8715,836,48,0,2,4,0,22,117475,50,8,65,77.01,9.84,95.6,1,1
8716,2168,32,1,6,0,2,11,174437,47,20,58,93.5,10,100,1,1
8717,8060,41,0,1,5,0,21,170715,41,7,60,88.14,10,98.92,1,1
8718,4706,53,1,4,3,2,30,166280,40,9,2,86.39,8.72,96.49,1,1
8719,1962,33,0,2,5,0,12,144103,42,8,79,94.23,7.21,100,1,1
8720,7628,28,1,1,0,2,4,116780,57,16,18,78.31,9.19,89.45,1,1
8721,7373,23,1,4,2,2,1,47883,38,2,72,83.95,5.09,50.67,3,0
8722,7086,54,0,1,3,0,32,146121,49,14,41,73.31,10,100,1,1
8723,3674,29,1,5,3,2,9,141215,49,20,47,91.5,9.67,100,1,1
8724,6649,45,0,0,1,2,24,166238,56,17,56,80.41,8.95,100,1,1
8725,2801,42,0,0,4,0,15,46968,57,6,4,75.09,4.99,58.15,0,0
8726,1800,29,0,1,3,3,2,77662,31,19,13,86.43,8.98,69.22,0,0
8727,2063,32,1,1,0,0,11,174428,59,6,75,98.08,10,92.42,1,1
8728,7619,53,1,3,1,2,28,119001,42,24,47,98.61,9.09,100,1,1
8729,6014,29,1,5,0,2,8,66683,55,11,10,75.77,6.54,76.84,2,1
8730,5369,59,0,2,0,2,38,122062,35,13,37,70.89,9.21,100,1,1
8731,883,42,1,2,1,0,19,162305,45,14,40,93.8,9.54,100,1,1
8732,2874,59,1,0,5,2,39,109503,44,8,64,78.66,10,100,1,1
8733,5236,54,1,5,2,1,31,114240,35,5,66,87.23,10,97.14,1,1
8734,6717,22,1,1,0,2,1,176062,54,18,73,80.04,9.57,100,1,1
8735,6989,29,1,1,4,3,8,155588,51,8,67,92.86,9.04,94.69,1,1
8736,7378,40,0,6,5,0,16,101478,35,20,59,73.29,9.44,100,1,1
8737,2728,25,0,0,4,0,4,98423,41,22,13,88.93,8.65,92.84,1,1
8738,6466,52,1,0,2,2,29,163509,33,17,19,76.9,10,100,1,1
8739,1058,53,1,2,2,2,28,114042,41,12,34,86.91,10,100,1,1
8740,1418,57,1,0,2,2,35,135498,37,1,40,78.45,10,96.25,1,1
8741,8311,30,0,3,1,2,5,119678,54,19,15,95.99,7.22,83.7,2,1
8742,873,38,0,6,4,2,11,93768,59,14,5,72.96,8.65,73.71,2,0
8743,3810,23,0,0,4,2,1,43205,60,4,40,70.44,3.93,49.09,3,0
8744,5300,49,0,3,5,0,26,134567,31,21,69,87.89,8.24,100,1,1
8745,5393,33,0,2,4,0,9,161562,45,20,18,75.51,10,100,1,1
8746,8762,37,1,2,2,2,15,159544,49,15,0,88.21,8.12,91.35,1,1
8747,6093,42,1,0,1,3,19,151936,30,16,35,76.3,9.31,100,1,1
8748,566,32,0,4,5,2,9,118950,41,21,1,84.14,10,100,1,1
8749,3975,35,1,3,3,0,14,168450,32,18,7,92.25,10,100,1,1
8750,1834,31,1,0,3,2,11,60630,30,1,49,85.81,6.82,56.71,0,0
8751,8334,45,0,2,2,0,22,94304,41,22,77,72.79,9.66,100,1,1
8752,160,35,1,6,3,2,13,49594,30,7,5,71.77,6.81,53.97,3,0
8753,7193,54,1,0,3,0,31,166569,59,14,55,99.47,9.8,100,1,1
8754,4765,34,0,2,4,0,8,164022,38,18,3,76.62,9.9,92.29,1,1
8755,8228,45,0,3,4,0,23,150525,31,20,48,96.66,8.57,100,1,1
8756,1296,31,1,6,0,0,6,144999,37,14,69,90.83,9.86,100,1,1
8757,6421,56,0,4,3,2,30,108711,32,8,13,86.59,7.72,82.63,2,1
8758,5483,30,1,6,3,2,6,179731,50,12,55,78.6,7.99,92.03,1,1
8759,4100,42,0,0,5,0,16,110491,50,7,0,84.39,9.1,76.3,2,1
8760,6935,35,0,4,4,2,14,54095,58,2,29,72.91,6.98,58.83,0,0
8761,692,50,0,3,4,2,27,95632,41,16,40,90.36,9.06,100,1,1
8762,6773,44,1,0,2,0,19,139045,48,12,64,92.27,8.15,100,1,1
8763,3804,58,0,6,2,2,35,110413,41,16,64,88.96,7.62,100,1,1
8764,8096,56,1,5,2,3,33,115530,46,5,39,73.63,10,100,1,1
8765,2365,28,1,3,0,0,6,160521,44,23,9,93.35,9.25,100,1,1
8766,323,32,0,1,3,2,5,32946,31,10,16,72.71,4.17,46.23,3,0
8767,3409,28,0,3,5,1,7,114834,51,22,17,99.44,10,100,1,1
8768,456,47,0,3,2,0,27,108482,36,14,40,86.6,10,100,1,1
8769,2574,53,0,0,0,2,32,110005,40,9,49,95.29,10,98.62,1,1
8770,5283,54,1,1,1,2,32,159963,42,5,39,81.17,10,100,1,1
8771,3644,41,1,2,1,0,21,137388,52,20,44,91.32,10,100,1,1
8772,6013,25,0,2,1,2,1,41365,55,1,71,81.91,4.59,40,3,0
8773,5529,57,1,2,4,1,30,139690,52,21,79,79.17,10,100,1,1
8774,7416,40,1,3,1,0,18,118838,60,2,66,92.29,7.69,76.73,2,0
8775,7516,52,1,0,4,2,30,163861,31,22,57,95.87,10,100,1,1
8776,5057,28,1,2,1,1,6,161790,51,21,65,70.38,9.52,100,1,1
8777,5422,53,0,3,3,2,30,175229,55,23,59,99.13,9.37,100,1,1
8778,9243,37,1,5,3,2,13,77244,32,7,21,91.29,5.57,65.02,0,1
8779,4887,51,1,5,4,2,28,138705,49,17,77,72.63,9.7,100,1,1
8780,2941,33,1,5,2,1,6,45571,57,7,16,78.28,2.59,40,3,0
8781,2670,32,0,3,2,0,8,88604,38,10,18,94.29,8.22,82.09,2,0
8782,604,25,1,0,1,3,1,74747,40,9,60,72.45,6.56,65.11,0,0
8783,4999,37,0,2,1,0,13,67761,31,16,19,72.09,7.44,81.8,2,0
8784,6987,27,0,3,5,0,7,152575,59,23,2,81.11,10,94.87,1,1
8785,1690,55,0,5,5,2,30,116343,38,21,25,76.74,10,100,1,1
8786,6970,22,1,6,1,2,1,117237,43,6,64,76.6,7.73,76.41,2,1
8787,4955,32,0,4,4,1,12,138894,36,19,19,80.01,8.98,92.49,1,1
8788,1638,49,0,6,2,3,27,72282,56,5,22,83.53,6.8,68.32,0,0
8789,8857,58,0,5,3,0,36,107422,57,1,76,73.34,9.01,98.77,1,1
8790,8608,24,0,6,5,1,1,143688,60,19,51,78.63,9.93,96.33,1,1
8791,5488,34,0,6,1,0,11,76066,53,5,79,97.65,7.16,76.27,2,0
8792,7419,43,0,4,0,0,18,115144,32,2,60,97.07,7.09,86.79,1,1
8793,7986,37,0,4,2,0,13,64181,45,10,26,85.45,6.91,74.93,2,1
8794,4363,35,0,3,0,2,13,140748,43,8,45,94.24,9.4,100,1,1
8795,1358,35,0,6,4,1,15,72558,49,3,44,96.66,8.82,76.26,2,0
8796,4900,32,1,0,1,0,7,73087,42,2,20,82.09,4.69,58.55,0,0
8797,4960,26,1,6,1,1,4,129471,34,15,57,95.83,9.72,100,1,1
8798,4098,47,1,3,0,0,22,142239,51,12,32,78.38,10,93.7,1,1
8799,6407,25,1,0,3,2,3,66148,56,1,40,97.62,4.12,61,0,0
8800,6568,58,1,1,4,0,32,160238,40,6,59,94.11,10,100,1,1
8801,3989,38,0,5,4,0,17,92327,31,9,59,98.19,9.72,100,1,1
8802,6634,24,1,3,1,0,1,132072,49,15,72,76.97,8.94,95.76,1,1
8803,3943,24,0,4,3,0,1,84897,56,13,65,86.34,8.35,75.11,2,1
8804,4067,25,1,5,3,0,4,44402,54,3,14,83.6,3,43.64,3,0
8805,5948,44,0,2,3,2,23,134569,35,16,44,97.06,10,100,1,1
8806,1047,41,1,2,2,2,14,36851,35,3,50,71.69,6.35,53.43,3,0
8807,3006,24,1,3,4,0,1,74546,37,4,67,73.9,5.66,61.95,0,0
8808,4874,24,0,1,5,1,1,79409,58,4,73,88.89,6.29,63.38,0,1
8809,7265,39,1,2,0,2,13,123502,53,14,75,89.64,8.3,100,1,1
8810,520,55,0,0,4,0,33,167659,60,21,19,96.29,9.46,100,1,1
8811,3845,42,1,0,0,1,21,131591,31,18,73,96.71,9.61,100,1,1
8812,1656,45,1,5,4,1,25,127045,47,9,43,72.99,9.75,100,1,1
8813,4876,33,1,1,5,0,13,146049,38,14,30,74.12,10,100,1,1
8814,4146,36,0,5,4,2,9,51680,47,3,69,87.13,5.49,58.68,0,0
8815,1681,22,1,6,2,2,1,66883,40,1,39,89.73,4.08,57,0,0
8816,5875,44,1,4,5,0,19,153886,52,3,57,94.08,8.99,98.94,1,1
8817,5697,23,1,3,5,0,1,43670,59,1,60,86.78,3.65,40,3,0
8818,2829,51,0,3,5,0,28,113029,57,17,23,71.15,10,100,1,1
8819,8708,45,0,3,0,2,22,118190,46,20,35,74.57,10,100,1,1
8820,6927,46,0,6,5,2,21,144754,59,9,31,71.01,8.95,95.44,1,1
8821,4782,22,1,6,0,0,1,155902,45,18,11,86.25,9.86,96.26,1,1
8822,504,57,1,4,1,0,37,167076,59,14,36,77.72,9.35,100,1,1
8823,6849,27,0,4,4,3,6,98021,36,10,20,84.34,9.29,81.99,2,0
8824,6190,40,1,2,4,0,17,112219,41,2,37,78.05,7.09,79.88,2,0
8825,4507,45,1,6,4,1,22,59612,42,5,7,70.05,5.16,62.45,0,0
8826,3185,41,1,0,1,0,18,87496,53,1,57,82.03,7.54,71.76,2,0
8827,3451,24,0,4,1,1,1,38947,52,4,18,81.17,5.95,45.26,3,0
8828,1066,30,0,5,4,0,4,134653,48,17,59,95.07,9.67,100,1,1
8829,5489,28,0,3,4,0,3,165322,53,6,64,95,7.69,86.05,1,1
8830,7070,39,1,5,4,0,13,150011,36,20,19,75.18,9.32,89.35,1,1
8831,7953,40,1,3,0,2,13,42089,52,3,43,77.76,5.22,60.89,0,0
8832,7544,59,1,4,2,0,33,121146,57,4,61,79.37,9.62,100,1,1
8833,3730,49,0,5,5,1,25,94614,45,2,1,83.93,7.05,86.49,1,1
8834,5984,38,1,6,2,2,14,141962,50,21,40,75.98,9.76,100,1,1
8835,4152,42,0,2,3,0,21,130338,59,12,26,83.86,10,100,1,1
8836,3892,56,1,0,0,3,32,160255,34,22,55,87.52,9.14,100,1,1
8837,4930,38,0,3,2,0,11,76989,47,4,27,79.58,6.69,69.87,0,0
8838,5177,30,0,6,5,1,3,92068,35,21,18,80.62,7.5,75.53,2,0
8839,1992,50,0,4,4,0,25,86033,57,1,75,73.92,6.81,73.17,2,1
8840,556,51,0,5,2,0,28,70945,30,3,4,79.13,6.18,71.01,2,0
8841,4948,56,1,4,5,2,34,127170,51,21,7,87.69,10,100,1,1
8842,4360,35,1,2,1,0,8,68350,49,7,69,84.13,7.55,84.6,2,1
8843,6059,28,0,3,0,0,5,125561,50,23,76,75.65,8.68,100,1,1
8844,3978,49,0,1,1,0,22,99005,48,20,77,93.67,10,100,1,1
8845,6453,24,1,4,2,0,1,56350,30,5,51,80.96,5.03,59.42,0,0
8846,5671,39,1,2,2,2,17,108947,31,12,23,83.46,7.27,78.02,2,1
8847,506,34,0,5,2,1,11,112543,33,13,57,74.86,7.24,71.4,2,0
8848,3946,28,0,5,5,2,5,67638,40,4,58,88.17,7.38,76.73,2,0
8849,3524,42,0,5,4,2,19,151635,54,21,24,70,10,100,1,1
8850,2795,50,1,2,3,0,28,91131,54,18,32,98.63,9.38,100,1,1
8851,1594,33,1,6,4,1,9,38263,34,4,30,84.71,4.89,44.89,3,0
8852,9161,38,1,0,2,0,14,65070,56,6,26,90.66,8.4,78.98,2,1
8853,8626,45,1,6,3,3,21,118992,37,7,30,80.18,8.06,100,1,1
8854,315,50,1,2,2,0,28,98235,36,1,67,78.05,8.91,97.92,1,1
8855,5164,38,1,4,1,0,18,96055,42,23,73,97.26,10,100,1,1
8856,8241,41,0,1,0,0,16,164365,42,18,12,98.12,10,100,1,1
8857,7610,56,1,6,5,0,33,170151,37,14,7,91.98,9.61,100,1,1
8858,2005,36,1,1,0,0,9,110010,36,7,4,95.14,5.91,74.71,2,1
8859,3174,25,0,2,5,1,4,107155,40,7,30,99.39,9.22,70.27,2,1
8860,2030,30,1,6,2,0,5,178878,54,11,54,82.24,8.12,87.51,1,1
8861,6824,55,1,6,5,0,29,166775,60,7,28,87.71,9.34,98.03,1,1
8862,5458,51,0,5,0,0,30,153403,36,23,52,91.64,9.48,100,1,1
8863,2427,36,0,3,5,0,13,114811,30,10,51,79.46,9.57,84.15,2,1
8864,2190,23,1,3,5,2,1,108058,49,19,61,85.17,8.9,94.83,1,1
8865,999,30,1,3,4,0,6,110734,50,13,67,91.43,9.71,100,1,1
8866,8201,31,1,6,5,1,5,70902,53,9,45,92.63,8.07,82.41,2,0
8867,2259,54,0,2,4,3,31,115844,33,23,31,91.9,10,100,1,1
8868,1946,30,0,6,4,0,6,88008,45,10,16,76.51,7.64,77.31,2,1
8869,483,28,0,2,4,2,7,41052,43,2,35,77.98,6.62,66.43,0,0
8870,1645,57,0,2,2,0,33,123116,38,20,45,97.3,10,100,1,1
8871,3525,54,0,6,1,0,30,145653,60,9,45,75.35,8.79,98.46,1,1
8872,7480,53,0,0,3,2,32,92068,34,11,26,95.13,10,100,1,1
8873,4883,44,1,0,2,0,24,91939,34,15,17,72.37,9.31,81.41,2,1
8874,4981,28,1,6,4,0,3,54154,56,8,28,94.96,5.47,61.65,0,1
8875,2114,25,1,4,0,0,3,92892,47,12,58,84.12,7.12,80.21,2,1
8876,1698,42,0,2,4,0,15,95430,35,23,1,78.79,10,96.66,1,1
8877,3698,32,1,2,5,0,12,40858,37,3,23,74.21,8.34,69.7,0,0
8878,7847,30,1,6,0,0,10,116177,40,11,31,79.51,8.83,74.13,2,0
8879,2896,48,0,2,3,2,21,151338,50,24,48,78.67,9.69,100,1,1
8880,1087,33,0,2,0,0,7,57285,53,4,52,73.75,6.76,64.1,0,0
8881,2285,37,0,0,4,0,13,92874,45,23,46,94.34,9.5,100,1,1
8882,4334,47,1,5,2,1,20,144368,50,5,56,99.53,9.6,100,1,1
8883,2893,59,1,6,1,2,38,139045,54,6,47,87.79,9.13,100,1,1
8884,7626,42,1,1,0,0,16,60957,44,5,40,93.17,6.91,76.01,2,1
8885,6029,31,1,2,2,0,9,163726,56,8,53,85.59,10,96.34,1,1
8886,372,45,1,5,0,2,25,132361,47,15,60,86.76,9.24,100,1,1
8887,5691,58,1,0,0,0,35,110848,53,19,9,73.11,10,100,1,1
8888,2143,36,1,0,4,0,11,93432,58,22,65,78.79,9.01,100,1,1
8889,1706,47,0,4,2,2,27,146482,32,16,52,74.24,10,100,1,1
8890,724,26,0,1,5,0,1,171248,43,20,36,98.12,10,100,1,1
8891,7932,50,1,4,0,2,23,109132,30,24,13,81.97,10,100,1,1
8892,3313,46,0,2,0,2,21,148037,36,19,41,91.8,10,100,1,1
8893,8748,54,1,1,0,0,32,167637,56,2,52,71.31,7.19,87.6,1,1
8894,1152,41,0,2,1,0,17,89392,36,6,35,71.9,7.56,83.84,2,1
8895,711,53,1,3,2,2,26,68540,30,1,71,84.33,7.9,84.98,2,0
8896,4556,47,1,3,2,0,20,112801,40,5,64,82.92,6.86,84.24,2,0
8897,6039,27,1,6,3,0,2,160913,38,12,70,91.31,8.88,85.66,1,1
8898,598,33,1,5,2,2,9,102642,35,7,10,74.68,7.29,77.43,2,1
8899,6349,32,0,6,2,0,6,167880,41,13,59,97.06,10,100,1,1
8900,4286,25,0,1,3,0,3,166659,55,16,63,97.72,9.17,95.86,1,1
8901,4047,37,0,4,0,0,16,156074,56,18,62,87.06,10,100,1,1
8902,7202,59,1,4,2,2,36,114869,58,22,24,97.27,10,100,1,1
8903,5046,36,0,3,3,2,10,136625,40,9,15,75.79,8.87,87.58,1,1
8904,83,45,1,6,2,1,25,121715,59,23,11,89.12,9.63,100,1,1
8905,8558,45,1,5,4,0,18,92450,30,20,20,94.42,10,100,1,1
8906,1773,58,1,1,1,2,37,92951,46,14,4,90.23,9.99,100,1,1
8907,1507,26,1,4,3,2,1,90333,46,19,56,85.42,9.63,100,1,1
8908,9269,41,1,3,0,0,19,115680,51,1,20,98.25,7.04,76.75,2,1
8909,3589,24,1,2,4,0,3,94327,34,12,51,79.92,9.06,92.58,1,1
8910,1574,40,1,3,5,1,13,129047,47,12,42,89.36,8.43,100,1,1
8911,4292,36,1,3,5,2,16,153869,30,21,59,71.27,8.87,100,1,1
8912,415,38,0,2,2,0,17,92685,39,1,77,83.49,6.72,74.8,2,0
8913,1844,32,0,4,1,0,6,82043,43,5,73,74.71,9.09,75.81,2,0
8914,2819,54,0,3,3,0,31,98958,51,5,20,94.61,9.63,99.93,1,1
8915,8425,54,0,3,3,1,30,99063,54,3,22,73.09,7.34,77.89,2,1
8916,5521,46,0,5,4,0,19,69120,31,8,2,77.56,6.78,68.85,0,0
8917,6938,41,0,2,4,1,20,99632,57,5,60,95.99,10,96.9,1,1
8918,4224,54,0,5,1,0,30,128612,59,9,17,91.87,10,85.83,1,1
8919,167,49,1,1,3,0,29,145562,35,18,34,87.85,10,100,1,1
8920,7219,46,1,3,2,0,25,167085,33,21,17,79.85,8.27,100,1,1
8921,7215,29,1,0,3,2,6,156541,44,20,37,76.67,10,97.98,1,1
8922,7611,39,0,0,2,1,17,174847,38,12,7,97.11,8.91,90.14,1,1
8923,6582,57,1,2,3,0,33,158939,44,24,40,84.73,10,100,1,1
8924,8670,52,1,3,1,1,31,173613,31,10,7,96.41,9.31,100,1,1
8925,4775,58,1,2,1,3,32,143179,34,13,48,79.58,10,100,1,1
8926,7642,41,1,2,5,0,15,178492,36,6,48,94.19,8.86,85.32,1,1
8927,5411,47,0,5,2,0,25,155175,41,5,62,86.65,10,98.69,1,1
8928,6561,27,0,5,2,3,5,86126,47,9,46,84.72,6.84,74.8,2,1
8929,7948,50,0,6,3,2,29,87202,35,6,4,76.95,8.15,77.9,2,1
8930,2325,52,0,1,3,1,25,121474,57,9,71,74.16,8.02,100,1,1
8931,7950,34,0,0,3,0,10,96230,55,14,6,78.26,7.29,72.85,2,1
8932,7985,32,1,1,1,1,8,94462,35,16,50,79.36,10,93.35,1,1
8933,1046,43,1,2,5,2,17,170118,38,1,69,86.73,7.96,87.98,1,1
8934,8145,37,1,0,0,2,14,81874,34,3,65,73.59,7.51,84.07,2,0
8935,2650,37,1,5,2,0,15,100326,36,6,13,88.94,9.65,84.32,2,1
8936,2210,24,1,0,0,0,1,147417,60,18,27,81.93,8.79,93.29,1,1
8937,8074,46,1,4,4,0,24,105659,60,22,17,73.33,10,100,1,1
8938,5446,35,1,0,1,0,12,102464,50,15,61,84.26,8.64,100,1,1
8939,8287,59,0,5,1,2,36,92308,36,20,19,81.8,7.92,100,1,1
8940,7206,57,1,5,3,0,37,93634,56,18,65,75.59,10,100,1,1
8941,262,51,0,0,0,0,29,117481,45,4,51,83.77,8.86,100,1,1
8942,6850,30,1,5,5,2,10,155945,45,22,18,77.54,10,100,1,1
8943,2524,36,0,2,0,1,11,61247,35,9,55,83.53,7.14,78.45,2,1
8944,2121,48,0,3,4,0,24,131160,52,20,56,80.48,9.72,100,1,1
8945,1754,28,0,2,3,0,2,114998,30,9,39,91.66,8.37,78.69,2,1
8946,274,44,1,0,2,2,18,163759,56,23,70,76.51,9.36,100,1,1
8947,2228,27,0,1,1,0,3,99671,37,14,62,95.8,9.48,98.63,1,1
8948,6173,47,1,3,5,0,22,115850,40,17,12,83.73,9.16,100,1,1
8949,3402,48,1,6,3,2,26,81793,44,2,13,84.5,7.72,80.81,2,0
8950,7555,49,1,5,1,0,24,97082,41,9,21,95.63,10,100,1,1
8951,2449,51,0,6,4,1,31,99968,51,4,34,99.19,9.68,100,1,1
8952,7983,54,0,1,5,0,28,102131,40,20,18,91.09,10,98.02,1,1
8953,4613,55,1,6,0,0,32,117947,56,7,13,79.77,7.38,94.54,1,1
8954,1732,50,0,4,1,2,24,157549,55,5,33,78.21,7.08,87.02,1,1
8955,8567,39,0,3,4,0,13,168663,43,16,7,79.28,9.63,90.28,1,1
8956,5318,23,1,1,4,0,1,36320,54,1,50,72.05,5.39,40,3,0
8957,7335,57,0,3,3,1,37,157646,58,2,47,98.61,10,100,1,1
8958,7151,56,1,3,0,2,31,152863,55,10,23,90.7,9.47,100,1,1
8959,3830,24,0,0,3,0,4,54451,43,9,15,73.8,7.73,68.12,0,0
8960,2867,57,0,5,1,0,37,154496,37,9,10,93.2,8.76,100,1,1
8961,5761,59,1,0,4,2,32,161175,52,17,14,86.38,10,100,1,1
8962,2762,58,0,0,1,0,35,159079,43,16,74,84.56,10,100,1,1
8963,1458,24,0,1,3,0,1,98847,32,24,24,91.51,9.84,92.67,1,1
8964,2078,37,0,1,1,3,11,144799,58,13,58,74.73,8.08,86.49,1,1
8965,6682,34,1,5,3,0,10,106316,41,22,53,78.12,9.93,100,1,1
8966,1026,22,1,4,4,0,1,124056,40,14,31,71.68,7.5,85.41,1,1
8967,6625,52,1,2,5,0,30,168997,42,24,29,81.59,9.05,100,1,1
8968,7657,43,1,5,5,0,17,153587,54,22,23,94.78,9.64,100,1,1
8969,5847,26,1,6,0,1,1,168528,47,18,39,77.42,9.85,100,1,1
8970,8792,56,0,6,0,1,35,89506,52,1,18,77.61,7.57,81.16,2,0
8971,1632,30,1,6,5,1,3,132636,40,15,22,79.38,8.4,86,1,1
8972,3907,54,0,5,2,1,32,165470,55,9,47,95.17,9.49,100,1,1
8973,4813,50,0,1,3,1,26,113423,52,7,76,99.02,10,95.21,1,1
8974,7548,37,0,5,0,1,11,162367,58,17,79,99.69,10,100,1,1
8975,7441,40,0,4,2,1,16,84850,34,7,11,90.34,7.08,81.29,2,1
8976,7804,48,1,4,1,2,26,111177,37,4,68,88.95,9.3,100,1,1
8977,98,49,1,2,0,3,23,103991,53,8,52,75.35,7.89,93.02,1,1
8978,0,30,0,6,5,0,7,39658,30,2,35,91.01,4.96,46.86,3,0
8979,7179,43,1,2,2,1,17,171729,45,22,64,71.88,10,100,1,1
8980,6858,43,0,1,3,0,23,147890,46,4,43,86.04,9.03,93.6,1,1
8981,5398,32,0,1,5,1,11,85811,31,12,20,86.95,7.77,75.45,2,1
8982,8796,37,1,4,5,1,13,175283,34,24,14,90.06,10,100,1,1
8983,7949,57,0,0,1,0,35,149276,41,23,33,92.75,9.55,100,1,1
8984,545,32,1,5,3,0,10,83969,50,3,75,93.09,7.53,75.15,2,0
8985,8286,25,1,2,5,2,5,139181,43,9,76,72.18,7.3,87.07,1,1
8986,3137,43,1,3,2,1,22,86689,43,1,19,93,7.07,74.79,2,1
8987,7014,30,0,1,5,2,4,114124,44,10,79,94.06,9.39,92.71,1,1
8988,3712,45,1,1,1,2,23,118396,53,4,35,86.23,7.44,82.64,2,1
8989,3283,26,0,4,4,0,4,123865,41,24,76,99.31,9.46,100,1,1
8990,2414,47,1,3,4,0,22,99930,58,8,67,76.69,9.56,81.68,2,1
8991,2481,44,0,4,3,0,18,168451,39,12,11,88.69,8.53,87.48,1,1
8992,6162,50,0,0,3,1,29,126124,37,19,58,85.24,10,100,1,1
8993,224,55,0,3,4,0,32,175343,59,13,58,71.54,9.29,100,1,1
8994,6263,55,0,0,2,0,31,93394,43,19,37,88.73,9.52,100,1,1
8995,8805,58,1,5,5,1,34,150887,36,15,4,93.81,10,100,1,1
8996,8347,38,1,4,2,0,11,164006,37,21,60,86.32,9.55,100,1,1
8997,4977,52,1,0,5,0,31,93139,49,3,37,77.31,10,90.46,1,1
8998,6064,30,0,2,0,0,5,116218,40,19,35,76.18,8.96,91.74,1,1
8999,7375,58,1,5,4,0,37,115813,34,8,73,78.55,10,100,1,1
9000,7929,43,0,2,4,2,17,123177,48,7,2,99.81,9.03,87.37,1,1
9001,2125,59,0,2,1,0,39,141742,44,14,47,94.63,9.69,100,1,1
9002,7877,42,0,2,5,3,18,172317,60,16,62,83.58,9.35,100,1,1
9003,3747,43,1,6,4,3,22,108507,55,5,52,87.45,8.28,78.25,2,1
9004,7427,35,0,5,1,0,11,87980,46,6,4,92.96,10,78.43,2,1
9005,1936,37,1,6,5,0,12,103724,32,9,37,87.51,8.89,79.46,2,1
9006,4321,41,1,1,5,1,21,91391,38,4,42,93.93,8.57,100,1,1
9007,3482,51,1,0,4,3,28,179626,36,18,71,97.76,10,100,1,1
9008,5468,57,0,6,4,0,36,169681,37,20,3,75.22,8.47,100,1,1
9009,3004,48,1,5,5,0,24,107535,39,16,10,89.73,10,100,1,1
9010,8627,34,1,6,0,0,12,112000,52,14,45,96.48,9.82,94.78,1,1
9011,243,54,1,2,3,0,31,116956,54,11,71,72.31,8.88,95.78,1,1
9012,3653,40,0,3,0,0,17,104027,46,7,17,96.41,8.06,83.38,2,0
9013,4593,58,0,6,4,0,36,131542,59,1,60,84.06,8.33,96.06,1,1
9014,7700,45,1,6,4,0,19,112366,40,19,37,96.74,10,100,1,1
9015,6854,40,1,5,1,0,20,141078,50,20,12,94.9,9.59,100,1,1
9016,461,55,1,5,5,2,28,70482,59,4,3,91.44,6.2,59.8,0,0
9017,1624,38,0,0,2,0,16,91221,45,13,13,88.51,8.22,100,1,1
9018,6983,35,0,4,2,0,10,80356,51,3,28,73.79,6.76,71.19,2,1
9019,3710,26,0,6,2,2,6,153177,50,13,20,74.42,8.63,90.38,1,1
9020,1139,46,0,1,0,2,22,148469,45,3,48,78.02,9.82,97.11,1,1
9021,7571,38,1,4,5,0,15,108110,60,8,4,98.02,6.26,82,2,1
9022,2247,42,0,1,0,0,16,104131,43,23,70,88.26,10,100,1,1
9023,4010,31,1,0,2,0,11,171054,43,22,5,82.03,10,100,1,1
9024,3276,27,1,6,5,2,2,63200,45,7,35,72.65,6.83,66.75,0,0
9025,4374,53,1,0,1,2,32,150341,59,17,70,98.68,9.91,100,1,1
9026,7312,22,1,0,3,0,1,76302,56,13,7,70.28,6.85,61.46,0,0
9027,4643,35,0,0,2,0,13,108489,30,17,17,72.72,10,81.53,2,0
9028,734,29,1,4,0,1,7,113201,45,11,8,90.28,9.49,80.48,2,0
9029,7401,23,1,2,3,0,1,175164,52,13,9,95.18,10,97.3,1,1
9030,3317,50,0,1,1,0,23,127781,32,9,41,88.64,10,94.04,1,1
9031,2087,52,1,2,2,0,28,119101,56,7,70,92.4,9.74,92.76,1,1
9032,3190,56,0,1,4,2,30,157860,48,14,54,84.81,9.39,100,1,1
9033,2127,32,1,2,2,0,8,175845,43,11,78,99.96,10,100,1,1
9034,359,24,1,5,2,1,1,131619,44,17,76,94.53,9.43,100,1,1
9035,4662,34,0,1,0,0,10,85316,30,8,75,89.85,9.45,80.49,2,1
9036,321,51,0,1,1,1,28,178418,57,1,74,82.12,7.75,85.45,1,1
9037,8222,36,0,5,5,3,12,105820,34,11,70,77.57,8.12,83.32,2,0
9038,2729,55,0,6,2,1,33,171111,42,23,44,78,9.46,100,1,1
9039,5703,47,1,5,1,0,26,135078,34,22,25,90.41,10,100,1,1
9040,8042,46,0,2,4,1,26,118410,46,20,69,86.97,10,100,1,1
9041,573,39,0,0,5,3,13,156042,40,21,78,86.67,9.66,100,1,1
9042,2236,26,0,0,4,0,1,61148,36,4,54,92.99,7.26,62.51,0,1
9043,4097,24,0,5,0,0,2,161365,44,22,31,95.04,8.65,100,1,1
9044,3704,52,0,1,5,2,25,133606,40,21,62,70.31,10,100,1,1
9045,1020,42,0,2,4,0,17,109227,34,9,31,90.12,9.74,80.11,2,0
9046,7899,38,0,1,4,2,15,69905,48,1,38,85.76,7.77,78.98,2,0
9047,2049,23,1,3,0,0,1,47952,34,5,31,71.23,3.32,47.27,3,0
9048,7363,41,0,0,0,2,20,156660,55,2,65,91.53,10,91.67,1,1
9049,7898,33,0,4,2,0,8,136018,56,16,1,95.6,9.85,86.64,1,1
9050,1679,59,1,4,5,0,37,110784,39,21,70,70.31,9.07,100,1,1
9051,5154,49,1,5,4,2,28,171401,56,11,73,93.5,10,100,1,1
9052,7541,43,0,3,2,0,19,174875,45,7,48,84.26,9.54,87.45,1,1
9053,6790,35,0,1,4,0,11,42919,40,2,27,71.31,5.34,44.11,3,0
9054,3136,34,0,1,5,1,8,103758,35,18,17,88.8,10,99.94,1,1
9055,4382,41,1,2,3,0,18,92746,60,16,34,86.13,9.94,94.09,1,1
9056,2379,25,0,6,3,3,4,144809,33,23,41,78.82,8.93,94.96,1,1
9057,2341,22,1,1,0,0,1,42867,34,9,39,74.03,5.98,60.56,0,0
9058,6654,35,0,0,5,0,8,51058,56,5,31,90.66,3.61,65.82,0,1
9059,7511,24,0,2,1,0,1,96027,38,8,55,99.29,7.16,75.13,2,1
9060,2813,22,1,1,1,2,1,169118,40,11,69,89.28,8.85,88.93,1,1
9061,8366,30,0,0,4,0,10,63922,35,9,60,70.82,7.36,69.45,0,0
9062,6218,42,1,3,1,0,16,172367,34,9,40,92.91,10,91.13,1,1
9063,6519,27,1,6,2,2,6,77627,30,15,22,97.33,6.64,67.58,0,0
9064,4295,39,1,1,2,1,13,33551,40,1,9,74.42,4.53,47.09,3,0
9065,513,38,0,5,1,2,11,130555,47,21,35,91.12,10,100,1,1
9066,1064,43,1,5,3,2,22,109067,58,11,37,87.13,10,97.37,1,1
9067,3606,41,0,0,2,1,16,132298,41,24,62,82.27,8.7,100,1,1
9068,3264,40,1,5,2,2,17,98454,44,2,59,84.2,10,92.8,1,1
9069,1828,56,0,0,3,0,34,175913,31,12,12,85.27,8.89,97.21,1,1
9070,4103,28,1,6,5,0,5,90758,49,19,3,78.33,9.07,89.34,1,1
9071,762,23,0,3,1,1,2,36678,49,3,14,89.78,4.15,47.23,3,0
9072,7294,30,1,4,0,0,4,119199,37,21,2,76.19,8.41,97.2,1,1
9073,6572,42,0,1,2,2,16,112478,47,11,31,71.38,9.53,98.39,1,1
9074,4363,39,1,4,1,0,14,113144,35,24,60,99.92,9.58,100,1,1
9075,1036,41,0,2,0,2,14,110910,51,5,50,85.66,9.8,79.9,2,0
9076,3912,25,0,6,3,0,1,111549,30,17,40,72.43,5.51,85.47,1,1
9077,7,25,0,0,2,0,1,47159,33,2,4,98.07,3.79,48.74,3,0
9078,7695,46,1,2,5,0,20,144004,47,14,36,89.01,8.89,100,1,1
9079,7749,51,0,3,5,0,25,53081,58,3,3,73.94,6.32,56.13,0,0
9080,9164,46,0,3,5,2,25,171630,60,19,21,72.77,10,100,1,1
9081,4029,44,1,6,3,0,20,82238,50,11,11,73.22,7.81,83.2,2,0
9082,3121,35,0,0,3,2,9,148683,53,5,65,82.01,8.63,90.29,1,1
9083,5460,49,1,1,0,2,22,171742,43,19,67,72.6,9.47,100,1,1
9084,6676,23,1,6,3,0,3,95629,52,21,48,96.12,9.92,100,1,1
9085,1649,34,0,3,2,0,14,97048,33,11,28,98.03,8.76,100,1,1
9086,3833,42,0,0,2,2,17,128573,54,12,71,98.31,8.65,100,1,1
9087,749,46,1,4,1,0,25,178060,30,20,40,74.42,10,100,1,1
9088,2494,48,1,3,3,2,27,145079,51,7,3,96.9,10,96.61,1,1
9089,9249,58,1,5,2,0,33,163370,50,5,16,85.37,10,100,1,1
9090,561,52,1,1,1,3,31,158543,41,15,57,95.33,10,100,1,1
9091,8912,57,0,1,1,0,34,90620,46,11,3,93.93,9.94,100,1,1
9092,7257,57,0,3,5,0,32,101391,44,1,35,83.71,8.38,88.54,1,1
9093,4754,44,0,1,3,2,20,178466,31,10,4,96.04,8.02,87.52,1,1
9094,7027,25,1,5,4,0,1,48826,36,3,67,98.36,4.9,58.99,0,0
9095,3075,23,1,2,1,0,3,169503,46,16,37,80.52,8.49,100,1,1
9096,8474,55,0,0,0,0,31,92124,48,2,48,86.58,9.84,100,1,1
9097,8303,24,1,4,4,1,1,72005,55,12,60,76.35,6.04,72.26,2,1
9098,9324,25,1,3,4,0,1,42149,38,3,52,86.09,6.57,59.42,0,0
9099,3415,55,0,2,5,2,30,157320,48,9,38,73.71,7.23,85.99,1,1
9100,7200,31,1,3,4,1,6,109088,43,24,12,79.16,9.6,100,1,1
9101,6739,35,1,6,0,0,15,167853,44,12,22,93.63,9.64,100,1,1
9102,8841,43,1,0,5,1,23,92621,33,1,47,79.57,7.65,81.02,2,1
9103,7113,40,0,0,4,0,16,160480,55,19,14,75.64,8.66,85.81,1,1
9104,5340,32,0,5,1,3,6,72049,39,7,50,92.86,8.19,80.88,2,0
9105,1886,34,1,3,1,2,8,176810,33,15,28,80.37,8.58,87.98,1,1
9106,5424,58,0,0,5,2,38,153742,32,17,48,76.93,10,100,1,1
9107,2835,43,0,4,4,3,23,153852,58,14,72,85.46,9.95,100,1,1
9108,5780,57,1,6,1,0,33,165168,32,22,27,83.72,7.72,100,1,1
9109,109,34,1,0,3,0,14,49645,34,4,7,82.71,4.1,46.25,3,0
9110,7711,38,0,2,2,0,18,100242,45,16,69,73.15,10,100,1,1
9111,1625,39,0,0,3,1,16,129296,43,23,35,76.32,10,100,1,1
9112,2833,48,1,5,3,2,22,98851,44,14,55,93.19,10,100,1,1
9113,7662,43,0,0,0,1,20,160600,58,12,75,77.22,9.18,100,1,1
9114,2350,45,1,6,3,0,20,119600,52,20,57,97.7,8.65,100,1,1
9115,7640,32,1,2,5,0,9,168385,58,24,10,86.18,9.38,100,1,1
9116,7594,36,0,0,1,0,13,73754,39,9,16,72.71,8.39,68.75,0,0
9117,1705,43,1,2,2,0,20,171140,36,16,19,71.2,6.9,89.12,1,1
9118,390,29,1,3,2,0,7,37395,51,3,27,70.96,4.71,53.24,3,0
9119,8867,24,1,3,2,2,1,100435,45,22,66,85.22,10,100,1,1
9120,1335,50,1,2,0,2,27,95535,44,20,12,71.2,10,100,1,1
9121,4169,22,1,4,4,1,1,62645,45,16,2,73.56,5.4,65.75,0,1
9122,5077,51,0,2,5,0,31,155658,55,9,58,80.55,9.41,100,1,1
9123,4116,54,1,4,0,2,29,141159,36,21,44,79.31,8.88,100,1,1
9124,3268,28,1,5,1,2,7,75368,60,7,3,96.09,9.6,74.04,2,1
9125,4532,36,1,2,4,1,13,166972,33,14,56,80.9,9.94,100,1,1
9126,8749,36,0,5,5,3,10,110306,59,20,6,99.55,9.06,90.95,1,1
9127,1109,54,0,4,4,0,33,173109,48,8,57,83.71,9.68,100,1,1
9128,2948,51,0,5,3,1,24,134317,34,22,72,72.3,8.97,100,1,1
9129,8033,58,0,6,4,1,37,127036,60,10,77,71.67,9.73,100,1,1
9130,3083,52,1,0,4,0,28,124359,45,24,10,98.6,10,100,1,1
9131,2718,27,0,3,5,0,7,163032,38,10,64,93.6,9.96,98.55,1,1
9132,2556,29,0,0,5,0,6,62364,35,10,76,93.87,9.07,72.97,2,1
9133,1965,35,1,4,2,0,10,90590,43,13,44,87.32,9.25,97.86,1,1
9134,8637,49,1,2,2,2,23,71211,47,12,31,80.31,7.39,77.25,2,0
9135,7945,42,0,2,5,0,16,172174,47,16,29,73.47,10,100,1,1
9136,1338,27,1,3,1,2,1,124546,57,17,73,95.89,10,100,1,1
9137,4463,42,0,6,1,0,21,151100,55,24,27,76.66,9.77,100,1,1
9138,3377,24,0,2,2,2,1,146299,35,24,9,95.22,8.75,100,1,1
9139,131,46,0,1,2,0,22,113234,42,14,67,90.77,8.87,100,1,1
9140,3978,24,0,4,3,2,1,149571,44,20,26,88.41,10,100,1,1
9141,7007,23,1,1,2,0,1,39258,51,8,15,86.95,7.97,53.74,3,0
9142,2784,45,1,4,5,0,24,93388,56,12,27,87.33,10,97.26,1,1
9143,7631,34,1,5,4,0,10,123803,35,11,57,80.33,10,97.29,1,1
9144,2610,47,0,3,5,2,24,125686,33,20,56,86.38,10,100,1,1
9145,9063,49,1,5,3,1,26,164660,45,7,65,87.98,9.48,100,1,1
9146,4993,38,0,2,3,0,17,119742,49,1,62,86.74,7.29,80.07,2,1
9147,4796,51,0,2,4,0,30,120265,44,24,36,81.34,9.05,100,1,1
9148,6991,27,0,0,3,1,2,123364,38,13,79,84.9,8.06,100,1,1
9149,2346,25,0,3,1,0,1,101312,40,17,36,73.32,10,91.43,1,1
9150,406,34,1,2,3,2,9,116954,55,8,57,78.2,5.13,77.18,2,1
9151,5778,52,0,5,4,2,28,127037,34,17,15,95.83,9.61,100,1,1
9152,3901,22,0,5,2,2,1,84985,52,5,52,99,6.65,72.1,2,1
9153,6483,45,1,6,3,2,25,116105,38,24,78,77.05,10,100,1,1
9154,1176,37,1,5,4,2,15,88792,59,3,68,93.38,7.48,82.55,2,1
9155,5947,26,0,5,3,2,3,162174,58,18,56,89.07,8.92,97.61,1,1
9156,7115,44,1,5,2,2,17,136773,51,9,33,70.47,10,87.01,1,1
9157,2630,52,0,5,1,0,29,157283,44,19,2,82.49,10,100,1,1
9158,5148,47,0,6,3,1,25,112517,30,15,27,74.16,10,100,1,1
9159,5980,35,1,1,2,2,13,96313,34,10,65,78.17,8.8,81.83,2,0
9160,1904,35,1,4,1,0,13,110262,37,8,69,87.41,9.39,92.48,1,1
9161,6447,32,1,3,1,1,7,98487,33,15,73,92.23,9.96,100,1,1
9162,6079,31,0,1,4,0,4,157678,43,23,22,90.65,10,100,1,1
9163,3748,29,0,3,0,2,7,131661,52,13,41,84.81,9.16,92.66,1,1
9164,5592,34,1,0,2,0,13,176015,44,12,39,81.75,10,96.8,1,1
9165,5531,25,1,5,4,0,2,72744,51,4,71,97.64,6.49,75.68,2,1
9166,1550,52,1,6,0,0,32,135061,51,8,50,83.77,8.56,100,1,1
9167,8107,44,0,5,3,0,17,177965,43,13,41,89.65,8.95,100,1,1
9168,3908,24,0,6,2,2,4,111606,57,20,42,99.32,8.57,100,1,1
9169,403,45,1,3,3,0,25,140261,38,22,14,72.39,8.97,100,1,1
9170,1831,24,0,2,4,2,4,40584,51,8,20,74.11,7.44,50.59,3,0
9171,4059,25,0,3,1,0,2,34301,49,3,28,83.77,7.08,53.84,3,0
9172,8721,44,1,5,5,1,21,130970,48,23,68,97.19,9.34,100,1,1
9173,3964,50,0,5,3,1,26,126688,30,15,7,84.2,7.93,94.13,1,1
9174,1261,52,0,0,0,0,26,149065,53,8,0,80.67,8.37,93.16,1,1
9175,2983,39,1,3,5,2,17,52025,32,10,24,87.66,6.46,63.94,0,0
9176,2431,25,1,4,3,0,1,65499,30,12,70,80.68,7.32,72.5,2,0
9177,900,52,0,1,0,2,25,154327,45,8,42,82.68,9.85,100,1,1
9178,2730,24,1,2,5,0,4,86787,32,12,11,75.52,9.81,83.63,2,1
9179,824,24,0,6,0,0,3,142877,48,7,48,98.6,9.07,86.57,1,1
9180,3921,26,0,2,4,0,5,159427,40,19,50,79.42,9.92,100,1,1
9181,8575,49,1,2,1,0,28,167937,39,4,40,79.74,9.67,89.49,1,1
9182,8504,33,0,4,5,0,7,101418,56,23,3,80.35,9.45,100,1,1
9183,8465,22,0,2,2,0,1,118940,51,6,69,80.24,8.05,72.22,2,0
9184,6769,35,0,2,1,2,13,56211,39,4,55,76.21,6.13,58.19,0,0
9185,7119,53,1,3,4,1,27,107050,47,6,69,82.91,9.35,90.44,1,1
9186,7808,36,0,4,3,2,14,163463,49,23,39,73.46,9.35,100,1,1
9187,787,44,0,4,1,0,22,175136,41,17,73,71.17,9.24,100,1,1
9188,6342,29,0,2,0,2,2,177911,55,20,76,80.17,9.65,100,1,1
9189,7678,35,1,5,3,2,12,119384,36,12,20,79.08,8.6,88.12,1,1
9190,8092,28,0,6,4,0,7,42738,60,4,66,97.54,7.08,68.9,0,0
9191,6530,56,1,6,4,2,31,166880,41,3,68,93.18,10,100,1,1
9192,7161,42,0,3,3,0,22,135160,59,14,58,84.82,9.19,97.39,1,1
9193,9043,55,0,1,2,2,28,105849,38,22,33,88.24,9.74,100,1,1
9194,6653,30,1,0,3,0,4,134535,35,17,23,96.08,9.71,100,1,1
9195,8165,53,0,1,5,1,27,135965,39,20,33,91.65,10,100,1,1
9196,2804,48,0,1,4,0,26,130852,56,19,48,79.68,10,100,1,1
9197,6673,56,0,0,1,2,35,121446,33,10,9,83.97,9.73,90.79,1,1
9198,8899,32,0,2,2,0,8,126507,40,16,71,83.79,9.16,96.26,1,1
9199,4642,23,1,1,1,0,1,37666,32,2,8,73.34,3.93,42.7,3,0
9200,7104,38,0,6,4,2,17,64094,60,7,39,81.55,6.52,80.89,2,0
9201,8868,39,0,5,5,0,13,144935,47,18,66,80.65,8.65,100,1,1
9202,1256,33,1,3,5,3,7,64440,53,5,11,79.19,7.15,68.28,0,0
9203,8467,46,0,5,0,0,26,127248,44,1,6,93.5,9.9,87.19,1,1
9204,7187,54,0,0,3,0,29,102008,36,22,62,86.84,9.93,100,1,1
9205,6961,32,1,5,3,0,7,54731,40,1,32,88.15,6.56,55.62,0,1
9206,38,22,0,4,2,2,1,144382,38,19,58,72.31,10,90.83,1,1
9207,7276,22,1,1,2,2,1,82967,59,15,26,87.98,8.63,79.32,2,1
9208,3809,22,0,1,3,2,2,63649,35,12,54,70.07,6.77,71.11,2,1
9209,4978,37,0,3,4,2,17,179667,56,18,45,95.71,8.15,100,1,1
9210,8187,46,0,6,1,0,25,147850,48,3,57,92.85,10,100,1,1
9211,5902,41,1,1,5,0,14,179782,43,9,42,79.38,9.45,95.43,1,1
9212,3821,43,0,6,2,0,22,163249,35,5,53,89.14,8.64,100,1,1
9213,8665,26,0,3,1,3,5,34492,37,6,3,89.59,3.02,44.17,3,0
9214,1483,56,1,1,5,0,35,118130,47,21,43,71.57,9.24,100,1,1
9215,1973,26,1,0,5,0,6,103453,31,18,16,98.28,7.61,90.59,1,1
9216,7915,34,0,0,3,2,7,39152,60,5,11,89.52,4.21,44.6,3,0
9217,6631,28,0,4,1,2,2,145947,41,17,30,84.19,8.75,94.62,1,1
9218,1816,58,0,5,1,1,38,121322,44,8,75,97.48,9.41,100,1,1
9219,9327,32,0,2,0,0,11,71308,30,7,78,99.33,8.31,82.15,2,0
9220,4419,54,0,6,4,1,31,67934,43,4,5,70.48,7.54,67.73,0,0
9221,6839,57,1,2,4,0,35,105265,56,15,70,81.43,10,100,1,1
9222,5158,58,1,4,5,0,34,152648,30,16,78,90.95,10,100,1,1
9223,7901,57,1,5,4,0,33,101748,35,19,43,90.96,9.28,100,1,1
9224,1573,31,1,1,3,1,9,103823,42,7,27,72.91,9.2,79.02,2,1
9225,2053,48,1,6,1,0,21,69616,38,1,22,86.7,9.36,84.07,2,1
9226,4155,35,1,3,3,0,8,173779,43,19,17,80.92,8.15,96.37,1,1
9227,2565,44,1,2,1,1,23,178980,35,9,65,93.93,10,100,1,1
9228,729,59,1,2,1,0,36,109971,53,16,27,95.08,10,100,1,1
9229,912,48,1,0,1,0,26,165448,59,3,61,74.65,10,94.11,1,1
9230,9172,57,1,1,0,1,37,157419,46,22,60,90.79,9.6,100,1,1
9231,4757,51,1,3,2,0,31,114728,51,14,68,96.85,9.78,100,1,1
9232,1200,49,1,2,1,0,29,104908,35,1,69,73.83,9.79,86.55,1,1
9233,8664,30,1,2,0,1,8,122014,47,13,34,99.07,10,97.92,1,1
9234,4485,57,0,3,2,1,31,63563,31,6,3,84.21,9.34,84.31,2,1
9235,202,34,1,6,4,2,9,70487,49,4,42,94.02,5.85,70.23,2,1
9236,4615,29,1,4,0,0,5,170196,51,17,3,73.78,8.17,89.52,1,1
9237,578,53,0,6,0,0,29,69647,56,1,15,95.13,6.44,77.15,2,1
9238,9001,37,0,5,2,0,11,164966,36,10,28,86.09,7.35,91.38,1,1
9239,1070,52,0,0,5,2,29,124004,53,13,42,74.56,10,100,1,1
9240,9314,31,0,4,1,2,11,108102,38,11,23,81.24,9.61,83.78,2,1
9241,5560,52,0,2,2,0,26,133653,40,17,78,84.62,10,100,1,1
9242,8458,49,0,4,0,2,25,120975,52,5,70,79.24,8.45,93.14,1,1
9243,6137,54,1,1,3,0,30,175972,53,16,30,72.21,9.79,100,1,1
9244,2376,40,1,3,4,2,15,91172,38,5,67,85.57,10,90.68,1,1
9245,3640,55,0,5,2,2,31,168515,50,4,73,75.48,9.83,100,1,1
9246,751,32,0,2,2,0,9,99728,36,15,15,93.47,9.17,83.45,2,0
9247,2602,50,1,6,5,0,30,147865,53,5,52,78.58,10,100,1,1
9248,8535,38,1,5,2,1,14,77910,52,17,6,70.17,7.76,84.07,2,0
9249,4656,47,1,0,1,0,25,106789,42,4,32,75,8.29,95.51,1,1
9250,2949,44,1,2,2,2,20,66790,32,1,3,91.42,6.6,69.83,0,0
9251,4481,47,1,2,1,2,21,176366,32,12,5,83.32,8.53,99.05,1,1
9252,4662,58,1,5,5,2,31,175989,39,23,69,73.87,8.5,100,1,1
9253,5033,28,0,0,3,2,2,51709,45,6,12,74.05,7.11,57.36,0,0
9254,3600,29,0,0,1,0,6,38300,31,2,16,92.57,7.17,48.24,3,0
9255,3857,29,0,3,4,0,6,101044,48,22,69,97.86,8.92,100,1,1
9256,5004,49,1,0,0,1,27,117453,58,19,75,73.24,10,100,1,1
9257,4108,40,0,3,0,0,18,101705,38,16,17,73.14,9.88,100,1,1
9258,1580,30,0,0,5,0,9,178490,49,22,12,82.48,10,100,1,1
9259,8986,57,0,0,3,3,31,144832,52,19,66,88.89,9.4,100,1,1
9260,4078,23,0,2,2,0,1,38061,31,1,48,93.88,3.1,40,3,0
9261,6909,34,1,2,5,2,10,154425,33,17,18,93.92,7.98,87.54,1,1
9262,7716,39,1,0,1,3,15,91494,39,3,16,93.5,9.06,82.55,2,1
9263,5464,34,0,6,4,0,9,79020,45,10,3,73.08,6.79,76.18,2,0
9264,9326,37,0,4,3,0,15,124941,30,17,57,78.13,9.96,100,1,1
9265,7963,38,0,4,5,1,13,76014,33,7,49,87.6,9.55,81.84,2,1
9266,7180,52,1,2,1,2,26,154205,31,7,71,82.72,10,98.51,1,1
9267,8178,46,1,0,2,2,22,154265,58,22,14,86.39,8.67,94.65,1,1
9268,3904,22,1,5,2,1,1,177339,37,19,77,94.51,9.09,100,1,1
9269,7684,22,0,4,3,1,2,36404,41,2,50,71.57,4.73,48.41,3,0
9270,837,35,0,0,1,0,12,64468,59,17,11,75.71,5.12,63.55,0,0
9271,974,53,1,5,4,3,28,100561,57,7,61,79.58,7.93,87.89,1,1
9272,9214,39,0,4,1,2,13,168999,48,21,77,94.25,9.47,100,1,1
9273,1790,34,0,2,4,1,9,129801,37,18,61,81.66,10,100,1,1
9274,5624,59,1,5,1,0,39,139119,57,23,66,84.44,9.91,100,1,1
9275,7510,52,0,2,2,0,31,116712,51,15,42,88.58,10,100,1,1
9276,3631,39,0,4,3,3,17,83546,49,11,58,70.14,9.16,84.27,2,0
9277,2579,44,1,0,2,2,22,169189,34,12,19,82.95,10,95.43,1,1
9278,3970,57,0,3,1,3,34,169060,58,19,38,90.66,10,100,1,1
9279,8967,41,0,1,3,0,18,175762,30,2,68,98.97,9.86,89.04,1,1
9280,7840,36,0,5,0,2,11,117847,52,19,9,75.7,9.83,95.64,1,1
9281,6699,50,1,0,0,3,29,137271,59,14,49,78.89,9.99,100,1,1
9282,8359,25,1,5,5,0,5,113870,57,11,8,90.21,8.27,72.75,2,0
9283,2532,42,0,1,1,0,15,67193,30,12,1,71.01,8.5,71.13,2,0
9284,2075,31,1,0,0,0,7,141656,43,16,43,86.24,10,100,1,1
9285,2277,24,1,0,4,0,1,32715,35,2,27,97.01,4.85,45.34,3,0
9286,8808,42,0,4,2,1,21,112710,57,19,3,90.7,10,100,1,1
9287,4311,41,1,5,0,2,20,131998,51,12,60,89.44,10,100,1,1
9288,1675,34,0,3,2,1,9,154333,48,14,47,74.25,9.41,100,1,1
9289,2275,41,0,0,3,0,16,91066,56,8,25,89.34,7.24,76.79,2,1
9290,8553,36,1,3,5,2,10,179723,44,21,7,99.58,9.43,100,1,1
9291,5754,31,0,0,3,0,5,158956,34,19,23,97.12,9.5,100,1,1
9292,3513,54,0,1,3,0,33,147191,47,16,32,78.3,10,100,1,1
9293,5194,45,1,1,4,2,19,71711,59,14,31,73.83,8.51,80.02,2,0
9294,6940,40,0,0,0,0,16,179967,40,9,66,83.09,10,100,1,1
9295,7647,48,0,2,1,0,25,162640,52,14,57,90.98,9.96,100,1,1
9296,1126,40,1,2,1,3,16,77736,54,9,34,72.16,7.03,71.54,2,1
9297,8823,40,0,2,2,0,18,51658,43,1,55,79.91,7.97,69.06,0,0
9298,1102,55,0,0,5,0,30,96127,60,4,66,90.09,8.04,91.79,1,1
9299,7285,26,1,2,3,2,3,169725,52,19,28,89.12,10,100,1,1
9300,4619,51,0,5,5,1,31,138104,34,17,64,81.71,10,100,1,1
9301,8161,42,1,6,5,2,16,166884,59,24,20,90.64,10,100,1,1
9302,4901,43,1,2,3,0,17,170394,52,22,7,79.9,9.13,100,1,1
9303,7124,59,1,0,5,1,33,113031,45,12,21,86.16,10,100,1,1
9304,4023,38,1,6,0,3,14,150389,55,24,16,96.2,10,100,1,1
9305,3998,39,1,2,4,3,16,99842,46,20,68,76.3,10,100,1,1
9306,2289,53,1,4,3,2,33,103065,34,16,29,79.56,9.83,100,1,1
9307,5232,54,1,1,3,2,33,109667,41,6,31,83.82,9.97,98.4,1,1
9308,5050,38,1,3,1,2,12,172647,41,24,4,72.06,9.57,100,1,1
9309,7310,40,0,3,1,0,15,129086,33,7,57,91.23,8.72,87,1,1
9310,7042,50,1,5,1,1,26,74073,60,1,38,82.74,6.44,62.69,0,1
9311,365,53,0,5,2,0,29,104093,38,17,37,71.88,10,100,1,1
9312,7717,29,1,3,0,2,3,166966,53,24,8,88.54,10,100,1,1
9313,1548,35,1,0,1,0,11,94781,50,24,42,80.91,10,100,1,1
9314,6980,48,1,6,5,0,23,94730,49,3,50,75.71,8.09,78.85,2,1
9315,4158,42,0,3,4,0,17,176352,41,11,7,98.02,9.81,98.02,1,1
9316,6160,35,0,1,2,2,14,51331,55,3,67,82.14,7.38,66.1,0,0
9317,3443,38,1,1,3,2,14,99555,42,5,40,76.76,6.88,78.81,2,1
9318,2288,24,0,1,5,0,1,177434,41,24,49,77.97,10,100,1,1
9319,1822,39,1,1,4,3,17,169877,55,8,73,91.71,9.79,100,1,1
9320,975,55,1,0,2,3,28,96162,47,9,40,97.11,10,100,1,1
9321,5176,36,1,5,0,0,9,90659,46,2,41,90.1,9.93,83.39,2,0
9322,7885,41,1,3,3,2,15,177480,52,14,53,93.82,9.57,100,1,1
9323,4109,22,1,0,1,3,1,174400,60,22,30,81.2,9.29,97.99,1,1
9324,5936,37,0,4,1,0,12,165390,37,12,66,87.79,9.5,100,1,1
9325,8499,59,0,6,0,0,36,155475,31,8,55,80.79,10,100,1,1
9326,8645,24,1,4,4,0,1,55574,59,8,1,93.53,4.73,55.02,0,0
9327,515,28,0,6,4,0,5,135311,51,8,70,87.75,6.39,85.31,1,1
9328,8508,36,0,0,5,1,15,113466,45,7,71,95.98,10,98.46,1,1
9329,712,53,1,5,5,0,31,138241,54,18,47,74.32,8.98,100,1,1
9330,175,27,1,5,2,2,1,68600,54,7,50,84.03,8.43,75.56,2,0
9331,6485,51,0,6,0,2,30,128949,39,19,40,97.17,9.73,100,1,1
9332,1389,51,0,0,3,0,27,98866,45,11,10,86.55,8.41,100,1,1
9333,1306,46,1,1,4,0,25,91989,39,1,3,99.33,8.26,82.96,2,1
9334,2962,29,1,5,2,2,9,161466,37,24,60,80.33,9.48,100,1,1
9335,180,34,1,3,2,3,10,162288,36,9,73,82.68,9.57,93.77,1,1
9336,141,37,1,1,2,0,11,62851,36,6,79,83,8.33,82.07,2,1
9337,7116,55,1,6,1,0,34,108554,54,11,61,84.23,10,100,1,1
9338,264,44,1,4,5,2,22,159153,48,19,16,87.4,10,100,1,1
9339,4459,43,1,3,3,0,21,159675,59,2,61,81.25,9.45,85.71,1,1
9340,19,55,1,4,2,0,33,136662,51,3,64,84.71,9.59,100,1,1
9341,2403,30,1,5,0,2,10,94577,59,9,42,84.97,9.28,85.08,1,1
9342,5216,37,0,3,1,0,17,110622,35,19,19,78.55,10,100,1,1
9343,7140,55,0,1,5,2,33,156197,52,16,63,82.5,10,100,1,1
9344,7261,35,1,5,2,0,11,167771,43,23,18,82.16,8.53,100,1,1
9345,5368,54,1,1,0,2,34,151601,40,11,70,92.6,9.44,100,1,1
9346,936,29,0,0,2,0,2,123619,43,19,62,87.74,10,100,1,1
9347,2253,36,0,1,2,2,16,157142,41,14,4,90.55,9.77,100,1,1
9348,57,45,0,1,5,0,20,41230,33,10,3,89.75,6.81,66.81,0,0
9349,9023,39,0,2,0,0,13,171872,58,11,49,90.25,9.55,100,1,1
9350,4575,54,1,3,3,0,28,130702,35,24,20,72.89,10,100,1,1
9351,1943,22,1,0,3,0,1,146105,44,18,52,87.88,8.88,100,1,1
9352,3359,59,0,6,4,0,32,158749,40,24,13,76.5,10,100,1,1
9353,320,26,0,6,5,2,1,67250,34,3,48,90.92,6.52,67.39,0,0
9354,3962,31,1,5,2,2,4,64184,30,24,21,72.76,9.64,81.71,2,1
9355,4165,38,0,0,5,2,11,82399,46,2,71,72.53,6.74,73.09,2,0
9356,8587,59,1,5,4,0,38,119273,35,20,38,74.8,10,100,1,1
9357,6151,31,0,2,3,2,5,117945,39,1,50,95.84,6.89,71.11,2,1
9358,7670,35,0,2,4,0,12,47211,48,3,61,76.21,5.96,60.32,0,0
9359,3843,43,1,4,1,0,17,159726,47,19,68,83.45,10,100,1,1
9360,6488,38,1,2,0,0,15,57150,60,2,44,70.37,5.52,55.35,0,1
9361,5640,54,0,4,3,2,30,126905,38,5,13,99.22,8.9,87.98,1,1
9362,7702,58,1,6,1,3,32,129800,39,9,45,79.17,9.23,98.32,1,1
9363,8068,36,1,6,3,0,14,164583,52,19,33,74.18,10,100,1,1
9364,8273,46,1,6,5,1,24,90239,46,8,56,77.31,8.87,97.34,1,1
9365,7540,50,1,2,4,0,24,130821,56,19,66,88.35,10,100,1,1
9366,3526,44,0,5,3,1,18,173949,51,9,28,88.17,10,93.87,1,1
9367,8583,36,0,4,3,2,14,166277,37,24,42,91.68,10,100,1,1
9368,2198,58,1,2,1,1,36,169812,36,18,4,71.57,9.29,100,1,1
9369,5811,44,0,0,4,0,18,130231,41,6,76,89.26,10,100,1,1
9370,4349,40,1,5,4,0,13,177659,44,18,42,72,10,100,1,1
9371,1116,23,0,4,0,1,1,42894,36,1,35,94.75,4.74,51.42,3,0
9372,7496,49,0,4,4,2,24,107640,45,8,8,82.36,10,98.38,1,1
9373,5211,38,1,5,2,0,16,114652,42,5,16,78.34,6.18,73.57,2,1
9374,794,32,1,3,0,0,10,42270,31,5,50,89.33,5.04,64.99,0,0
9375,6974,54,1,3,3,0,30,147722,56,15,12,96.73,10,100,1,1
9376,7875,35,1,3,0,0,10,130456,34,21,76,97.9,8.67,100,1,1
9377,3768,55,0,1,0,2,32,107128,52,13,3,90.43,10,100,1,1
9378,1899,41,0,5,5,2,15,46438,50,6,16,72.66,6.92,69.5,0,0
9379,5350,23,0,0,0,0,1,105386,50,19,78,71.46,9.2,99.11,1,1
9380,7796,24,1,3,4,2,3,31617,30,4,14,86.05,4.4,47.91,3,0
9381,1582,23,1,6,4,2,1,31523,48,2,0,85.43,4.55,45.99,3,0
9382,8364,35,1,6,2,0,11,131852,51,13,74,92.61,9.54,100,1,1
9383,2891,41,0,1,0,2,15,93639,56,13,51,86.44,9.63,91.79,1,1
9384,3208,35,1,0,1,0,13,128057,58,21,18,74.85,8.79,91.36,1,1
9385,8793,52,0,2,1,3,31,93708,60,1,16,88.76,7.7,74.62,2,0
9386,3432,49,0,5,1,1,28,133019,47,1,75,81.87,9.18,95.73,1,1
9387,2375,42,1,1,2,2,21,147353,32,15,49,89.47,10,100,1,1
9388,5967,32,1,6,2,0,6,109249,60,17,22,74.29,8.43,71.07,2,0
9389,9232,36,1,2,1,0,9,54919,34,6,28,80.87,5.76,65.08,0,0
9390,319,45,1,0,2,2,18,177977,52,22,46,79.6,8.75,100,1,1
9391,5680,38,0,3,5,2,15,160173,36,12,75,79.23,9.16,100,1,1
9392,5903,58,1,5,5,0,36,166747,45,22,35,99.93,10,100,1,1
9393,2612,58,1,2,2,0,37,118920,45,21,10,90.61,10,100,1,1
9394,5776,53,1,4,5,0,28,132904,42,15,64,81.64,9.55,100,1,1
9395,7010,31,1,1,5,2,4,121422,42,7,54,96.95,6.91,85.13,1,1
9396,5463,44,0,6,5,2,21,87928,30,2,44,84.9,5.71,70.57,2,1
9397,1019,27,1,4,2,2,1,48545,51,4,6,81.29,5.69,48.35,3,0
9398,1929,52,1,0,3,0,30,63935,30,7,7,70.44,8.76,67,0,0
9399,6629,55,0,6,0,2,33,108299,56,18,0,94.45,10,100,1,1
9400,646,34,0,1,4,1,14,61418,33,3,77,75.38,9.34,83.91,2,1
9401,3858,51,0,0,5,2,26,103784,33,5,15,99.15,10,81.15,2,0
9402,5243,39,0,5,3,0,12,99246,55,23,63,75.25,10,100,1,1
9403,364,40,0,4,4,1,15,123753,60,22,49,84.25,9.95,100,1,1
9404,382,44,0,1,3,2,20,121362,37,15,11,72.31,8.42,89.8,1,1
9405,4241,44,1,1,3,0,23,131996,36,2,28,93.02,6.59,87.21,1,1
9406,5481,37,0,2,4,2,13,167882,44,11,10,93.12,9.06,93.36,1,1
9407,5371,56,1,0,5,2,34,113593,34,7,66,86.31,8.49,100,1,1
9408,4099,44,0,3,2,2,20,43543,60,6,0,88.48,5.52,65.56,0,0
9409,1540,30,1,0,1,0,6,175525,47,19,31,88.01,10,100,1,1
9410,4888,52,0,2,2,2,32,82555,48,4,5,89.32,9.6,81.29,2,0
9411,5495,43,0,0,3,0,18,79089,41,7,17,70.05,9.9,83.22,2,0
9412,4012,25,1,3,2,0,1,61980,38,11,79,83.71,8.92,84.24,2,0
9413,6379,32,1,3,0,2,9,40074,52,1,18,71.44,5.32,46.59,3,0
9414,6385,38,0,1,2,0,16,101080,44,7,45,80.52,7.09,79.88,2,1
9415,2799,22,0,4,1,1,1,98459,54,13,13,87.89,6.38,76.36,2,0
9416,8696,26,0,0,0,0,4,65800,60,18,43,90.6,7.8,84.22,2,1
9417,9105,35,1,6,2,2,14,147886,45,11,1,90.39,9.51,90.79,1,1
9418,6579,34,1,3,2,0,10,76131,49,8,44,70.92,7.31,67.61,0,0
9419,8997,29,1,6,4,1,9,134080,48,21,34,71.73,10,90.16,1,1
9420,7777,23,0,5,3,0,1,38540,32,2,37,81.61,4.2,40.39,3,0
9421,1598,31,1,0,2,0,8,118856,38,23,49,79.48,10,100,1,1
9422,1208,27,0,5,2,0,3,73186,47,2,76,87.85,7.7,84.37,2,1
9423,263,57,0,5,2,2,37,110988,60,6,15,75.08,10,91.37,1,1
9424,2583,30,0,5,0,0,5,52909,50,1,36,89,7.25,61.63,0,1
9425,8955,40,1,0,0,0,14,91912,35,7,28,83.44,5.22,73.58,2,0
9426,13,23,0,4,3,0,3,69060,37,15,50,96.07,7.33,84.45,2,0
9427,4932,39,0,6,3,1,18,107166,45,12,5,73.44,8.19,83.34,2,0
9428,7023,28,0,2,4,3,6,119262,34,12,75,84.98,8.16,100,1,1
9429,465,38,1,4,1,0,13,125911,35,20,25,80.22,10,100,1,1
9430,3397,49,0,3,2,0,27,133731,48,16,31,77.39,10,100,1,1
9431,8217,35,0,0,4,2,12,113696,46,10,60,97.26,8.95,95.39,1,1
9432,1564,45,1,0,2,0,25,107814,48,12,31,83.68,9.4,100,1,1
9433,9155,28,0,5,5,0,5,93536,36,20,77,70.9,9.88,100,1,1
9434,4384,35,0,1,0,1,15,102956,32,10,42,88.88,6.96,70.01,2,1
9435,4053,54,0,4,5,2,32,129216,52,7,14,99.88,9.13,100,1,1
9436,7061,44,0,1,4,2,18,118814,60,14,32,72.17,8.91,95.93,1,1
9437,1694,52,0,2,1,0,31,165917,47,20,65,93.6,10,100,1,1
9438,5199,58,0,0,3,0,38,134964,53,23,77,92.48,9.53,100,1,1
9439,8172,26,0,3,5,2,5,70371,56,7,59,85.47,8.85,75.21,2,1
9440,3781,37,1,0,0,0,10,59795,40,1,20,90.03,8.52,63.05,0,0
9441,4587,30,1,2,2,2,8,35843,32,4,6,88.06,3.88,47.65,3,0
9442,292,25,0,3,1,2,1,77696,57,5,31,96.88,6.28,63.58,0,0
9443,1158,41,0,3,3,0,19,127093,30,22,30,84.42,10,100,1,1
9444,2474,28,1,4,0,1,4,97093,36,10,36,89.87,10,84.57,2,0
9445,813,52,1,2,1,2,31,162585,53,21,65,75.04,8.88,100,1,1
9446,3633,32,1,6,1,1,7,107262,57,18,51,84.75,9.93,100,1,1
9447,2360,48,0,6,2,1,26,90598,47,5,9,88.34,8.16,74.71,2,1
9448,5982,39,0,1,4,3,14,130073,52,13,23,85.34,10,90.72,1,1
9449,4107,39,0,2,4,1,17,98674,58,18,66,82.72,10,100,1,1
9450,881,31,0,1,3,2,9,42693,54,1,12,72.06,6.22,46.87,3,0
9451,9059,38,1,4,2,0,17,142694,31,16,38,95.99,9.76,100,1,1
9452,1740,31,0,2,1,0,8,159122,34,12,25,95.48,9.3,86.48,1,1
9453,3233,50,0,6,4,2,25,91555,42,4,5,75.53,9.4,85.47,1,1
9454,5787,29,0,3,0,2,7,152524,50,20,74,90.77,9.51,100,1,1
9455,2310,38,1,4,0,2,13,51533,55,7,11,71.41,6.01,58.66,0,0
9456,8954,24,1,5,4,2,1,83048,60,13,6,83.14,8.61,80.37,2,1
9457,882,28,0,5,0,0,1,93226,37,13,5,90.27,7.82,81.5,2,0
9458,2656,25,0,3,4,0,4,134269,32,23,45,83.25,9.25,100,1,1
9459,3007,56,1,0,3,2,34,150363,42,21,71,80.42,10,100,1,1
9460,8322,52,0,5,3,2,27,144989,49,18,28,96.34,9.91,100,1,1
9461,8318,47,0,3,0,2,22,158968,55,4,56,96.28,8.64,89.67,1,1
9462,6252,40,1,0,0,1,16,112335,56,6,20,87.66,5.09,71.07,2,1
9463,8266,31,0,2,4,0,10,74970,30,4,12,96.02,5.11,63.79,0,1
9464,1969,33,0,5,1,0,10,93011,36,19,12,70.87,6.89,90.09,1,1
9465,4307,49,1,1,5,2,23,102006,46,12,65,85.15,10,100,1,1
9466,7560,56,0,4,0,0,35,119841,47,14,69,98.45,9.08,100,1,1
9467,1341,23,1,4,4,0,2,125057,52,13,55,88.57,7.6,85.69,1,1
9468,7422,43,0,0,5,2,21,164037,53,9,10,93.62,8.58,90.74,1,1
9469,207,34,1,5,2,1,7,130995,53,14,55,91.82,10,93.97,1,1
9470,6736,22,0,6,4,2,1,164155,43,10,70,95.3,9.61,97.16,1,1
9471,5417,41,1,4,4,1,17,174820,49,17,59,94.55,8.46,100,1,1
9472,2677,22,1,1,2,0,1,77779,49,3,49,80.48,9.53,74.2,2,0
9473,9175,41,1,1,3,1,19,94004,44,8,33,73.62,7.48,82.27,2,1
9474,1435,52,0,1,0,1,27,120399,54,18,57,89.45,10,100,1,1
9475,7992,35,1,2,3,1,13,71256,31,4,38,88.93,5.39,67.05,0,0
9476,2947,29,0,2,0,0,2,65412,56,12,53,94.7,7.72,76.64,2,1
9477,1906,48,1,5,4,0,22,134088,47,19,55,76.98,10,100,1,1
9478,7934,52,1,6,3,0,28,156999,55,5,18,88.01,10,95.98,1,1
9479,1887,50,1,0,2,0,28,167455,40,19,49,99.94,10,100,1,1
9480,67,47,0,5,5,3,26,146024,58,8,23,88.88,9.89,92.39,1,1
9481,4917,59,0,5,3,1,33,158198,45,23,3,88.56,9.94,100,1,1
9482,1977,24,1,3,0,0,1,113684,43,10,33,88.4,8.15,81.52,2,1
9483,601,22,1,2,5,2,1,144922,58,21,6,98.51,10,100,1,1
9484,5254,41,0,4,5,0,18,172998,32,9,44,87.86,9.81,100,1,1
9485,3829,52,0,6,2,2,27,141361,44,19,29,81.33,9.97,100,1,1
9486,6786,55,0,6,2,1,33,157801,30,5,49,82.02,9.76,93.61,1,1
9487,1944,55,0,2,2,0,33,126561,34,22,49,75.19,10,100,1,1
9488,6678,37,1,0,2,0,16,177118,39,9,38,94.22,10,99.39,1,1
9489,2514,30,1,6,0,2,10,167956,50,8,64,80.01,8.82,88.04,1,1
9490,843,49,1,1,4,0,26,142653,52,11,13,85.2,10,100,1,1
9491,2993,54,0,1,4,0,33,94128,47,22,44,87.82,10,100,1,1
9492,7303,43,1,5,0,0,19,107010,35,22,69,74.21,8.03,100,1,1
9493,591,26,1,3,1,2,1,46948,44,8,30,92.83,6.51,67.16,0,0
9494,1364,40,0,4,4,2,20,74403,57,11,33,76.23,6.23,80.01,2,1
9495,2115,44,0,5,5,2,19,81307,49,3,18,87.65,8.42,80.69,2,1
9496,3636,27,0,0,5,2,6,85009,30,19,21,70.39,8.2,76.49,2,1
9497,1382,47,1,3,3,2,27,92756,58,23,23,70.27,9.15,100,1,1
9498,8099,41,0,3,4,1,19,169672,45,22,2,96.4,10,100,1,1
9499,3847,37,1,5,5,0,15,83814,46,1,47,77.08,5.93,71.63,2,0
9500,3556,47,0,2,5,0,20,161551,54,24,37,79.22,8.65,100,1,1
9501,899,27,1,2,5,0,3,135743,31,17,68,73.3,10,100,1,1
9502,9094,27,1,2,0,0,7,142701,49,19,61,83.02,10,100,1,1
9503,1510,52,0,0,0,2,32,175994,41,3,67,96.54,10,100,1,1
9504,7621,54,0,1,2,0,27,108548,33,7,34,83.4,10,85.44,1,1
9505,3815,42,1,4,0,2,19,55539,58,10,6,88.65,5.41,67.78,0,0
9506,3727,45,1,1,4,0,25,159913,55,10,79,92.48,10,100,1,1
9507,1170,40,1,6,5,0,19,166514,60,19,13,73.33,9.65,100,1,1
9508,5303,57,0,2,3,0,31,150255,46,17,5,94.07,10,100,1,1
9509,7526,24,0,0,3,2,1,127148,32,19,39,93.65,9.15,92.2,1,1
9510,825,24,0,5,4,0,1,60240,42,3,17,71.27,6.24,62.06,0,0
9511,9255,57,0,4,3,0,30,151250,35,15,68,75.52,9.79,100,1,1
9512,4409,55,0,4,5,0,32,145341,32,19,0,88.33,10,100,1,1
9513,6645,46,1,4,3,1,24,115932,40,3,16,86.44,7.83,90.11,1,1
9514,3236,42,1,6,1,0,21,162285,41,19,4,90.66,10,100,1,1
9515,6232,42,1,6,0,0,20,78944,32,11,24,92.34,10,78.54,2,1
9516,1918,28,0,4,2,2,8,93817,60,16,17,76.25,7.18,73.28,2,0
9517,2093,53,0,0,0,0,29,160517,59,11,45,99.02,10,100,1,1
9518,722,48,0,6,2,1,26,117934,36,24,0,84.87,9.79,100,1,1
9519,8431,24,0,1,0,0,1,67202,36,12,53,89.41,6.35,73.13,2,1
9520,4763,50,1,1,1,0,30,132921,46,2,16,95.11,8.29,86.07,1,1
9521,526,33,1,0,5,1,13,124805,55,14,45,76.6,8.89,92.1,1,1
9522,938,59,1,6,2,2,34,167641,38,13,76,97.6,9.32,100,1,1
9523,5202,35,1,6,5,1,13,149231,36,11,26,90.7,8.39,89.12,1,1
9524,5100,32,1,4,4,0,7,119341,51,10,29,72.18,7.44,70.5,2,1
9525,6705,45,1,3,4,2,21,122962,44,15,56,99.23,8.91,100,1,1
9526,2651,47,1,3,1,2,21,151048,35,7,46,83.27,9.63,87.75,1,1
9527,4681,58,1,4,0,2,35,175848,35,7,9,83.34,8.92,91.87,1,1
9528,5801,54,1,4,3,1,27,92700,32,19,50,88.05,10,100,1,1
9529,6234,50,0,5,3,2,26,72994,48,2,39,75.99,7.64,78.98,2,0
9530,1570,41,1,4,0,0,20,77009,57,6,7,76.08,7.12,66.7,0,1
9531,5254,32,1,1,4,0,10,152672,51,21,54,91.75,10,100,1,1
9532,5319,41,0,0,2,0,14,169318,32,13,76,83.06,8.8,100,1,1
9533,3571,30,0,6,2,2,5,150773,50,12,68,99.42,10,100,1,1
9534,2678,39,0,3,3,0,14,154033,45,10,37,98.48,7.02,92.52,1,1
9535,7909,36,0,4,5,0,11,97504,59,5,65,75.26,8.08,71.84,2,0
9536,1629,40,0,6,3,2,20,92420,57,22,35,87.41,10,100,1,1
9537,5082,30,0,4,3,2,6,81826,42,11,59,70.51,8.1,78.18,2,1
9538,7476,47,1,5,3,0,27,111100,60,19,39,99.33,8.9,100,1,1
9539,4086,36,0,6,3,2,12,103659,46,1,62,97.71,9.4,87.35,1,1
9540,5782,57,0,0,4,0,33,147359,56,4,11,72.44,10,87.08,1,1
9541,8655,29,0,2,0,1,8,50294,44,10,21,78.38,7.7,69.4,0,0
9542,1348,23,0,0,2,1,1,114153,33,18,9,97.56,8.14,96.6,1,1
9543,8133,33,0,3,4,1,11,78830,42,3,3,95.01,6.05,62.71,0,0
9544,1156,38,1,6,1,3,18,175904,49,6,49,95.61,10,90.41,1,1
9545,4414,43,0,5,4,0,21,128505,57,9,45,96.06,8.77,98.48,1,1
9546,1076,57,0,4,4,2,33,106770,56,5,64,84.24,7.98,98.95,1,1
9547,1815,33,0,0,1,2,13,136825,57,15,19,99.19,10,93.04,1,1
9548,9373,51,0,6,4,2,29,79130,49,4,19,87.27,7.11,69.74,0,0
9549,4372,53,1,5,4,0,27,138778,38,19,50,80.37,10,100,1,1
9550,1746,36,1,2,0,2,11,77435,35,12,51,80.34,6.2,73.15,2,1
9551,4818,48,0,4,4,0,21,146766,48,13,16,98.29,10,100,1,1
9552,6297,43,0,3,1,1,17,128010,38,19,14,92.35,10,100,1,1
9553,4290,46,1,6,3,0,20,103764,46,7,48,79.17,8,93.98,1,1
9554,5666,54,0,5,1,0,28,112295,52,12,0,84.42,8.81,89.74,1,1
9555,6516,53,0,4,0,1,32,120948,51,16,14,96.42,9.78,100,1,1
9556,419,47,1,2,1,0,23,148221,31,21,6,81.38,10,100,1,1
9557,4149,57,1,0,1,2,37,113350,52,3,38,97.81,10,100,1,1
9558,3436,26,0,2,0,2,5,118733,55,8,22,97.9,7.71,81.05,2,0
9559,3587,53,0,0,1,2,33,149210,51,19,10,86.72,10,100,1,1
9560,5161,27,1,4,1,2,7,179987,56,10,73,87.94,8.51,92.24,1,1
9561,5603,56,1,0,0,0,32,179990,47,17,57,76.12,9.01,100,1,1
9562,517,25,1,2,2,3,3,59598,57,18,5,75.25,7.54,67.48,0,0
9563,4903,29,0,6,2,2,9,84755,33,8,77,95.73,7.1,73.77,2,1
9564,8073,32,0,2,1,2,5,104771,49,18,61,76.88,10,100,1,1
9565,9201,24,0,0,4,2,1,69503,40,7,55,70.55,6.56,67.8,0,0
9566,5628,40,0,1,4,0,14,162225,33,10,48,95.59,9.35,86.51,1,1
9567,4163,59,0,0,3,1,38,134707,40,18,29,97.68,10,100,1,1
9568,8593,55,0,1,3,0,33,108714,50,21,24,79.83,9.03,100,1,1
9569,4362,25,1,0,5,1,2,46934,31,3,50,80.65,3.11,52.56,3,0
9570,6594,28,0,3,0,0,8,95318,44,17,25,94.7,10,100,1,1
9571,6761,26,1,5,1,1,3,93586,38,24,13,77.07,10,95.98,1,1
9572,7524,31,0,2,4,2,7,118059,47,2,77,78.6,7.43,78.03,2,0
9573,5435,57,0,6,2,3,31,164296,39,11,13,98.11,10,100,1,1
9574,3015,51,1,1,1,2,25,80910,53,3,41,94.14,8.42,74.75,2,1
9575,9245,58,1,1,0,2,32,109476,59,16,12,73.82,10,100,1,1
9576,4397,48,0,3,1,2,22,73699,32,1,43,79.65,6.44,68.42,0,0
9577,6002,38,0,3,3,0,13,141286,45,12,43,80.46,9.98,86.18,1,1
9578,7739,53,1,0,2,1,30,134106,43,22,5,87.86,9.49,100,1,1
9579,4834,49,1,0,4,2,23,117950,50,2,20,99.07,7,77.98,2,1
9580,2953,58,0,2,2,0,35,164416,38,3,25,84.68,9.2,93.36,1,1
9581,1213,59,1,6,3,2,37,143359,54,14,14,97.2,10,100,1,1
9582,4361,35,1,0,2,0,11,106514,33,16,59,77.11,10,99.8,1,1
9583,1787,41,1,5,0,0,17,90278,55,16,39,95.92,9.03,100,1,1
9584,81,43,1,0,3,1,20,123330,51,22,10,95.74,8.73,100,1,1
9585,7410,30,1,3,0,1,4,65993,56,5,15,94.86,5.29,61.48,0,0
9586,1509,51,0,2,5,2,28,129352,52,11,24,75.41,10,100,1,1
9587,550,30,1,1,3,0,6,97430,54,23,67,81.37,8.86,100,1,1
9588,5872,58,0,2,1,2,38,136111,56,21,33,70.72,10,100,1,1
9589,872,59,0,1,4,0,34,104497,30,5,21,96.28,10,91.01,1,1
9590,1775,26,0,0,1,0,1,39408,38,4,2,79.81,3.34,40,3,0
9591,6360,45,0,3,4,1,23,139949,43,4,66,88.93,8.81,89.53,1,1
9592,3584,56,0,0,0,0,31,101059,51,17,16,87.27,9.79,100,1,1
9593,5201,27,1,1,5,0,5,91843,53,22,13,71.54,7.05,84.38,2,0
9594,5466,22,1,1,0,2,1,40536,47,3,49,83.8,8,60.58,0,0
9595,4634,46,0,4,0,2,20,92299,41,22,44,87.69,7.97,100,1,1
9596,1717,22,1,1,0,1,1,143251,33,15,60,98.39,9.45,94.25,1,1
9597,1994,43,0,2,3,2,22,91001,37,14,73,92.72,9.28,100,1,1
9598,3135,50,0,1,3,2,26,91349,33,23,30,92.79,10,100,1,1
9599,8296,44,1,0,3,0,20,172647,33,6,16,99.78,7.02,93.79,1,1
9600,6996,37,1,1,2,1,17,108266,38,23,48,95.13,8.47,100,1,1
9601,8633,58,0,4,5,2,34,131525,55,11,24,77.23,9.28,98.36,1,1
9602,4678,43,0,3,0,0,18,82649,31,15,4,74.93,10,83.59,2,1
9603,1078,52,1,5,5,0,29,171479,54,4,70,85.47,10,100,1,1
9604,5338,29,0,3,0,1,6,169450,33,21,60,89.18,9.39,98.46,1,1
9605,3309,41,1,2,4,0,15,164344,41,23,40,70.17,10,100,1,1
9606,4785,54,0,4,0,1,28,112790,49,12,15,79.33,8.52,100,1,1
9607,7636,47,0,6,5,0,23,136867,55,8,75,92.02,10,99.69,1,1
9608,6548,23,1,5,0,0,1,49570,45,1,47,81.03,5.65,54.44,3,0
9609,7096,51,0,0,4,2,31,151495,35,15,8,90.42,10,100,1,1
9610,2444,36,1,0,4,1,16,68907,43,4,47,87.77,7.37,82.15,2,0
9611,2364,30,1,2,5,0,6,104293,56,22,39,91.38,9.69,100,1,1
9612,7055,33,0,4,4,0,8,83576,49,7,65,70.88,7.8,78.64,2,0
9613,3393,41,1,1,5,0,15,175208,34,24,63,73.91,10,100,1,1
9614,2315,24,0,1,0,0,1,46226,50,2,33,94,4.53,53.92,3,0
9615,5107,41,1,0,0,0,20,114168,51,3,76,94.65,8.69,85.5,1,1
9616,5128,30,0,0,0,2,5,140673,52,15,31,98.74,10,92.22,1,1
9617,8489,59,0,3,1,0,33,177269,46,4,0,77.8,10,86.85,1,1
9618,2824,58,0,2,5,0,31,98513,55,12,75,92.58,10,100,1,1
9619,3205,23,0,3,5,0,2,101529,39,21,48,85.44,8.86,100,1,1
9620,2311,36,0,5,0,2,10,103947,31,22,75,89.28,9.89,100,1,1
9621,8191,42,1,2,4,0,15,98680,48,15,73,70.37,8.47,100,1,1
9622,5683,48,1,4,3,0,21,105736,42,15,16,95.73,8.74,100,1,1
9623,6075,56,1,4,3,0,35,98283,57,20,68,80.73,10,100,1,1
9624,7655,48,0,0,4,2,27,102566,60,19,6,92.47,9.4,100,1,1
9625,2640,33,1,1,3,0,13,47334,30,4,72,91.92,5.8,65.37,0,0
9626,7263,52,0,3,3,0,30,132116,48,22,26,86.38,8.89,100,1,1
9627,4573,44,1,1,2,0,22,112103,49,14,41,89.18,9.58,100,1,1
9628,2171,28,1,3,1,2,3,145333,44,23,8,73.69,10,99.26,1,1
9629,6757,35,0,0,2,2,14,114294,48,22,12,94.13,9.86,100,1,1
9630,7462,53,0,5,5,2,32,114440,32,17,24,77.36,9.11,100,1,1
9631,6834,40,0,1,1,3,13,91418,59,3,33,98.38,7.71,77.74,2,1
9632,8344,57,1,5,5,0,31,99617,46,5,33,71.63,10,93.4,1,1
9633,880,52,1,4,3,0,31,145091,33,9,67,87.86,10,100,1,1
9634,4509,35,1,6,4,0,8,156524,43,15,0,74.34,9.43,96.83,1,1
9635,425,31,0,1,0,1,10,98177,40,7,23,73.76,9.18,82.36,2,0
9636,3255,30,0,4,3,1,3,85452,59,15,21,83.65,8.37,82,2,1
9637,6771,45,0,3,4,2,21,88774,40,1,16,94.35,7.88,74.24,2,0
9638,5502,34,1,0,0,0,11,62622,33,1,26,88.92,5.96,55.94,0,0
9639,4021,31,0,5,3,2,7,43279,37,3,4,86.17,3.56,40,3,0
9640,125,32,1,5,3,0,11,147043,42,22,62,74.65,10,100,1,1
9641,5856,24,0,0,4,0,4,57256,38,4,51,98.2,5.99,57.97,0,0
9642,5508,44,1,1,0,3,23,111684,33,17,11,80.43,10,98.49,1,1
9643,6667,51,1,3,1,0,30,142414,43,21,64,97.23,10,100,1,1
9644,8694,58,0,5,1,0,38,171689,59,18,9,70.88,10,100,1,1
9645,312,48,1,4,3,2,24,147796,50,19,22,98.1,9.69,100,1,1
9646,1161,27,1,3,4,0,4,65074,43,4,21,96.66,7.59,67.13,0,0
9647,5421,56,0,2,2,0,33,116932,53,16,73,87.29,10,100,1,1
9648,5792,40,0,0,4,0,18,168112,56,20,63,95.64,10,100,1,1
9649,4581,54,0,6,3,2,29,170176,57,4,48,88.45,10,93.49,1,1
9650,554,51,1,4,2,0,28,112584,59,17,59,95.26,10,100,1,1
9651,2455,25,1,5,3,0,3,76191,50,3,34,85.48,6.15,58.34,0,0
9652,1059,47,0,5,0,0,27,43585,36,8,7,76.97,6.85,66.89,0,0
9653,4318,46,0,2,2,0,23,168965,47,18,7,98.63,10,100,1,1
9654,4296,29,1,1,1,0,9,151581,44,16,9,74.6,10,96.87,1,1
9655,5959,34,1,1,3,1,11,130931,59,14,21,89.28,7.89,87.06,1,1
9656,4564,30,1,3,2,3,9,69093,30,5,26,92.94,4.57,59.06,0,0
9657,7176,26,0,2,3,0,1,146218,34,18,40,85.42,8.16,88.45,1,1
9658,3680,56,0,4,0,0,32,171439,30,24,20,91.55,9.9,100,1,1
9659,3696,22,0,4,5,0,1,132841,54,23,15,82.2,9.1,99.03,1,1
9660,439,47,0,3,4,2,22,111684,54,24,38,78.63,9.9,100,1,1
9661,5170,26,1,0,3,0,6,144390,44,17,25,97.5,9.66,97.03,1,1
9662,6639,30,1,5,5,0,5,49366,54,7,21,85.26,6.22,59.03,0,0
9663,7977,35,1,0,3,0,13,154757,37,22,59,71.17,10,100,1,1
9664,4716,27,1,4,1,2,1,112182,40,5,71,77.65,9.19,82.71,2,0
9665,3438,58,0,5,2,2,33,129102,56,15,38,90.42,10,100,1,1
9666,3937,40,1,4,3,0,14,114675,48,14,63,95.63,10,100,1,1
9667,1377,40,1,2,0,0,15,70932,35,7,1,90.49,8.64,78.73,2,0
9668,6957,29,0,4,1,0,4,102799,42,20,0,95.82,9.76,95.18,1,1
9669,3560,29,0,0,0,0,3,43808,54,1,37,79.15,7.15,50.89,3,0
9670,3762,35,1,4,0,2,15,114977,40,21,15,86.15,8.73,100,1,1
9671,8961,30,0,4,5,1,5,105663,47,7,29,97.06,8.89,79.22,2,1
9672,5540,33,0,4,4,3,7,103107,32,13,69,75.22,9.19,89.01,1,1
9673,6559,58,1,4,4,0,34,159615,39,24,14,80.57,8.4,100,1,1
9674,2753,51,0,4,0,0,27,152226,43,24,64,78.18,9.39,100,1,1
9675,472,47,0,6,4,1,20,159492,39,6,60,92.98,10,100,1,1
9676,4048,44,1,2,0,2,18,43606,38,7,4,76.55,5.48,59.31,0,0
9677,1425,59,1,1,4,0,36,101834,53,18,57,72,8.81,100,1,1
9678,148,43,0,5,1,0,20,121179,40,3,19,95.83,8.26,87.26,1,1
9679,2320,51,0,6,2,0,31,129275,34,16,5,84.17,10,100,1,1
9680,6446,22,0,4,3,2,1,42514,48,8,7,73.18,5.73,64.91,0,1
9681,2689,22,0,3,3,0,2,43347,52,1,45,86.62,7.4,65.51,0,0
9682,5593,52,1,0,5,0,28,140280,59,23,74,75.54,9.37,100,1,1
9683,8623,46,0,4,1,2,19,106966,33,6,31,95.14,9.84,85.07,1,1
9684,9077,53,0,5,3,0,29,101106,40,12,51,70.96,10,100,1,1
9685,4605,29,1,1,1,0,6,58728,54,12,36,71.02,5.29,59.45,0,0
9686,3476,47,0,0,2,2,26,109764,58,6,58,76.36,8.68,84.12,2,0
9687,3615,44,0,3,5,2,21,121524,34,15,24,93.03,9.19,85.44,1,1
9688,966,56,0,2,5,0,35,107695,53,2,68,71.71,9.07,97.9,1,1
9689,879,42,1,6,1,2,21,129119,52,16,55,91.81,10,100,1,1
9690,3841,42,0,0,3,0,21,96034,45,4,66,90.77,8.73,100,1,1
9691,7616,34,0,4,4,2,8,157417,45,21,22,98.51,9.69,100,1,1
9692,997,40,0,5,0,2,18,118191,60,4,71,94.83,8.14,79.93,2,0
9693,8071,46,1,5,3,3,24,153063,55,20,22,82.33,9.75,100,1,1
9694,5448,42,1,5,0,0,17,118298,46,12,73,75.1,10,100,1,1
9695,6332,31,1,6,5,0,6,113608,43,15,53,70.15,10,90.58,1,1
9696,6309,25,1,1,2,0,1,158288,50,14,70,76,8.32,95.06,1,1
9697,7489,29,1,3,5,0,4,141922,54,21,32,87.67,9.76,100,1,1
9698,4544,54,1,3,1,2,29,171046,58,21,58,78.59,10,100,1,1
9699,7069,59,1,0,5,0,38,106041,39,18,49,79.54,10,100,1,1
9700,5098,22,0,5,1,3,1,61186,46,12,30,73.36,5.87,71.64,2,1
9701,3634,45,0,5,0,3,20,165903,52,10,26,80,7.71,89.57,1,1
9702,3339,25,0,4,3,2,1,38407,35,1,28,89.31,4.45,46.58,3,0
9703,6308,34,0,1,4,0,11,78446,40,5,18,81.57,5.93,55.18,0,0
9704,1895,35,0,5,4,0,13,94732,38,11,23,88.24,7.29,78.09,2,0
9705,6509,42,0,3,0,2,16,58641,59,4,31,73.82,6.59,61.87,0,0
9706,4859,32,0,1,4,2,5,128147,44,21,48,87.35,8.85,100,1,1
9707,4822,59,0,2,2,0,37,109590,52,19,0,74.58,10,100,1,1
9708,2872,59,0,4,4,1,36,164660,36,7,47,86.83,8.85,100,1,1
9709,6351,26,1,5,1,2,1,70654,37,16,13,72,9.45,82.3,2,0
9710,822,54,1,4,1,0,33,92394,55,2,35,94.62,5.74,70.96,2,1
9711,2217,44,1,0,3,2,18,118485,59,7,61,78.8,8.08,82.54,2,0
9712,4637,50,0,0,2,1,25,61903,54,6,6,70.01,7.11,70.97,2,0
9713,8518,47,0,2,1,0,20,113226,37,6,42,78.84,7.69,88.1,1,1
9714,2700,22,0,6,1,0,2,119582,30,6,74,98.92,6.82,78,2,1
9715,2101,47,1,4,0,0,26,77397,60,1,26,81.64,7.25,65.63,0,0
9716,6496,41,1,2,4,2,21,107736,53,4,35,86.35,8.25,88.27,1,1
9717,4312,26,0,2,3,0,6,165562,38,17,18,72,8.81,90.89,1,1
9718,307,31,0,0,1,0,8,61868,55,5,39,90.61,5.98,71.69,2,1
9719,6399,48,1,3,0,0,26,97464,30,12,41,76.41,9.05,91.21,1,1
9720,6926,45,1,3,2,1,21,112893,37,16,8,78.5,10,100,1,1
9721,4117,57,1,0,5,0,31,178175,52,13,2,75.75,7.46,96.66,1,1
9722,5752,27,1,1,3,2,1,155933,42,18,52,87.39,9.92,90.83,1,1
9723,8848,45,1,6,3,0,19,162266,33,11,18,77.59,10,98.07,1,1
9724,8264,40,1,6,4,2,13,87610,40,13,42,77.59,9.99,82.66,2,0
9725,4794,30,1,1,4,1,9,97456,34,12,50,80.23,7.91,87.3,1,1
9726,1579,35,1,0,5,0,13,108995,59,22,15,96.78,10,100,1,1
9727,4254,35,0,5,5,0,15,93105,51,18,78,73.81,9.3,100,1,1
9728,7576,42,1,5,0,1,15,116002,32,24,60,80.66,9.68,100,1,1
9729,6558,42,0,1,5,2,20,106390,34,21,47,81.59,8.95,100,1,1
9730,110,33,0,5,0,2,10,66566,42,1,55,80.19,7.79,67.46,0,0
9731,5784,52,1,4,3,2,32,75700,35,3,10,77.56,7.61,78.49,2,1
9732,1993,29,0,0,1,0,2,125010,54,22,22,89.23,9.89,95.51,1,1
9733,8199,59,1,0,2,1,39,122338,45,19,3,84.84,10,100,1,1
9734,6083,22,0,3,5,0,1,60798,38,10,14,77.23,7.44,68.3,0,0
9735,1727,40,1,0,1,0,18,137818,44,23,50,90.69,10,100,1,1
9736,743,45,0,1,2,1,25,178120,36,10,19,95.56,9.67,96.63,1,1
9737,6702,29,0,0,0,1,9,178777,34,14,32,96,8.29,90.28,1,1
9738,8690,24,0,5,0,0,1,69716,49,7,13,73.51,6.12,57.65,0,1
9739,4790,52,1,6,2,0,30,127795,47,10,16,73.4,8.74,90.96,1,1
9740,1642,40,1,0,3,2,15,107337,41,8,23,88.83,8.39,81.52,2,0
9741,1793,44,0,2,0,3,20,92378,32,6,76,98.58,10,94.35,1,1
9742,6280,58,1,2,3,0,34,158002,37,19,58,78.17,8.86,100,1,1
9743,8151,58,0,4,2,3,37,160318,49,19,66,97.73,8.55,100,1,1
9744,1603,28,0,5,5,3,4,155092,53,24,9,94.8,8.59,100,1,1
9745,3714,51,0,6,2,0,29,99383,46,16,37,90.43,10,100,1,1
9746,132,32,1,3,4,0,11,167377,38,9,6,98.84,8.07,88.04,1,1
9747,6953,54,0,4,4,1,29,113518,48,24,54,90.47,10,100,1,1
9748,7474,59,0,5,2,0,33,139152,36,13,53,95.63,8.92,100,1,1
9749,2142,24,1,4,3,2,1,48392,41,10,61,76.41,7.26,67.86,0,0
9750,8051,43,0,2,5,2,19,94571,39,16,55,99.05,10,100,1,1
9751,8482,38,0,4,1,1,18,117393,46,17,63,84.63,10,100,1,1
9752,8914,46,0,2,2,0,20,60520,58,9,17,95.62,8.09,84.59,2,0
9753,8417,39,0,6,3,0,19,138600,51,18,47,94.44,8.36,100,1,1
9754,10,22,1,1,1,2,1,131329,42,24,69,76.39,10,100,1,1
9755,958,47,1,1,4,2,21,141997,40,8,4,97.25,8.48,88.91,1,1
9756,1808,28,1,4,4,0,7,121718,59,16,63,74.89,9.83,94.35,1,1
9757,8427,52,1,1,2,3,27,111560,49,9,37,98.74,8.94,100,1,1
9758,8917,57,1,2,1,0,31,140654,45,4,45,97.5,9.47,100,1,1
9759,2094,56,1,0,0,0,31,76158,57,3,35,72.28,8.31,77.73,2,1
9760,8743,23,0,3,1,1,2,102754,39,8,75,92.92,7.9,83.82,2,1
9761,6173,49,0,5,5,0,25,102900,53,5,30,80.86,7.32,77.76,2,0
9762,2901,25,0,5,3,0,2,44036,48,5,30,96.52,4.88,66.64,0,0
9763,2425,39,0,4,2,0,17,84222,58,7,20,86.1,8.4,83.06,2,1
9764,1723,45,0,4,5,0,23,139571,44,17,55,97.75,9.98,100,1,1
9765,614,26,0,6,4,3,1,171777,60,14,75,97.86,10,89.92,1,1
9766,2884,26,0,2,3,0,1,65220,37,13,46,74.49,6.69,72.53,2,0
9767,4238,46,0,1,4,0,22,157219,44,4,35,89.12,10,100,1,1
9768,4074,40,0,5,3,1,16,150983,47,16,45,78.63,9.51,100,1,1
9769,6506,51,0,2,4,0,28,175844,34,3,24,83.94,8.4,87.19,1,1
9770,4803,34,1,2,0,2,11,166873,54,24,30,74.07,8.9,100,1,1
9771,7326,33,0,4,0,3,6,91186,31,21,56,80.5,10,100,1,1
9772,63,41,1,6,4,0,21,130434,53,6,21,80.29,8.71,85.01,1,1
9773,2448,37,1,5,4,0,15,108556,55,17,7,91.79,9.18,97.24,1,1
9774,1823,59,0,0,5,2,34,160503,48,20,68,80.78,10,100,1,1
9775,6730,29,0,5,4,0,5,74563,34,8,63,74.03,7.15,77.63,2,0
9776,8993,40,1,6,2,0,14,140249,42,11,62,72.13,10,100,1,1
9777,8443,49,0,1,4,0,22,150607,48,8,18,94.04,10,99.85,1,1
9778,9053,30,0,6,2,1,3,69909,38,13,52,79.11,8.84,78.24,2,0
9779,8942,45,0,5,5,2,18,101658,55,13,78,82.34,10,100,1,1
9780,2873,43,0,4,0,1,22,112870,31,19,14,84.53,10,100,1,1
9781,4133,47,1,3,1,0,26,148879,54,18,11,79.41,10,100,1,1
9782,4688,25,1,6,4,0,4,61565,34,5,13,98.03,5.88,66.59,0,0
9783,9365,50,1,3,0,1,30,144143,32,4,44,75.94,7.73,90.34,1,1
9784,6057,42,0,5,1,0,18,107214,55,12,29,77.19,8.61,80.58,2,0
9785,6583,47,1,2,1,0,25,120269,32,11,52,89.09,10,87.05,1,1
9786,23,55,0,0,0,0,28,175568,31,22,67,90.69,10,100,1,1
9787,488,40,0,6,3,1,17,94871,38,1,65,91.29,7.91,86.24,1,1
9788,1939,31,0,3,2,2,8,178227,44,15,23,85.78,9.87,99.78,1,1
9789,4682,22,0,5,2,0,1,124555,35,16,74,74.99,8.63,95.03,1,1
9790,1711,35,1,0,0,2,12,66198,52,1,43,81.54,5.23,60.74,0,1
9791,198,26,1,3,4,0,1,145169,34,20,68,85.65,9.09,100,1,1
9792,5280,31,1,6,0,0,10,75175,52,15,36,76.44,6.37,84.98,2,1
9793,4028,23,0,3,1,0,1,173870,45,13,16,98.61,10,98.18,1,1
9794,54,48,0,0,4,2,26,174284,54,19,17,74.13,10,100,1,1
9795,407,29,1,6,2,1,3,143691,36,14,33,71.19,8.13,85.21,1,1
9796,7372,46,1,6,5,2,19,141698,34,13,30,99.57,8.8,100,1,1
9797,5835,27,0,1,0,0,1,127845,40,13,61,97.44,10,87.31,1,1
9798,6442,58,0,1,5,3,37,135748,40,5,11,79.63,10,100,1,1
9799,1151,34,0,4,0,0,10,100391,57,21,21,92.4,10,95.45,1,1
9800,7305,22,1,3,2,2,1,151815,38,20,58,85.14,9.84,100,1,1
9801,6725,55,0,4,5,1,33,99178,30,11,13,89.62,9.86,100,1,1
9802,1414,47,1,1,0,0,22,93171,49,9,53,93.95,9.26,100,1,1
9803,7706,48,1,3,5,1,21,101768,39,18,32,73.22,10,100,1,1
9804,8143,23,0,1,5,0,1,78158,60,3,52,99.41,7.24,67.61,0,0
9805,823,43,0,5,0,2,16,56206,54,9,13,72.54,8.86,68.03,0,0
9806,2250,40,0,3,3,2,20,112085,30,21,42,81.05,10,100,1,1
9807,100,37,1,0,2,0,15,149284,43,7,71,71.67,9.11,89.6,1,1
9808,5493,47,1,6,2,0,24,148650,58,22,37,80.97,9.91,100,1,1
9809,989,58,1,0,0,0,37,156685,53,16,62,79.27,7.27,100,1,1
9810,430,56,1,3,3,3,32,118257,36,3,27,95.25,8.98,88.44,1,1
9811,6158,26,0,0,2,2,1,44137,59,4,11,89.29,5.24,40.37,3,0
9812,7532,41,1,1,0,2,21,153889,46,19,38,80.97,9.75,100,1,1
9813,2999,43,0,1,4,0,20,116324,36,23,70,91.12,9.75,100,1,1
9814,1015,38,1,3,2,0,11,174806,30,17,32,95.21,9.18,87.38,1,1
9815,1590,23,1,3,1,2,3,98212,57,15,1,82.82,8.94,86.8,1,1
9816,6066,44,1,1,0,1,24,117553,35,1,17,99.91,8.42,80.33,2,0
9817,551,35,0,3,2,0,11,83367,58,19,19,71.68,8.19,83.47,2,1
9818,3887,58,1,1,2,0,37,158848,35,11,25,75.52,10,100,1,1
9819,3607,51,0,4,1,2,26,114527,58,20,15,76.83,9.6,100,1,1
9820,5203,23,1,3,0,3,2,65179,52,14,23,72.72,6.68,69.7,0,0
9821,8835,28,1,1,4,2,2,46074,39,9,25,74.5,6.02,69.93,0,0
9822,4227,37,0,4,2,0,16,168065,38,22,46,91.06,10,100,1,1
9823,5867,46,0,5,0,2,25,92847,33,12,79,79.78,9.51,100,1,1
9824,8727,39,0,0,5,3,19,158116,41,2,66,80.49,10,99.56,1,1
9825,6605,55,0,6,2,0,28,92384,59,5,1,83.2,9.08,84.69,2,0
9826,7041,57,0,2,4,0,37,126846,51,6,76,77.37,9.29,100,1,1
9827,217,57,0,6,0,0,36,128294,37,12,62,85.85,10,100,1,1
9828,6577,39,0,1,0,0,15,68545,48,3,19,79.8,6.92,72.16,2,1
9829,6041,49,0,0,1,0,23,146614,56,23,34,70.75,10,100,1,1
9830,5043,36,0,2,5,2,15,97658,50,2,48,82.67,9.92,87.23,1,1
9831,7272,54,1,4,1,0,28,46602,55,2,10,76.33,7.51,69.7,0,1
9832,1486,22,1,6,0,2,1,150241,43,22,47,92.56,8.92,100,1,1
9833,5060,31,1,1,1,0,9,126879,48,11,20,80.1,10,100,1,1
9834,774,53,0,6,2,2,28,106611,50,21,13,71.17,9.98,100,1,1
9835,6274,42,0,1,0,0,17,32287,49,2,1,70.31,4.7,52.57,3,0
9836,914,41,1,1,0,0,16,126744,44,17,8,95.36,10,100,1,1
9837,6493,29,1,6,0,0,2,56976,52,10,0,95.13,8.43,68.44,0,0
9838,898,32,0,3,3,0,8,117300,49,16,53,94.46,10,100,1,1
9839,8413,44,1,6,1,2,19,135134,60,8,64,95.39,9.84,98.51,1,1
9840,2050,30,0,6,0,2,9,127708,52,18,76,92.15,9.55,100,1,1
9841,8057,26,1,6,5,0,1,46451,44,2,17,82.7,5.95,53.41,3,0
9842,3383,31,1,6,1,0,4,115551,36,10,48,92.68,8.77,86.96,1,1
9843,3890,54,1,6,3,2,32,167900,46,8,44,85.03,10,100,1,1
9844,667,55,0,6,0,0,30,93202,49,2,21,89.74,9.62,98.45,1,1
9845,1466,23,1,0,5,2,3,149437,38,21,56,84.81,10,100,1,1
9846,4808,22,1,4,1,2,1,134295,45,8,65,87.75,9.39,86.47,1,1
9847,2179,50,0,4,1,0,26,125094,44,12,71,83.02,8.03,100,1,1
9848,3160,37,0,1,0,0,16,176453,41,24,77,96.45,10,100,1,1
9849,3766,24,1,1,5,0,1,130736,60,13,60,91.43,8.39,87.2,1,1
9850,536,53,1,4,5,0,31,103199,53,24,9,75.43,10,100,1,1
9851,7696,43,0,5,5,0,23,164030,30,18,18,93.03,10,100,1,1
9852,7965,41,0,1,4,2,19,76769,60,9,13,77.71,7.01,71.61,2,1
9853,6988,51,0,2,4,2,28,157510,50,1,38,96.35,9.26,90.38,1,1
9854,8067,53,1,4,0,2,29,132381,39,14,3,76.89,9.16,100,1,1
9855,2056,50,0,3,4,0,23,91203,46,4,77,74.33,8.72,82.92,2,1
9856,2097,59,1,0,5,0,36,164136,37,16,53,79.5,10,100,1,1
9857,8940,30,0,5,1,0,6,107589,42,14,2,74.82,10,80.86,2,1
9858,8043,40,1,3,2,3,20,110483,48,13,68,83.97,9.65,100,1,1
9859,9352,28,1,3,4,3,2,104335,46,17,5,96.96,10,94.6,1,1
9860,1875,55,0,4,1,2,35,163416,50,16,33,71.16,10,100,1,1
9861,172,42,1,3,0,1,20,126224,53,23,26,80.1,10,100,1,1
9862,2529,30,0,2,4,3,9,91400,39,14,77,92.36,8.16,100,1,1
9863,6037,52,1,4,5,2,29,131468,31,9,76,95.5,10,100,1,1
9864,5735,39,1,1,2,3,17,112622,54,18,6,93.95,10,100,1,1
9865,7195,58,0,4,4,1,36,104098,49,17,10,75.47,10,100,1,1
9866,6316,48,1,5,3,2,21,167546,56,11,33,92.77,10,100,1,1
9867,7604,58,1,2,5,1,35,148310,45,20,50,74.3,10,100,1,1
9868,2847,37,1,3,0,0,12,76091,48,12,0,85.04,7.93,76.59,2,0
9869,1437,39,1,0,5,2,13,83695,34,9,54,82.26,7.75,74.8,2,0
9870,7447,57,0,2,5,2,31,150805,42,24,10,72.34,9.91,100,1,1
9871,7918,40,1,5,0,3,20,148702,56,4,56,94.11,9.36,97.58,1,1
9872,4495,30,1,4,2,0,9,58621,31,8,21,81.86,7.14,64.08,0,0
9873,4428,57,0,3,5,0,33,170467,33,21,76,71.03,9.87,100,1,1
9874,6555,42,1,1,1,0,22,166942,51,23,13,93.19,8.39,100,1,1
9875,4246,52,0,5,0,0,26,170652,39,17,16,93.28,10,100,1,1
9876,7602,28,1,6,2,0,7,172771,44,9,43,99.96,8.7,98.63,1,1
9877,3046,24,0,6,3,2,1,48391,41,3,51,86.41,6.03,57.69,0,0
9878,2724,22,0,5,4,2,1,42816,32,4,79,75.92,6.34,61.87,0,1
9879,8849,29,0,3,0,2,9,57598,58,8,76,76.93,6.78,62.71,0,0
9880,3554,25,0,1,5,2,2,69599,50,15,7,76,8.64,79.34,2,0
9881,6038,31,0,2,2,3,11,106714,39,20,44,77.89,10,100,1,1
9882,1797,37,0,5,2,2,16,125470,47,13,57,98.34,9.42,100,1,1
9883,6525,44,1,1,4,1,19,176655,40,13,15,85.49,9.98,100,1,1
9884,4184,43,0,3,1,2,20,111105,57,24,44,86.93,9.08,100,1,1
9885,2736,33,0,0,1,2,8,41121,32,1,26,92.56,5.3,52.25,3,0
9886,6257,31,0,6,0,0,8,142528,50,12,42,95.67,9.56,89.68,1,1
9887,8274,24,1,5,3,3,4,174293,57,17,34,71.63,9.92,93.94,1,1
9888,4630,55,0,0,0,0,34,148061,48,2,55,85.48,10,100,1,1
9889,8756,37,1,6,5,2,13,82992,35,7,16,96.83,9.61,77.99,2,0
9890,130,30,0,1,1,2,8,48079,32,1,7,73.37,3.89,40,3,0
9891,2337,24,1,3,3,1,1,58417,32,6,23,97.93,6.92,55.06,0,0
9892,7894,49,0,6,2,2,23,167602,45,23,76,82.83,10,100,1,1
9893,147,31,0,3,0,0,8,91537,36,22,65,85.29,10,100,1,1
9894,833,27,1,6,3,2,1,153071,39,15,52,90.65,9.92,92.74,1,1
9895,819,39,0,5,0,0,19,104896,47,21,57,77.79,10,100,1,1
9896,2035,38,0,2,4,3,17,160360,51,8,52,97.06,10,100,1,1
9897,911,39,1,2,3,0,19,121288,47,11,9,92.32,8.88,94.58,1,1
9898,2267,22,0,4,1,1,1,118603,58,13,23,97.76,7.02,83.44,2,1
9899,32,40,0,3,3,0,17,114731,56,18,75,98.94,10,100,1,1
9900,4873,30,1,0,4,0,8,147606,43,16,11,90.95,9.64,100,1,1
9901,3197,26,1,1,5,0,1,173608,38,13,72,78.72,10,91.27,1,1
9902,8604,33,0,1,4,0,10,67773,37,4,39,79.29,5.47,56.03,0,1
9903,2199,40,1,4,3,0,19,134440,41,20,35,97.43,9.76,100,1,1
9904,5893,29,0,4,1,2,3,161401,54,16,32,81.67,8.44,90.67,1,1
9905,7599,55,0,1,3,0,30,111825,53,23,24,89.75,9.34,100,1,1
9906,5578,56,1,4,0,2,29,134694,43,19,25,72.23,10,100,1,1
9907,4562,37,0,1,2,0,17,119539,54,17,5,73.61,8.23,92.56,1,1
9908,929,53,0,5,2,0,31,113845,32,2,47,93.67,9.43,91.16,1,1
9909,6078,33,1,5,2,2,9,153997,44,15,65,84.13,8.24,100,1,1
9910,3126,31,1,4,3,0,10,146620,50,20,9,76.66,10,100,1,1
9911,3788,22,1,4,4,2,1,41274,50,3,12,87.85,6.49,44.84,3,0
9912,4723,48,1,5,5,3,24,91502,36,21,25,79.36,10,100,1,1
9913,8372,39,0,5,5,0,17,94588,48,14,55,85.94,10,100,1,1
9914,1744,26,1,6,1,3,1,104538,40,19,57,81.23,9.37,95.36,1,1
9915,1084,59,1,0,5,2,35,99128,47,24,61,72.37,10,100,1,1
9916,8046,41,1,1,1,0,18,115949,33,23,41,85.16,9.21,100,1,1
9917,6023,31,1,3,3,2,7,145905,58,21,14,99.81,8.89,91.44,1,1
9918,2614,47,0,1,4,2,23,120659,38,19,15,72.79,8.15,100,1,1
9919,9350,37,0,2,2,0,14,149626,44,20,2,73.59,10,100,1,1
9920,6248,50,0,0,5,2,25,95233,42,4,35,91.4,8.94,92.02,1,1
9921,4715,28,1,4,2,0,2,161052,38,22,22,85.16,7.47,86.94,1,1
9922,5781,41,0,2,5,0,14,74686,30,8,58,75.15,7.38,73.29,2,1
9923,4182,46,0,4,0,0,21,100500,38,24,12,79.52,9.3,100,1,1
9924,3149,34,0,6,3,2,12,70344,54,16,4,86.61,9.24,84.93,2,1
9925,3599,49,1,1,4,0,22,85422,48,6,14,79.42,8.94,83.62,2,0
9926,2837,56,0,3,0,3,33,98855,40,20,72,77.83,9.54,100,1,1
9927,2564,46,0,2,3,2,24,110243,43,22,44,97.91,10,100,1,1
9928,8592,38,0,1,1,0,12,141849,48,11,31,93.15,8.85,99.47,1,1
9929,5475,30,1,1,0,2,7,44064,36,5,4,89.97,7.47,62.79,0,0
9930,1792,36,1,2,3,1,10,77037,36,3,35,71.91,6.63,65.18,0,0
9931,6972,25,1,1,1,0,4,114052,34,20,28,96.12,9.33,97.67,1,1
9932,7782,23,0,2,1,0,1,94762,45,8,46,76.97,8.03,75.25,2,0
9933,2518,31,0,0,0,1,10,77910,40,3,61,95.61,6.69,77.84,2,1
9934,3627,51,0,0,5,2,29,140291,50,9,74,96.25,8.89,100,1,1
9935,4209,55,1,0,1,0,32,154426,53,10,66,81.27,10,100,1,1
9936,1912,40,1,3,3,0,17,105101,46,18,41,92.51,9.77,100,1,1
9937,8970,47,1,4,4,0,26,176336,41,8,73,99.28,10,100,1,1
9938,3656,36,1,3,4,2,13,92551,34,21,9,99.92,10,100,1,1
9939,9233,55,1,5,4,0,33,133685,31,22,59,95.35,9.85,100,1,1
9940,1476,28,1,1,0,0,5,85471,51,11,26,77.48,8.43,79.95,2,1
9941,7082,58,1,6,4,2,37,128386,46,8,51,74.74,10,100,1,1
9942,6933,45,1,5,5,2,23,104988,34,14,3,71.23,8.08,85.16,1,1
9943,8254,29,0,3,2,0,7,41501,51,2,25,73.98,7.21,57.51,0,0
9944,5219,38,1,5,2,0,18,131692,43,15,12,98.18,10,100,1,1
9945,9185,54,1,2,3,2,33,153947,31,2,62,95.79,9.69,87.07,1,1
9946,4174,33,0,6,2,1,9,138449,36,21,13,76.14,8.35,93.07,1,1
9947,7792,37,0,2,3,0,16,163599,54,10,63,72.42,8.28,95.39,1,1
9948,5652,55,1,3,1,0,29,93867,51,21,1,84.15,8.56,100,1,1
9949,5786,27,1,1,1,0,2,38341,35,2,7,87.54,5.06,52.08,3,0
9950,8408,25,1,1,3,2,5,152448,58,24,66,75.19,10,100,1,1
9951,9239,34,1,3,1,0,9,97108,30,18,63,97.48,10,100,1,1
9952,2894,56,0,6,1,0,31,83625,57,1,50,91.15,8.33,71.38,2,0
9953,946,55,1,0,3,1,28,132362,50,23,14,85.19,9.5,100,1,1
9954,7299,45,1,6,0,1,20,160562,39,7,33,73.29,9.6,89.13,1,1
9955,7001,22,0,3,0,1,1,53446,49,4,35,78.56,5.78,68.62,0,1
9956,6146,37,0,4,5,0,16,96334,45,21,7,75.54,9.93,100,1,1
9957,9258,36,1,0,1,0,10,32298,38,2,32,72.22,5.74,47.11,3,0
9958,70,59,0,6,5,0,37,148303,56,18,74,94.09,10,100,1,1
9959,6490,49,0,4,1,2,23,91730,32,9,51,99.54,9.55,100,1,1
9960,4762,51,1,3,3,1,29,124597,55,14,9,99.31,10,100,1,1
9961,6330,35,0,1,1,3,13,72111,54,12,26,87.9,8.38,77.46,2,1
9962,1940,51,1,0,3,0,24,174359,43,18,11,81.68,10,100,1,1
9963,6185,45,1,2,3,2,21,166871,38,8,73,70.49,7.79,91.46,1,1
9964,6422,29,1,5,3,2,7,174423,53,16,54,74.19,9.22,100,1,1
9965,1082,30,0,5,1,0,7,65716,52,8,14,82.63,6.03,59.15,0,0
9966,8049,30,0,2,0,1,3,167000,56,18,40,87.96,8.76,91.99,1,1
9967,3122,58,0,3,1,2,35,100409,32,4,57,95.74,9.13,100,1,1
9968,3446,55,0,3,1,2,35,101889,31,7,13,93.18,8.94,91.78,1,1
9969,3577,55,0,1,4,0,34,131604,53,14,74,70.49,9.9,100,1,1
9970,75,43,0,0,3,0,18,97977,49,3,32,98.04,7.27,78.99,2,1
9971,34,38,1,2,5,0,15,163329,36,18,22,90.4,9.21,98.15,1,1
9972,2705,36,1,5,5,0,15,49073,60,5,34,84.01,4.54,68.41,0,0
9973,56,24,0,3,5,2,1,169019,36,17,65,74.97,10,100,1,1
9974,7153,23,0,5,1,0,1,79787,54,2,56,92.46,5.32,62.89,0,0
9975,4956,57,1,0,5,2,34,96521,38,9,24,93.51,8.31,100,1,1
9976,3592,39,1,1,5,0,13,153884,54,20,56,89.3,9.39,100,1,1
9977,8269,32,1,4,0,2,9,159477,54,14,4,93.94,10,89.35,1,1
9978,1513,22,0,1,3,0,1,107870,50,15,68,79.96,8.11,75.78,2,0
9979,5808,39,1,2,4,2,15,92629,36,5,19,81.34,5.99,72.58,2,1
9980,9335,36,0,1,4,1,12,146781,38,18,35,94.44,9.92,100,1,1
9981,256,36,0,1,0,1,12,179308,40,20,26,86.22,9.57,100,1,1
9982,8321,41,1,1,0,1,15,117256,53,22,19,83.68,10,100,1,1
9983,4038,36,0,5,4,0,11,72531,58,5,2,91.47,5.57,55.63,0,0
9984,1498,33,1,1,2,2,13,119199,48,12,76,77.82,10,100,1,1
9985,9088,26,0,2,5,0,5,100382,35,4,47,98.01,8.57,72.86,2,0
9986,937,55,0,4,1,1,32,148157,34,23,79,78.13,10,100,1,1
9987,8469,23,0,3,3,0,1,131976,33,17,67,92.47,9.94,100,1,1
9988,9284,59,0,3,4,0,32,163109,46,13,16,74.51,10,99.41,1,1
9989,5541,52,0,4,1,2,25,109529,59,15,68,80.45,10,100,1,1
9990,3913,52,1,0,2,2,32,98287,56,15,23,87.98,10,100,1,1
9991,5278,42,1,4,2,0,18,156747,56,15,65,70.78,9.2,94.56,1,1
9992,3812,31,0,3,2,2,8,60160,31,6,21,94.54,7.25,71.79,2,1
9993,8398,22,1,6,4,0,1,154610,41,10,51,92.3,9.52,95.52,1,1
9994,3888,22,0,4,0,0,2,141649,48,19,30,86.51,9.47,100,1,1
9995,3561,25,1,1,4,3,1,48298,36,11,45,74.28,6.61,64.25,0,0
9996,9237,27,1,6,1,0,2,50738,50,4,75,98.62,7.02,64.8,0,0
9997,4622,28,1,2,0,0,1,102576,55,12,77,78.98,9.81,91.13,1,1
9998,9301,22,0,1,1,0,1,118993,41,10,0,98.58,7.13,76.97,2,0
9999,2311,46,1,0,5,0,22,120676,32,11,75,95.2,10,100,1,1
